expiry,tte,strike,forward,discount,mid,option_type,iv
2026-09-01,0.021917808219178082,7670.0,7667.453921096712,0.9992006232427212,54.15,call,0.1289585782447606
2026-09-01,0.021917808219178082,7675.0,7667.453921096712,0.9992006232427212,51.35,call,0.12791373226954153
2026-09-01,0.021917808219178082,7680.0,7667.453921096712,0.9992006232427212,48.65,call,0.12693337653937983
2026-09-01,0.021917808219178082,7685.0,7667.453921096712,0.9992006232427212,46.15,call,0.12623899951499173
2026-09-01,0.021917808219178082,7690.0,7667.453921096712,0.9992006232427212,43.75,call,0.1256081037731983
2026-09-01,0.021917808219178082,7695.0,7667.453921096712,0.9992006232427212,41.25,call,0.12458701049633271
2026-09-01,0.021917808219178082,7705.0,7667.453921096712,0.9992006232427212,36.599999999999994,call,0.12282738521026934
2026-09-01,0.021917808219178082,7710.0,7667.453921096712,0.9992006232427212,34.400000000000006,call,0.1219738792973864
2026-09-01,0.021917808219178082,7720.0,7667.453921096712,0.9992006232427212,30.4,call,0.1206778954484711
2026-09-01,0.021917808219178082,7725.0,7667.453921096712,0.9992006232427212,28.4,call,0.11975693564393818
2026-09-01,0.021917808219178082,7730.0,7667.453921096712,0.9992006232427212,26.65,call,0.11926568124515777
2026-09-01,0.021917808219178082,7745.0,7667.453921096712,0.9992006232427212,21.55,call,0.1170555738292177
2026-09-01,0.021917808219178082,7750.0,7667.453921096712,0.9992006232427212,20.0,call,0.11632222342733757
2026-09-01,0.021917808219178082,7755.0,7667.453921096712,0.9992006232427212,18.55,call,0.11566415288046593
2026-09-01,0.021917808219178082,7760.0,7667.453921096712,0.9992006232427212,17.2,call,0.11509058867511789
2026-09-01,0.021917808219178082,7765.0,7667.453921096712,0.9992006232427212,15.950000000000001,call,0.11461278246047694
2026-09-01,0.021917808219178082,7770.0,7667.453921096712,0.9992006232427212,14.75,call,0.11408897910613298
2026-09-01,0.021917808219178082,7775.0,7667.453921096712,0.9992006232427212,13.55,call,0.11335756606325727
2026-09-01,0.021917808219178082,7780.0,7667.453921096712,0.9992006232427212,12.600000000000001,call,0.11323575811651893
2026-09-01,0.021917808219178082,7785.0,7667.453921096712,0.9992006232427212,11.5,call,0.11241092088333202
2026-09-01,0.021917808219178082,7790.0,7667.453921096712,0.9992006232427212,10.5,call,0.11170589891666191
2026-09-01,0.021917808219178082,7795.0,7667.453921096712,0.9992006232427212,9.7,call,0.11152383180628367
2026-09-01,0.021917808219178082,7805.0,7667.453921096712,0.9992006232427212,8.15,call,0.11077306597236451
2026-09-01,0.021917808219178082,7810.0,7667.453921096712,0.9992006232427212,7.4,call,0.11018156985149198
2026-09-01,0.021917808219178082,7815.0,7667.453921096712,0.9992006232427212,6.65,call,0.10934839459868172
2026-09-01,0.021917808219178082,7820.0,7667.453921096712,0.9992006232427212,6.1,call,0.10922196059848802
2026-09-01,0.021917808219178082,7825.0,7667.453921096712,0.9992006232427212,5.6,call,0.10915945553502325
2026-09-01,0.021917808219178082,7830.0,7667.453921096712,0.9992006232427212,5.1,call,0.10890982318638964
2026-09-01,0.021917808219178082,7835.0,7667.453921096712,0.9992006232427212,4.550000000000001,call,0.10815909522737575
2026-09-01,0.021917808219178082,7840.0,7667.453921096712,0.9992006232427212,4.15,call,0.1080569008572666
2026-09-01,0.021917808219178082,7845.0,7667.453921096712,0.9992006232427212,3.8,call,0.10808716697653684
2026-09-01,0.021917808219178082,7855.0,7667.453921096712,0.9992006232427212,3.075,call,0.1074009803075365
2026-09-01,0.021917808219178082,7870.0,7667.453921096712,0.9992006232427212,2.3,call,0.10728330547888268
2026-09-01,0.021917808219178082,7200.0,7667.453921096712,0.9992006232427212,2.075,put,0.21167980483107957
2026-09-01,0.021917808219178082,7210.0,7667.453921096712,0.9992006232427212,2.175,put,0.2092516994591836
2026-09-01,0.021917808219178082,7225.0,7667.453921096712,0.9992006232427212,2.3,put,0.20506851016917588
2026-09-01,0.021917808219178082,7230.0,7667.453921096712,0.9992006232427212,2.35,put,0.2037593913151551
2026-09-01,0.021917808219178082,7240.0,7667.453921096712,0.9992006232427212,2.5,put,0.20176429325394327
2026-09-01,0.021917808219178082,7250.0,7667.453921096712,0.9992006232427212,2.6,put,0.19897362448828979
2026-09-01,0.021917808219178082,7280.0,7667.453921096712,0.9992006232427212,3.075,put,0.19216903098124571
2026-09-01,0.021917808219178082,7300.0,7667.453921096712,0.9992006232427212,3.45,put,0.18762120779402633
2026-09-01,0.021917808219178082,7330.0,7667.453921096712,0.9992006232427212,4.1,put,0.18059734856000084
2026-09-01,0.021917808219178082,7340.0,7667.453921096712,0.9992006232427212,4.4,put,0.17867823324850995
2026-09-01,0.021917808219178082,7350.0,7667.453921096712,0.9992006232427212,4.65,put,0.17616603389679325
2026-09-01,0.021917808219178082,7360.0,7667.453921096712,0.9992006232427212,4.949999999999999,put,0.17389172270228936
2026-09-01,0.021917808219178082,7365.0,7667.453921096712,0.9992006232427212,5.1,put,0.17268989141542748
2026-09-01,0.021917808219178082,7375.0,7667.453921096712,0.9992006232427212,5.5,put,0.17086644301759676
2026-09-01,0.021917808219178082,7380.0,7667.453921096712,0.9992006232427212,5.75,put,0.17020875197811108
2026-09-01,0.021917808219178082,7395.0,7667.453921096712,0.9992006232427212,6.3,put,0.16655956621241935
2026-09-01,0.021917808219178082,7400.0,7667.453921096712,0.9992006232427212,6.550000000000001,put,0.1656630865759269
2026-09-01,0.021917808219178082,7410.0,7667.453921096712,0.9992006232427212,7.1,put,0.16397237767053588
2026-09-01,0.021917808219178082,7415.0,7667.453921096712,0.9992006232427212,7.35,put,0.1628860927403985
2026-09-01,0.021917808219178082,7420.0,7667.453921096712,0.9992006232427212,7.65,put,0.16201757082190021
2026-09-01,0.021917808219178082,7425.0,7667.453921096712,0.9992006232427212,7.9,put,0.16081403626768967
2026-09-01,0.021917808219178082,7430.0,7667.453921096712,0.9992006232427212,8.25,put,0.16007755841069915
2026-09-01,0.021917808219178082,7440.0,7667.453921096712,0.9992006232427212,8.899999999999999,put,0.15812899037433364
2026-09-01,0.021917808219178082,7450.0,7667.453921096712,0.9992006232427212,9.5,put,0.15568430808804132
2026-09-01,0.021917808219178082,7470.0,7667.453921096712,0.9992006232427212,11.25,put,0.1524581543007847
2026-09-01,0.021917808219178082,7475.0,7667.453921096712,0.9992006232427212,11.7,put,0.15150318140557076
2026-09-01,0.021917808219178082,7505.0,7667.453921096712,0.9992006232427212,14.85,put,0.14582333370585923
2026-09-01,0.021917808219178082,7510.0,7667.453921096712,0.9992006232427212,15.3,put,0.1443366347107524
2026-09-01,0.021917808219178082,7515.0,7667.453921096712,0.9992006232427212,15.950000000000001,put,0.1434605455860173
2026-09-01,0.021917808219178082,7520.0,7667.453921096712,0.9992006232427212,16.8,put,0.14314930027105482
2026-09-01,0.021917808219178082,7525.0,7667.453921096712,0.9992006232427212,17.3,put,0.14159402452695263
2026-09-01,0.021917808219178082,7530.0,7667.453921096712,0.9992006232427212,18.2,put,0.14122980184540054
2026-09-01,0.021917808219178082,7540.0,7667.453921096712,0.9992006232427212,19.8,put,0.13954391703172023
2026-09-01,0.021917808219178082,7550.0,7667.453921096712,0.9992006232427212,21.5,put,0.13774519839441698
2026-09-01,0.021917808219178082,7555.0,7667.453921096712,0.9992006232427212,22.35,put,0.13669223487185153
2026-09-01,0.021917808219178082,7560.0,7667.453921096712,0.9992006232427212,23.3,put,0.13581649577818874
2026-09-01,0.021917808219178082,7570.0,7667.453921096712,0.9992006232427212,25.2,put,0.13374093277858415
2026-09-01,0.021917808219178082,7580.0,7667.453921096712,0.9992006232427212,27.45,put,0.13214637178107247
2026-09-01,0.021917808219178082,7585.0,7667.453921096712,0.9992006232427212,28.6,put,0.13123476101912165
2026-09-01,0.021917808219178082,7590.0,7667.453921096712,0.9992006232427212,29.75,put,0.1302047196462116
2026-09-01,0.021917808219178082,7595.0,7667.453921096712,0.9992006232427212,31.0,put,0.129303389648878
2026-09-01,0.021917808219178082,7600.0,7667.453921096712,0.9992006232427212,32.35,put,0.12852097444112842
2026-09-01,0.021917808219178082,7610.0,7667.453921096712,0.9992006232427212,35.0,put,0.12645053086057634
2026-09-01,0.021917808219178082,7615.0,7667.453921096712,0.9992006232427212,36.45,put,0.12551691618862168
2026-09-01,0.021917808219178082,7620.0,7667.453921096712,0.9992006232427212,38.0,put,0.12468075865464574
2026-09-01,0.021917808219178082,7625.0,7667.453921096712,0.9992006232427212,39.55,put,0.12370587373944572
2026-09-01,0.021917808219178082,7630.0,7667.453921096712,0.9992006232427212,41.25,put,0.12293256984517505
2026-09-01,0.021917808219178082,7635.0,7667.453921096712,0.9992006232427212,42.95,put,0.1220137895089403
2026-09-01,0.021917808219178082,7640.0,7667.453921096712,0.9992006232427212,44.65,put,0.1209486255622755
2026-09-01,0.021917808219178082,7645.0,7667.453921096712,0.9992006232427212,46.45,put,0.11995810487576236
2026-09-01,0.021917808219178082,7650.0,7667.453921096712,0.9992006232427212,48.35,put,0.11903675633702282
2026-09-01,0.021917808219178082,7655.0,7667.453921096712,0.9992006232427212,50.3,put,0.11806907068449468
2026-09-01,0.021917808219178082,7665.0,7667.453921096712,0.9992006232427212,54.45,put,0.1162004547187699
2026-09-02,0.024657534246575342,7670.0,7667.98268869678,0.9991000909654983,57.95,call,0.12975353014609445
2026-09-02,0.024657534246575342,7675.0,7667.98268869678,0.9991000909654983,55.15,call,0.1287796616467877
2026-09-02,0.024657534246575342,7680.0,7667.98268869678,0.9991000909654983,52.5,call,0.1279811869526474
2026-09-02,0.024657534246575342,7685.0,7667.98268869678,0.9991000909654983,49.85,call,0.12704189469287505
2026-09-02,0.024657534246575342,7690.0,7667.98268869678,0.9991000909654983,47.45,call,0.1264869781315215
2026-09-02,0.024657534246575342,7695.0,7667.98268869678,0.9991000909654983,44.95,call,0.12557576831726835
2026-09-02,0.024657534246575342,7705.0,7667.98268869678,0.9991000909654983,40.15,call,0.1237288202077258
2026-09-02,0.024657534246575342,7720.0,7667.98268869678,0.9991000909654983,33.75,call,0.121540256053522
2026-09-02,0.024657534246575342,7725.0,7667.98268869678,0.9991000909654983,31.75,call,0.12079107664711844
2026-09-02,0.024657534246575342,7730.0,7667.98268869678,0.9991000909654983,29.8,call,0.11999183351545249
2026-09-02,0.024657534246575342,7740.0,7667.98268869678,0.9991000909654983,26.25,call,0.1187135709252595
2026-09-02,0.024657534246575342,7745.0,7667.98268869678,0.9991000909654983,24.5,call,0.1178789001005124
2026-09-02,0.024657534246575342,7750.0,7667.98268869678,0.9991000909654983,22.95,call,0.11736527017727325
2026-09-02,0.024657534246575342,7755.0,7667.98268869678,0.9991000909654983,21.4,call,0.11668063358885453
2026-09-02,0.024657534246575342,7760.0,7667.98268869678,0.9991000909654983,19.85,call,0.11581329177192701
2026-09-02,0.024657534246575342,7765.0,7667.98268869678,0.9991000909654983,18.45,call,0.11515894371985236
2026-09-02,0.024657534246575342,7770.0,7667.98268869678,0.9991000909654983,17.15,call,0.11459819955025477
2026-09-02,0.024657534246575342,7775.0,7667.98268869678,0.9991000909654983,15.9,call,0.11399762657132077
2026-09-02,0.024657534246575342,7780.0,7667.98268869678,0.9991000909654983,14.7,call,0.11335654296974672
2026-09-02,0.024657534246575342,7790.0,7667.98268869678,0.9991000909654983,12.55,call,0.11227373365309823
2026-09-02,0.024657534246575342,7800.0,7667.98268869678,0.9991000909654983,10.600000000000001,call,0.11107668141616996
2026-09-02,0.024657534246575342,7805.0,7667.98268869678,0.9991000909654983,9.8,call,0.1108060117595456
2026-09-02,0.024657534246575342,7810.0,7667.98268869678,0.9991000909654983,9.0,call,0.11035554960098995
2026-09-02,0.024657534246575342,7815.0,7667.98268869678,0.9991000909654983,8.25,call,0.10990686762591283
2026-09-02,0.024657534246575342,7825.0,7667.98268869678,0.9991000909654983,7.0,call,0.10948825504503602
2026-09-02,0.024657534246575342,7830.0,7667.98268869678,0.9991000909654983,6.3,call,0.10865622584967483
2026-09-02,0.024657534246575342,7835.0,7667.98268869678,0.9991000909654983,5.7,call,0.10806292099355343
2026-09-02,0.024657534246575342,7850.0,7667.98268869678,0.9991000909654983,4.35,call,0.10742920761232887
2026-09-02,0.024657534246575342,7855.0,7667.98268869678,0.9991000909654983,3.9499999999999997,call,0.10713863433228275
2026-09-02,0.024657534246575342,7870.0,7667.98268869678,0.9991000909654983,2.975,call,0.10664341942042643
2026-09-02,0.024657534246575342,7875.0,7667.98268869678,0.9991000909654983,2.725,call,0.10668872743022609
2026-09-02,0.024657534246575342,7880.0,7667.98268869678,0.9991000909654983,2.5,call,0.10678793347737014
2026-09-02,0.024657534246575342,7050.0,7667.98268869678,0.9991000909654983,1.575,put,0.24569125474321468
2026-09-02,0.024657534246575342,7150.0,7667.98268869678,0.9991000909654983,2.2,put,0.22032872086485117
2026-09-02,0.024657534246575342,7180.0,7667.98268869678,0.9991000909654983,2.5,put,0.21333672984884505
2026-09-02,0.024657534246575342,7200.0,7667.98268869678,0.9991000909654983,2.7,put,0.2082865809952211
2026-09-02,0.024657534246575342,7210.0,7667.98268869678,0.9991000909654983,2.825,put,0.20596802268247438
2026-09-02,0.024657534246575342,7240.0,7667.98268869678,0.9991000909654983,3.25,put,0.1990385829380544
2026-09-02,0.024657534246575342,7250.0,7667.98268869678,0.9991000909654983,3.35,put,0.19609606535225146
2026-09-02,0.024657534246575342,7275.0,7667.98268869678,0.9991000909654983,3.9,put,0.19137668027072946
2026-09-02,0.024657534246575342,7280.0,7667.98268869678,0.9991000909654983,3.9499999999999997,put,0.1897710820361098
2026-09-02,0.024657534246575342,7310.0,7667.98268869678,0.9991000909654983,4.7,put,0.1835822811510885
2026-09-02,0.024657534246575342,7320.0,7667.98268869678,0.9991000909654983,4.9,put,0.18085604372371
2026-09-02,0.024657534246575342,7325.0,7667.98268869678,0.9991000909654983,5.050000000000001,put,0.17983401738429675
2026-09-02,0.024657534246575342,7340.0,7667.98268869678,0.9991000909654983,5.5,put,0.17653530802029524
2026-09-02,0.024657534246575342,7350.0,7667.98268869678,0.9991000909654983,5.949999999999999,put,0.17515360840948468
2026-09-02,0.024657534246575342,7355.0,7667.98268869678,0.9991000909654983,6.050000000000001,put,0.17356461861105082
2026-09-02,0.024657534246575342,7370.0,7667.98268869678,0.9991000909654983,6.75,put,0.17111367585050585
2026-09-02,0.024657534246575342,7400.0,7667.98268869678,0.9991000909654983,8.2,put,0.16508784997402126
2026-09-02,0.024657534246575342,7405.0,7667.98268869678,0.9991000909654983,8.5,put,0.16421122090534873
2026-09-02,0.024657534246575342,7410.0,7667.98268869678,0.9991000909654983,8.8,put,0.16327645873566002
2026-09-02,0.024657534246575342,7420.0,7667.98268869678,0.9991000909654983,9.399999999999999,put,0.1612402091277507
2026-09-02,0.024657534246575342,7425.0,7667.98268869678,0.9991000909654983,9.75,put,0.16037146904718488
2026-09-02,0.024657534246575342,7430.0,7667.98268869678,0.9991000909654983,10.100000000000001,put,0.1594406701689693
2026-09-02,0.024657534246575342,7440.0,7667.98268869678,0.9991000909654983,10.899999999999999,put,0.15782659583092912
2026-09-02,0.024657534246575342,7445.0,7667.98268869678,0.9991000909654983,11.3,put,0.15691905373359394
2026-09-02,0.024657534246575342,7450.0,7667.98268869678,0.9991000909654983,11.7,put,0.15594745442622146
2026-09-02,0.024657534246575342,7455.0,7667.98268869678,0.9991000909654983,12.0,put,0.1545171133002012
2026-09-02,0.024657534246575342,7460.0,7667.98268869678,0.9991000909654983,12.55,put,0.15401293957384726
2026-09-02,0.024657534246575342,7475.0,7667.98268869678,0.9991000909654983,13.8,put,0.15055090989957903
2026-09-02,0.024657534246575342,7480.0,7667.98268869678,0.9991000909654983,14.399999999999999,put,0.14992924009110364
2026-09-02,0.024657534246575342,7485.0,7667.98268869678,0.9991000909654983,15.100000000000001,put,0.1495669661837978
2026-09-02,0.024657534246575342,7500.0,7667.98268869678,0.9991000909654983,16.8,put,0.14661908500908172
2026-09-02,0.024657534246575342,7505.0,7667.98268869678,0.9991000909654983,17.5,put,0.14591338386700356
2026-09-02,0.024657534246575342,7510.0,7667.98268869678,0.9991000909654983,18.0,put,0.14450309091405458
2026-09-02,0.024657534246575342,7525.0,7667.98268869678,0.9991000909654983,20.2,put,0.1419548812794906
2026-09-02,0.024657534246575342,7530.0,7667.98268869678,0.9991000909654983,21.05,put,0.14126892733652602
2026-09-02,0.024657534246575342,7540.0,7667.98268869678,0.9991000909654983,22.7,put,0.13947975357670886
2026-09-02,0.024657534246575342,7545.0,7667.98268869678,0.9991000909654983,23.55,put,0.13852008819362222
2026-09-02,0.024657534246575342,7550.0,7667.98268869678,0.9991000909654983,24.45,put,0.13760376720067466
2026-09-02,0.024657534246575342,7560.0,7667.98268869678,0.9991000909654983,26.3,put,0.1356243123402652
2026-09-02,0.024657534246575342,7565.0,7667.98268869678,0.9991000909654983,27.3,put,0.1346846452688638
2026-09-02,0.024657534246575342,7570.0,7667.98268869678,0.9991000909654983,28.4,put,0.13389485191819164
2026-09-02,0.024657534246575342,7575.0,7667.98268869678,0.9991000909654983,29.5,put,0.13300180767679784
2026-09-02,0.024657534246575342,7580.0,7667.98268869678,0.9991000909654983,30.6,put,0.13200682943328768
2026-09-02,0.024657534246575342,7585.0,7667.98268869678,0.9991000909654983,31.85,put,0.13126411844262326
2026-09-02,0.024657534246575342,7590.0,7667.98268869678,0.9991000909654983,33.05,put,0.13029510302922315
2026-09-02,0.024657534246575342,7595.0,7667.98268869678,0.9991000909654983,34.3,put,0.12933458840655462
2026-09-02,0.024657534246575342,7600.0,7667.98268869678,0.9991000909654983,35.599999999999994,put,0.12837861526996056
2026-09-02,0.024657534246575342,7610.0,7667.98268869678,0.9991000909654983,38.35,put,0.12646515141159562
2026-09-02,0.024657534246575342,7615.0,7667.98268869678,0.9991000909654983,39.85,put,0.12560988137969226
2026-09-02,0.024657534246575342,7620.0,7667.98268869678,0.9991000909654983,41.35,put,0.1246339888475293
2026-09-02,0.024657534246575342,7625.0,7667.98268869678,0.9991000909654983,42.85,put,0.12353706554641243
2026-09-02,0.024657534246575342,7630.0,7667.98268869678,0.9991000909654983,44.65,put,0.12295860537051617
2026-09-02,0.024657534246575342,7635.0,7667.98268869678,0.9991000909654983,46.35,put,0.12203587569253524
2026-09-02,0.024657534246575342,7640.0,7667.98268869678,0.9991000909654983,48.05,put,0.12098296948293051
2026-09-02,0.024657534246575342,7645.0,7667.98268869678,0.9991000909654983,49.95,put,0.12021790568170776
2026-09-02,0.024657534246575342,7650.0,7667.98268869678,0.9991000909654983,51.75,put,0.11910622753098021
2026-09-02,0.024657534246575342,7660.0,7667.98268869678,0.9991000909654983,55.75,put,0.11729750452041307
2026-09-02,0.024657534246575342,7665.0,7667.98268869678,0.9991000909654983,57.900000000000006,put,0.11648806492300488
2026-09-03,0.0273972602739726,7670.0,7668.295807802098,0.9989994232349267,62.3,call,0.13214071555096712
2026-09-03,0.0273972602739726,7675.0,7668.295807802098,0.9989994232349267,59.400000000000006,call,0.13102478178718865
2026-09-03,0.0273972602739726,7680.0,7668.295807802098,0.9989994232349267,56.75,call,0.13028215917232966
2026-09-03,0.0273972602739726,7685.0,7668.295807802098,0.9989994232349267,54.15,call,0.1295152803063125
2026-09-03,0.0273972602739726,7690.0,7668.295807802098,0.9989994232349267,51.55,call,0.12862200521680164
2026-09-03,0.0273972602739726,7700.0,7668.295807802098,0.9989994232349267,46.55,call,0.12684670126964095
2026-09-03,0.0273972602739726,7710.0,7668.295807802098,0.9989994232349267,41.95,call,0.1253509248387437
2026-09-03,0.0273972602739726,7715.0,7668.295807802098,0.9989994232349267,39.85,call,0.12481390313848206
2026-09-03,0.0273972602739726,7720.0,7668.295807802098,0.9989994232349267,37.65,call,0.1239296790591581
2026-09-03,0.0273972602739726,7730.0,7668.295807802098,0.9989994232349267,33.45,call,0.12214800751133548
2026-09-03,0.0273972602739726,7745.0,7668.295807802098,0.9989994232349267,28.0,call,0.12022646220771949
2026-09-03,0.0273972602739726,7750.0,7668.295807802098,0.9989994232349267,26.25,call,0.11943477710677049
2026-09-03,0.0273972602739726,7760.0,7668.295807802098,0.9989994232349267,23.05,call,0.11808625941903116
2026-09-03,0.0273972602739726,7765.0,7668.295807802098,0.9989994232349267,21.55,call,0.11741740394988341
2026-09-03,0.0273972602739726,7775.0,7668.295807802098,0.9989994232349267,18.75,call,0.11609940917682114
2026-09-03,0.0273972602739726,7800.0,7668.295807802098,0.9989994232349267,12.95,call,0.11317323798714997
2026-09-03,0.0273972602739726,7810.0,7668.295807802098,0.9989994232349267,11.100000000000001,call,0.11224426300576952
2026-09-03,0.0273972602739726,7815.0,7668.295807802098,0.9989994232349267,10.2,call,0.11160164253974564
2026-09-03,0.0273972602739726,7840.0,7668.295807802098,0.9989994232349267,6.7,call,0.1094400923406524
2026-09-03,0.0273972602739726,7850.0,7668.295807802098,0.9989994232349267,5.65,call,0.1088623799134944
2026-09-03,0.0273972602739726,7860.0,7668.295807802098,0.9989994232349267,4.7,call,0.10809425036195092
2026-09-03,0.0273972602739726,7880.0,7668.295807802098,0.9989994232349267,3.25,call,0.10705508244189489
2026-09-03,0.0273972602739726,7050.0,7668.295807802098,0.9989994232349267,2.05,put,0.2420629306958325
2026-09-03,0.0273972602739726,7125.0,7668.295807802098,0.9989994232349267,2.65,put,0.22439277477202052
2026-09-03,0.0273972602739726,7150.0,7668.295807802098,0.9989994232349267,2.875,put,0.21814991555622837
2026-09-03,0.0273972602739726,7200.0,7668.295807802098,0.9989994232349267,3.5,put,0.2065506563594064
2026-09-03,0.0273972602739726,7240.0,7668.295807802098,0.9989994232349267,4.2,put,0.19784081995850208
2026-09-03,0.0273972602739726,7250.0,7668.295807802098,0.9989994232349267,4.4,put,0.1956468634933322
2026-09-03,0.0273972602739726,7275.0,7668.295807802098,0.9989994232349267,4.9,put,0.18972987383125378
2026-09-03,0.0273972602739726,7300.0,7668.295807802098,0.9989994232349267,5.6,put,0.18466558440593883
2026-09-03,0.0273972602739726,7330.0,7668.295807802098,0.9989994232349267,6.6,put,0.1785677089397207
2026-09-03,0.0273972602739726,7340.0,7668.295807802098,0.9989994232349267,7.0,put,0.1766556217077227
2026-09-03,0.0273972602739726,7345.0,7668.295807802098,0.9989994232349267,7.2,put,0.175639947326638
2026-09-03,0.0273972602739726,7375.0,7668.295807802098,0.9989994232349267,8.7,put,0.1702880093106276
2026-09-03,0.0273972602739726,7380.0,7668.295807802098,0.9989994232349267,9.0,put,0.16948386630942047
2026-09-03,0.0273972602739726,7390.0,7668.295807802098,0.9989994232349267,9.55,put,0.16748765732629212
2026-09-03,0.0273972602739726,7400.0,7668.295807802098,0.9989994232349267,10.2,put,0.16576225927572902
2026-09-03,0.0273972602739726,7420.0,7668.295807802098,0.9989994232349267,11.55,put,0.16191320649468482
2026-09-03,0.0273972602739726,7425.0,7668.295807802098,0.9989994232349267,12.0,put,0.161276781275576
2026-09-03,0.0273972602739726,7430.0,7668.295807802098,0.9989994232349267,12.35,put,0.16018435196146064
2026-09-03,0.0273972602739726,7445.0,7668.295807802098,0.9989994232349267,13.5,put,0.15699331348117226
2026-09-03,0.0273972602739726,7450.0,7668.295807802098,0.9989994232349267,14.0,put,0.15624825823968022
2026-09-03,0.0273972602739726,7460.0,7668.295807802098,0.9989994232349267,15.100000000000001,put,0.1549057579401896
2026-09-03,0.0273972602739726,7470.0,7668.295807802098,0.9989994232349267,16.1,put,0.1529586490055483
2026-09-03,0.0273972602739726,7475.0,7668.295807802098,0.9989994232349267,16.7,put,0.1522180712864228
2026-09-03,0.0273972602739726,7485.0,7668.295807802098,0.9989994232349267,17.75,put,0.15006427154946383
2026-09-03,0.0273972602739726,7490.0,7668.295807802098,0.9989994232349267,18.25,put,0.14882358144327865
2026-09-03,0.0273972602739726,7500.0,7668.295807802098,0.9989994232349267,19.75,put,0.1476392867439784
2026-09-03,0.0273972602739726,7505.0,7668.295807802098,0.9989994232349267,20.35,put,0.14649784342227248
2026-09-03,0.0273972602739726,7510.0,7668.295807802098,0.9989994232349267,21.15,put,0.14585522187960628
2026-09-03,0.0273972602739726,7515.0,7668.295807802098,0.9989994232349267,21.9,put,0.14499359119670271
2026-09-03,0.0273972602739726,7520.0,7668.295807802098,0.9989994232349267,22.65,put,0.14405740512924559
2026-09-03,0.0273972602739726,7540.0,7668.295807802098,0.9989994232349267,26.0,put,0.1404727790636143
2026-09-03,0.0273972602739726,7550.0,7668.295807802098,0.9989994232349267,27.8,put,0.1385223161185971
2026-09-03,0.0273972602739726,7555.0,7668.295807802098,0.9989994232349267,28.8,put,0.13766721791010836
2026-09-03,0.0273972602739726,7560.0,7668.295807802098,0.9989994232349267,29.85,put,0.13684418247327537
2026-09-03,0.0273972602739726,7570.0,7668.295807802098,0.9989994232349267,32.0,put,0.13504839885984526
2026-09-03,0.0273972602739726,7575.0,7668.295807802098,0.9989994232349267,33.15,put,0.13418717895775176
2026-09-03,0.0273972602739726,7585.0,7668.295807802098,0.9989994232349267,35.5,put,0.1322987790583868
2026-09-03,0.0273972602739726,7590.0,7668.295807802098,0.9989994232349267,36.85,put,0.13159601752937666
2026-09-03,0.0273972602739726,7595.0,7668.295807802098,0.9989994232349267,38.15,put,0.13068451480867632
2026-09-03,0.0273972602739726,7600.0,7668.295807802098,0.9989994232349267,39.400000000000006,put,0.12956842222953258
2026-09-03,0.0273972602739726,7620.0,7668.295807802098,0.9989994232349267,45.25,put,0.12587535086397314
2026-09-03,0.0273972602739726,7625.0,7668.295807802098,0.9989994232349267,46.85,put,0.12496672247401715
2026-09-03,0.0273972602739726,7630.0,7668.295807802098,0.9989994232349267,48.65,put,0.12435027251908691
2026-09-03,0.0273972602739726,7635.0,7668.295807802098,0.9989994232349267,50.25,put,0.12321498215247752
2026-09-03,0.0273972602739726,7640.0,7668.295807802098,0.9989994232349267,52.099999999999994,put,0.12246496253445299
2026-09-03,0.0273972602739726,7645.0,7668.295807802098,0.9989994232349267,53.900000000000006,put,0.12149517029828036
2026-09-03,0.0273972602739726,7650.0,7668.295807802098,0.9989994232349267,55.75,put,0.1205033596895202
2026-09-03,0.0273972602739726,7655.0,7668.295807802098,0.9989994232349267,57.75,put,0.11968439869029315
2026-09-03,0.0273972602739726,7665.0,7668.295807802098,0.9989994232349267,61.85,put,0.11785920383022179
2026-09-04,0.030136986301369864,7675.0,7670.791171293794,0.9988986200939903,65.7,call,0.13528962506035205
2026-09-04,0.030136986301369864,7685.0,7670.791171293794,0.9988986200939903,60.25,call,0.13360729940998217
2026-09-04,0.030136986301369864,7690.0,7670.791171293794,0.9988986200939903,57.5,call,0.13255270363948943
2026-09-04,0.030136986301369864,7695.0,7670.791171293794,0.9988986200939903,55.05,call,0.13195689706746966
2026-09-04,0.030136986301369864,7705.0,7670.791171293794,0.9988986200939903,50.05,call,0.130230316435079
2026-09-04,0.030136986301369864,7710.0,7670.791171293794,0.9988986200939903,47.7,call,0.12948026119884598
2026-09-04,0.030136986301369864,7720.0,7670.791171293794,0.9988986200939903,43.25,call,0.12811081928725865
2026-09-04,0.030136986301369864,7725.0,7670.791171293794,0.9988986200939903,40.95,call,0.1270906886862469
2026-09-04,0.030136986301369864,7730.0,7670.791171293794,0.9988986200939903,38.85,call,0.12634375379881305
2026-09-04,0.030136986301369864,7735.0,7670.791171293794,0.9988986200939903,36.95,call,0.12587930270244982
2026-09-04,0.030136986301369864,7750.0,7670.791171293794,0.9988986200939903,31.15,call,0.12350641790826142
2026-09-04,0.030136986301369864,7755.0,7670.791171293794,0.9988986200939903,29.4,call,0.12283740329591887
2026-09-04,0.030136986301369864,7765.0,7670.791171293794,0.9988986200939903,26.1,call,0.12153292664498437
2026-09-04,0.030136986301369864,7770.0,7670.791171293794,0.9988986200939903,24.6,call,0.12101690841787859
2026-09-04,0.030136986301369864,7775.0,7670.791171293794,0.9988986200939903,23.0,call,0.12012371786355268
2026-09-04,0.030136986301369864,7790.0,7670.791171293794,0.9988986200939903,18.95,call,0.11837866737401923
2026-09-04,0.030136986301369864,7795.0,7670.791171293794,0.9988986200939903,17.7,call,0.11775921769188168
2026-09-04,0.030136986301369864,7810.0,7670.791171293794,0.9988986200939903,14.3,call,0.11594181198700261
2026-09-04,0.030136986301369864,7815.0,7670.791171293794,0.9988986200939903,13.35,call,0.11556368857704043
2026-09-04,0.030136986301369864,7820.0,7670.791171293794,0.9988986200939903,12.399999999999999,call,0.11503821948138289
2026-09-04,0.030136986301369864,7825.0,7670.791171293794,0.9988986200939903,11.5,call,0.11451535605713362
2026-09-04,0.030136986301369864,7830.0,7670.791171293794,0.9988986200939903,10.65,call,0.11399957624008682
2026-09-04,0.030136986301369864,7840.0,7670.791171293794,0.9988986200939903,9.100000000000001,call,0.11301194149549826
2026-09-04,0.030136986301369864,7845.0,7670.791171293794,0.9988986200939903,8.45,call,0.11274675743561129
2026-09-04,0.030136986301369864,7850.0,7670.791171293794,0.9988986200939903,7.75,call,0.1121328787871928
2026-09-04,0.030136986301369864,7855.0,7670.791171293794,0.9988986200939903,7.2,call,0.11196937729369999
2026-09-04,0.030136986301369864,7860.0,7670.791171293794,0.9988986200939903,6.7,call,0.1118857291602477
2026-09-04,0.030136986301369864,7865.0,7670.791171293794,0.9988986200939903,6.1,call,0.1112065895389316
2026-09-04,0.030136986301369864,7870.0,7670.791171293794,0.9988986200939903,5.550000000000001,call,0.1105737977339495
2026-09-04,0.030136986301369864,7875.0,7670.791171293794,0.9988986200939903,5.15,call,0.1105206349848694
2026-09-04,0.030136986301369864,7885.0,7670.791171293794,0.9988986200939903,4.35,call,0.11000191988154506
2026-09-04,0.030136986301369864,7895.0,7670.791171293794,0.9988986200939903,3.65,call,0.10945933687733063
2026-09-04,0.030136986301369864,7900.0,7670.791171293794,0.9988986200939903,3.35,call,0.10928248392023694
2026-09-04,0.030136986301369864,7905.0,7670.791171293794,0.9988986200939903,3.15,call,0.10967101458321228
2026-09-04,0.030136986301369864,7910.0,7670.791171293794,0.9988986200939903,2.825,call,0.10903269226022905
2026-09-04,0.030136986301369864,7915.0,7670.791171293794,0.9988986200939903,2.6,call,0.10899011720220254
2026-09-04,0.030136986301369864,7920.0,7670.791171293794,0.9988986200939903,2.4,call,0.10902718464515457
2026-09-04,0.030136986301369864,7925.0,7670.791171293794,0.9988986200939903,2.2,call,0.10894004447599508
2026-09-04,0.030136986301369864,6850.0,7670.791171293794,0.9988986200939903,1.625,put,0.28930337355427027
2026-09-04,0.030136986301369864,6950.0,7670.791171293794,0.9988986200939903,2.075,put,0.2655020022405875
2026-09-04,0.030136986301369864,6960.0,7670.791171293794,0.9988986200939903,2.15,put,0.26349408563262927
2026-09-04,0.030136986301369864,6970.0,7670.791171293794,0.9988986200939903,2.2,put,0.2609910961573919
2026-09-04,0.030136986301369864,6980.0,7670.791171293794,0.9988986200939903,2.25,put,0.25845723799810294
2026-09-04,0.030136986301369864,6990.0,7670.791171293794,0.9988986200939903,2.3,put,0.2558932791942013
2026-09-04,0.030136986301369864,7000.0,7670.791171293794,0.9988986200939903,2.375,put,0.25370663916478803
2026-09-04,0.030136986301369864,7025.0,7670.791171293794,0.9988986200939903,2.55,put,0.24783505733233105
2026-09-04,0.030136986301369864,7030.0,7670.791171293794,0.9988986200939903,2.575,put,0.24647959087328483
2026-09-04,0.030136986301369864,7040.0,7670.791171293794,0.9988986200939903,2.65,put,0.24411258045046708
2026-09-04,0.030136986301369864,7050.0,7670.791171293794,0.9988986200939903,2.7249999999999996,put,0.24170143277190614
2026-09-04,0.030136986301369864,7075.0,7670.791171293794,0.9988986200939903,2.975,put,0.23630583970712032
2026-09-04,0.030136986301369864,7080.0,7670.791171293794,0.9988986200939903,3.0250000000000004,put,0.2351820079165623
2026-09-04,0.030136986301369864,7090.0,7670.791171293794,0.9988986200939903,3.1,put,0.23258171934113267
2026-09-04,0.030136986301369864,7100.0,7670.791171293794,0.9988986200939903,3.2,put,0.23024642089894146
2026-09-04,0.030136986301369864,7110.0,7670.791171293794,0.9988986200939903,3.3,put,0.22785789030779993
2026-09-04,0.030136986301369864,7120.0,7670.791171293794,0.9988986200939903,3.4,put,0.22541791039301637
2026-09-04,0.030136986301369864,7125.0,7670.791171293794,0.9988986200939903,3.45,put,0.2241791386985017
2026-09-04,0.030136986301369864,7140.0,7670.791171293794,0.9988986200939903,3.65,put,0.220923604337612
2026-09-04,0.030136986301369864,7150.0,7670.791171293794,0.9988986200939903,3.75,put,0.21832349001409887
2026-09-04,0.030136986301369864,7160.0,7670.791171293794,0.9988986200939903,3.9,put,0.2161787623617976
2026-09-04,0.030136986301369864,7175.0,7670.791171293794,0.9988986200939903,4.15,put,0.21305884601776684
2026-09-04,0.030136986301369864,7180.0,7670.791171293794,0.9988986200939903,4.25,put,0.21213225135516178
2026-09-04,0.030136986301369864,7200.0,7670.791171293794,0.9988986200939903,4.550000000000001,put,0.20731643368492197
2026-09-04,0.030136986301369864,7210.0,7670.791171293794,0.9988986200939903,4.75,put,0.20523113245994778
2026-09-04,0.030136986301369864,7220.0,7670.791171293794,0.9988986200939903,5.0,put,0.20345813148282174
2026-09-04,0.030136986301369864,7225.0,7670.791171293794,0.9988986200939903,5.1,put,0.20233151737674576
2026-09-04,0.030136986301369864,7230.0,7670.791171293794,0.9988986200939903,5.15,put,0.2007965503184178
2026-09-04,0.030136986301369864,7240.0,7670.791171293794,0.9988986200939903,5.4,put,0.19882922081001383
2026-09-04,0.030136986301369864,7250.0,7670.791171293794,0.9988986200939903,5.65,put,0.19675649540351478
2026-09-04,0.030136986301369864,7260.0,7670.791171293794,0.9988986200939903,5.9,put,0.19458345399467172
2026-09-04,0.030136986301369864,7270.0,7670.791171293794,0.9988986200939903,6.2,put,0.19264789303336358
2026-09-04,0.030136986301369864,7275.0,7670.791171293794,0.9988986200939903,6.35,put,0.1916361088876766
2026-09-04,0.030136986301369864,7280.0,7670.791171293794,0.9988986200939903,6.5,put,0.19059598620509452
2026-09-04,0.030136986301369864,7290.0,7670.791171293794,0.9988986200939903,6.8,put,0.1884334084368672
2026-09-04,0.030136986301369864,7300.0,7670.791171293794,0.9988986200939903,7.2,put,0.18675677548420622
2026-09-04,0.030136986301369864,7310.0,7670.791171293794,0.9988986200939903,7.6,put,0.18493349235493722
2026-09-04,0.030136986301369864,7320.0,7670.791171293794,0.9988986200939903,7.949999999999999,put,0.18269995769034492
2026-09-04,0.030136986301369864,7325.0,7670.791171293794,0.9988986200939903,8.25,put,0.1822072632283784
2026-09-04,0.030136986301369864,7330.0,7670.791171293794,0.9988986200939903,8.399999999999999,put,0.18087899393926551
2026-09-04,0.030136986301369864,7340.0,7670.791171293794,0.9988986200939903,8.95,put,0.17941231188789214
2026-09-04,0.030136986301369864,7345.0,7670.791171293794,0.9988986200939903,9.100000000000001,put,0.17799904520785673
2026-09-04,0.030136986301369864,7350.0,7670.791171293794,0.9988986200939903,9.45,put,0.17752746838261574
2026-09-04,0.030136986301369864,7355.0,7670.791171293794,0.9988986200939903,9.65,put,0.17629363944446866
2026-09-04,0.030136986301369864,7360.0,7670.791171293794,0.9988986200939903,9.899999999999999,put,0.1752630199564446
2026-09-04,0.030136986301369864,7365.0,7670.791171293794,0.9988986200939903,10.25,put,0.17464837783107579
2026-09-04,0.030136986301369864,7370.0,7670.791171293794,0.9988986200939903,10.5,put,0.17353872285101785
2026-09-04,0.030136986301369864,7375.0,7670.791171293794,0.9988986200939903,10.85,put,0.17282848537219053
2026-09-04,0.030136986301369864,7380.0,7670.791171293794,0.9988986200939903,11.15,put,0.17185602075947043
2026-09-04,0.030136986301369864,7385.0,7670.791171293794,0.9988986200939903,11.5,put,0.17105090280077911
2026-09-04,0.030136986301369864,7390.0,7670.791171293794,0.9988986200939903,11.8,put,0.1699948209363269
2026-09-04,0.030136986301369864,7395.0,7670.791171293794,0.9988986200939903,12.100000000000001,put,0.16890034762511147
2026-09-04,0.030136986301369864,7400.0,7670.791171293794,0.9988986200939903,12.55,put,0.16835504295422898
2026-09-04,0.030136986301369864,7405.0,7670.791171293794,0.9988986200939903,12.899999999999999,put,0.16736699017715376
2026-09-04,0.030136986301369864,7410.0,7670.791171293794,0.9988986200939903,13.25,put,0.1663359803303857
2026-09-04,0.030136986301369864,7420.0,7670.791171293794,0.9988986200939903,14.100000000000001,put,0.16469013221401035
2026-09-04,0.030136986301369864,7425.0,7670.791171293794,0.9988986200939903,14.55,put,0.16387910759501284
2026-09-04,0.030136986301369864,7430.0,7670.791171293794,0.9988986200939903,14.899999999999999,put,0.16266906905081197
2026-09-04,0.030136986301369864,7435.0,7670.791171293794,0.9988986200939903,15.45,put,0.16210045858968133
2026-09-04,0.030136986301369864,7440.0,7670.791171293794,0.9988986200939903,15.8,put,0.1608021481954407
2026-09-04,0.030136986301369864,7445.0,7670.791171293794,0.9988986200939903,16.4,put,0.16028454495813552
2026-09-04,0.030136986301369864,7450.0,7670.791171293794,0.9988986200939903,16.85,put,0.15921944664043655
2026-09-04,0.030136986301369864,7455.0,7670.791171293794,0.9988986200939903,17.4,put,0.1584217934606864
2026-09-04,0.030136986301369864,7460.0,7670.791171293794,0.9988986200939903,17.95,put,0.1575663946350692
2026-09-04,0.030136986301369864,7465.0,7670.791171293794,0.9988986200939903,18.4,put,0.1563517999261216
2026-09-04,0.030136986301369864,7470.0,7670.791171293794,0.9988986200939903,18.9,put,0.1552414454992729
2026-09-04,0.030136986301369864,7475.0,7670.791171293794,0.9988986200939903,19.5,put,0.15437443760424982
2026-09-04,0.030136986301369864,7480.0,7670.791171293794,0.9988986200939903,20.3,put,0.1540219679928697
2026-09-04,0.030136986301369864,7485.0,7670.791171293794,0.9988986200939903,20.9,put,0.15302872848504395
2026-09-04,0.030136986301369864,7490.0,7670.791171293794,0.9988986200939903,21.65,put,0.15239362215884705
2026-09-04,0.030136986301369864,7495.0,7670.791171293794,0.9988986200939903,22.25,put,0.15128218685105158
2026-09-04,0.030136986301369864,7500.0,7670.791171293794,0.9988986200939903,22.9,put,0.15024992486835603
2026-09-04,0.030136986301369864,7505.0,7670.791171293794,0.9988986200939903,23.75,put,0.14968411777640192
2026-09-04,0.030136986301369864,7515.0,7670.791171293794,0.9988986200939903,25.3,put,0.14795016826251128
2026-09-04,0.030136986301369864,7525.0,7670.791171293794,0.9988986200939903,26.85,put,0.1459540860225257
2026-09-04,0.030136986301369864,7530.0,7670.791171293794,0.9988986200939903,27.75,put,0.14516184844135144
2026-09-04,0.030136986301369864,7535.0,7670.791171293794,0.9988986200939903,28.65,put,0.14429728705942832
2026-09-04,0.030136986301369864,7540.0,7670.791171293794,0.9988986200939903,29.6,put,0.143478515406719
2026-09-04,0.030136986301369864,7545.0,7670.791171293794,0.9988986200939903,30.55,put,0.14258591271889173
2026-09-04,0.030136986301369864,7555.0,7670.791171293794,0.9988986200939903,32.55,put,0.1408068402478499
2026-09-04,0.030136986301369864,7565.0,7670.791171293794,0.9988986200939903,34.7,put,0.13905639944753662
2026-09-04,0.030136986301369864,7570.0,7670.791171293794,0.9988986200939903,35.85,put,0.13822573511618474
2026-09-04,0.030136986301369864,7575.0,7670.791171293794,0.9988986200939903,36.95,put,0.1372073378383923
2026-09-04,0.030136986301369864,7585.0,7670.791171293794,0.9988986200939903,39.400000000000006,put,0.135455400955084
2026-09-04,0.030136986301369864,7590.0,7670.791171293794,0.9988986200939903,40.7,put,0.13460767434449436
2026-09-04,0.030136986301369864,7595.0,7670.791171293794,0.9988986200939903,42.0,put,0.13367296202739487
2026-09-04,0.030136986301369864,7600.0,7670.791171293794,0.9988986200939903,43.35,put,0.1327521177154145
2026-09-04,0.030136986301369864,7605.0,7670.791171293794,0.9988986200939903,44.75,put,0.13184217219464503
2026-09-04,0.030136986301369864,7610.0,7670.791171293794,0.9988986200939903,46.25,put,0.13103920505086647
2026-09-04,0.030136986301369864,7615.0,7670.791171293794,0.9988986200939903,47.7,put,0.1300436063461535
2026-09-04,0.030136986301369864,7625.0,7670.791171293794,0.9988986200939903,50.85,put,0.1282553732396845
2026-09-04,0.030136986301369864,7645.0,7670.791171293794,0.9988986200939903,57.8,put,0.1247221853613153
2026-09-04,0.030136986301369864,7650.0,7670.791171293794,0.9988986200939903,59.599999999999994,put,0.12369494868767238
2026-09-04,0.030136986301369864,7655.0,7670.791171293794,0.9988986200939903,61.65,put,0.12303050367750104
2026-09-04,0.030136986301369864,7665.0,7670.791171293794,0.9988986200939903,65.65,put,0.12117342192839992
2026-09-04,0.030136986301369864,7670.0,7670.791171293794,0.9988986200939903,67.75,put,0.12025931265829169
2026-09-08,0.0410958904109589,7675.0,7671.537255566311,0.9984940542881957,71.55,call,0.12712849898623757
2026-09-08,0.0410958904109589,7680.0,7671.537255566311,0.9984940542881957,68.7,call,0.12623371615335152
2026-09-08,0.0410958904109589,7685.0,7671.537255566311,0.9984940542881957,65.95,call,0.12541537727955368
2026-09-08,0.0410958904109589,7690.0,7671.537255566311,0.9984940542881957,63.25,call,0.12459121665793538
2026-09-08,0.0410958904109589,7695.0,7671.537255566311,0.9984940542881957,60.7,call,0.12392357669776624
2026-09-08,0.0410958904109589,7700.0,7671.537255566311,0.9984940542881957,58.15,call,0.12316664257605509
2026-09-08,0.0410958904109589,7710.0,7671.537255566311,0.9984940542881957,53.15,call,0.12154121446321364
2026-09-08,0.0410958904109589,7720.0,7671.537255566311,0.9984940542881957,48.599999999999994,call,0.12029014071078895
2026-09-08,0.0410958904109589,7725.0,7671.537255566311,0.9984940542881957,46.35,call,0.11956316317587191
2026-09-08,0.0410958904109589,7730.0,7671.537255566311,0.9984940542881957,44.15,call,0.11882260329869154
2026-09-08,0.0410958904109589,7735.0,7671.537255566311,0.9984940542881957,42.05,call,0.11815455616387505
2026-09-08,0.0410958904109589,7740.0,7671.537255566311,0.9984940542881957,39.95,call,0.11738436283338087
2026-09-08,0.0410958904109589,7745.0,7671.537255566311,0.9984940542881957,38.0,call,0.11677605802208423
2026-09-08,0.0410958904109589,7750.0,7671.537255566311,0.9984940542881957,36.05,call,0.11606368936901033
2026-09-08,0.0410958904109589,7755.0,7671.537255566311,0.9984940542881957,34.25,call,0.11551889347959073
2026-09-08,0.0410958904109589,7760.0,7671.537255566311,0.9984940542881957,32.45,call,0.11486870183298996
2026-09-08,0.0410958904109589,7765.0,7671.537255566311,0.9984940542881957,30.7,call,0.11420319717371592
2026-09-08,0.0410958904109589,7770.0,7671.537255566311,0.9984940542881957,29.0,call,0.11352168205830991
2026-09-08,0.0410958904109589,7780.0,7671.537255566311,0.9984940542881957,25.85,call,0.11231006880670535
2026-09-08,0.0410958904109589,7795.0,7671.537255566311,0.9984940542881957,21.6,call,0.11060865677523761
2026-09-08,0.0410958904109589,7800.0,7671.537255566311,0.9984940542881957,20.3,call,0.11005895449128832
2026-09-08,0.0410958904109589,7805.0,7671.537255566311,0.9984940542881957,19.05,call,0.10950233973135667
2026-09-08,0.0410958904109589,7810.0,7671.537255566311,0.9984940542881957,17.95,call,0.10917473615155462
2026-09-08,0.0410958904109589,7820.0,7671.537255566311,0.9984940542881957,15.65,call,0.10792731572067789
2026-09-08,0.0410958904109589,7825.0,7671.537255566311,0.9984940542881957,14.7,call,0.10761767900359161
2026-09-08,0.0410958904109589,7830.0,7671.537255566311,0.9984940542881957,13.85,call,0.10745937042003186
2026-09-08,0.0410958904109589,7860.0,7671.537255566311,0.9984940542881957,9.0,call,0.10480431669308043
2026-09-08,0.0410958904109589,7875.0,7671.537255566311,0.9984940542881957,7.15,call,0.1036212831143033
2026-09-08,0.0410958904109589,7880.0,7671.537255566311,0.9984940542881957,6.550000000000001,call,0.10301723316860185
2026-09-08,0.0410958904109589,7890.0,7671.537255566311,0.9984940542881957,5.65,call,0.10263704852428922
2026-09-08,0.0410958904109589,7900.0,7671.537255566311,0.9984940542881957,4.8,call,0.10200235575079404
2026-09-08,0.0410958904109589,7910.0,7671.537255566311,0.9984940542881957,4.05,call,0.10134271107477097
2026-09-08,0.0410958904109589,7920.0,7671.537255566311,0.9984940542881957,3.45,call,0.10100506562537964
2026-09-08,0.0410958904109589,7925.0,7671.537255566311,0.9984940542881957,3.2,call,0.10096958364919664
2026-09-08,0.0410958904109589,7930.0,7671.537255566311,0.9984940542881957,3.05,call,0.1014899304917103
2026-09-08,0.0410958904109589,6650.0,7671.537255566311,0.9984940542881957,1.575,put,0.30249015126648104
2026-09-08,0.0410958904109589,6800.0,7671.537255566311,0.9984940542881957,2.125,put,0.2710419739227532
2026-09-08,0.0410958904109589,6875.0,7671.537255566311,0.9984940542881957,2.5,put,0.2552524537316671
2026-09-08,0.0410958904109589,6900.0,7671.537255566311,0.9984940542881957,2.65,put,0.250046411293769
2026-09-08,0.0410958904109589,6925.0,7671.537255566311,0.9984940542881957,2.8,put,0.24466586515035707
2026-09-08,0.0410958904109589,6975.0,7671.537255566311,0.9984940542881957,3.15,put,0.2340205228102599
2026-09-08,0.0410958904109589,7000.0,7671.537255566311,0.9984940542881957,3.35,put,0.22870441919157394
2026-09-08,0.0410958904109589,7025.0,7671.537255566311,0.9984940542881957,3.6,put,0.22371064134187238
2026-09-08,0.0410958904109589,7050.0,7671.537255566311,0.9984940542881957,3.85,put,0.21846432092840018
2026-09-08,0.0410958904109589,7075.0,7671.537255566311,0.9984940542881957,4.15,put,0.2134384272562348
2026-09-08,0.0410958904109589,7100.0,7671.537255566311,0.9984940542881957,4.449999999999999,put,0.208134958417969
2026-09-08,0.0410958904109589,7150.0,7671.537255566311,0.9984940542881957,5.3,put,0.19860124239733076
2026-09-08,0.0410958904109589,7250.0,7671.537255566311,0.9984940542881957,7.7,put,0.17930885623601625
2026-09-08,0.0410958904109589,7275.0,7671.537255566311,0.9984940542881957,8.600000000000001,put,0.1749035943917514
2026-09-08,0.0410958904109589,7280.0,7671.537255566311,0.9984940542881957,8.8,put,0.17404600415450663
2026-09-08,0.0410958904109589,7300.0,7671.537255566311,0.9984940542881957,9.600000000000001,put,0.17036570916784946
2026-09-08,0.0410958904109589,7375.0,7671.537255566311,0.9984940542881957,13.8,put,0.15745956051507357
2026-09-08,0.0410958904109589,7390.0,7671.537255566311,0.9984940542881957,14.899999999999999,put,0.15493613671937398
2026-09-08,0.0410958904109589,7400.0,7671.537255566311,0.9984940542881957,15.850000000000001,put,0.1537415173827845
2026-09-08,0.0410958904109589,7425.0,7671.537255566311,0.9984940542881957,18.1,put,0.1496518535943572
2026-09-08,0.0410958904109589,7430.0,7671.537255566311,0.9984940542881957,18.6,put,0.14885566335283823
2026-09-08,0.0410958904109589,7450.0,7671.537255566311,0.9984940542881957,20.55,put,0.14513783960748416
2026-09-08,0.0410958904109589,7460.0,7671.537255566311,0.9984940542881957,21.9,put,0.14397803961545314
2026-09-08,0.0410958904109589,7470.0,7671.537255566311,0.9984940542881957,23.15,put,0.14237364126199006
2026-09-08,0.0410958904109589,7475.0,7671.537255566311,0.9984940542881957,23.8,put,0.14156139357786976
2026-09-08,0.0410958904109589,7490.0,7671.537255566311,0.9984940542881957,25.85,put,0.13907100756557456
2026-09-08,0.0410958904109589,7505.0,7671.537255566311,0.9984940542881957,28.15,put,0.13669201876006884
2026-09-08,0.0410958904109589,7510.0,7671.537255566311,0.9984940542881957,28.9,put,0.13576175545235472
2026-09-08,0.0410958904109589,7550.0,7671.537255566311,0.9984940542881957,36.3,put,0.1292305022178023
2026-09-08,0.0410958904109589,7560.0,7671.537255566311,0.9984940542881957,38.5,put,0.12768470200746887
2026-09-08,0.0410958904109589,7565.0,7671.537255566311,0.9984940542881957,39.65,put,0.12690914547250373
2026-09-08,0.0410958904109589,7570.0,7671.537255566311,0.9984940542881957,40.75,put,0.125978906944099
2026-09-08,0.0410958904109589,7575.0,7671.537255566311,0.9984940542881957,41.900000000000006,put,0.12507588861255595
2026-09-08,0.0410958904109589,7585.0,7671.537255566311,0.9984940542881957,44.55,put,0.12369092991170531
2026-09-08,0.0410958904109589,7590.0,7671.537255566311,0.9984940542881957,45.85,put,0.12284994133593884
2026-09-08,0.0410958904109589,7600.0,7671.537255566311,0.9984940542881957,48.55,put,0.1211308185400909
2026-09-08,0.0410958904109589,7610.0,7671.537255566311,0.9984940542881957,51.35,put,0.11929500014427943
2026-09-08,0.0410958904109589,7615.0,7671.537255566311,0.9984940542881957,52.900000000000006,put,0.11851749827086339
2026-09-08,0.0410958904109589,7620.0,7671.537255566311,0.9984940542881957,54.45,put,0.11766259331069744
2026-09-08,0.0410958904109589,7625.0,7671.537255566311,0.9984940542881957,56.05,put,0.11681210241597359
2026-09-08,0.0410958904109589,7630.0,7671.537255566311,0.9984940542881957,57.7,put,0.11596388595427662
2026-09-08,0.0410958904109589,7635.0,7671.537255566311,0.9984940542881957,59.5,put,0.11527912738192875
2026-09-08,0.0410958904109589,7640.0,7671.537255566311,0.9984940542881957,61.25,put,0.11442856215881028
2026-09-08,0.0410958904109589,7645.0,7671.537255566311,0.9984940542881957,63.05,put,0.11357414690728897
2026-09-08,0.0410958904109589,7650.0,7671.537255566311,0.9984940542881957,64.85,put,0.11263292940160533
2026-09-08,0.0410958904109589,7660.0,7671.537255566311,0.9984940542881957,68.75,put,0.110967242569933
2026-09-08,0.0410958904109589,7665.0,7671.537255566311,0.9984940542881957,70.8,put,0.11015750991759533
2026-09-08,0.0410958904109589,7670.0,7671.537255566311,0.9984940542881957,72.8,put,0.10917202504452886
2026-09-09,0.043835616438356165,7675.0,7672.256332285005,0.9983925747421138,75.1,call,0.12869572457977393
2026-09-09,0.043835616438356165,7685.0,7672.256332285005,0.9983925747421138,69.55,call,0.12713868414492496
2026-09-09,0.043835616438356165,7690.0,7672.256332285005,0.9983925747421138,66.8,call,0.1262795258423483
2026-09-09,0.043835616438356165,7695.0,7672.256332285005,0.9983925747421138,64.15,call,0.1254961837754149
2026-09-09,0.043835616438356165,7700.0,7672.256332285005,0.9983925747421138,61.599999999999994,call,0.124788392310009
2026-09-09,0.043835616438356165,7710.0,7672.256332285005,0.9983925747421138,56.65,call,0.12335890275737825
2026-09-09,0.043835616438356165,7715.0,7672.256332285005,0.9983925747421138,54.25,call,0.1226352302737078
2026-09-09,0.043835616438356165,7720.0,7672.256332285005,0.9983925747421138,51.900000000000006,call,0.12190428652523594
2026-09-09,0.043835616438356165,7725.0,7672.256332285005,0.9983925747421138,49.55,call,0.12108279454231637
2026-09-09,0.043835616438356165,7740.0,7672.256332285005,0.9983925747421138,43.15,call,0.11914206662574851
2026-09-09,0.043835616438356165,7750.0,7672.256332285005,0.9983925747421138,39.2,call,0.11791753857891951
2026-09-09,0.043835616438356165,7755.0,7672.256332285005,0.9983925747421138,37.25,call,0.11720343452434653
2026-09-09,0.043835616438356165,7765.0,7672.256332285005,0.9983925747421138,33.65,call,0.11600966253909586
2026-09-09,0.043835616438356165,7770.0,7672.256332285005,0.9983925747421138,31.950000000000003,call,0.11544515083382861
2026-09-09,0.043835616438356165,7775.0,7672.256332285005,0.9983925747421138,30.25,call,0.11477868088078484
2026-09-09,0.043835616438356165,7780.0,7672.256332285005,0.9983925747421138,28.85,call,0.11457952183941247
2026-09-09,0.043835616438356165,7790.0,7672.256332285005,0.9983925747421138,25.55,call,0.11290812394844597
2026-09-09,0.043835616438356165,7800.0,7672.256332285005,0.9983925747421138,22.95,call,0.11220592970613627
2026-09-09,0.043835616438356165,7810.0,7672.256332285005,0.9983925747421138,20.3,call,0.11097955356966287
2026-09-09,0.043835616438356165,7820.0,7672.256332285005,0.9983925747421138,17.9,call,0.10984921639042308
2026-09-09,0.043835616438356165,7830.0,7672.256332285005,0.9983925747421138,15.850000000000001,call,0.1090909687535482
2026-09-09,0.043835616438356165,7840.0,7672.256332285005,0.9983925747421138,13.85,call,0.10800912066730575
2026-09-09,0.043835616438356165,7850.0,7672.256332285005,0.9983925747421138,12.100000000000001,call,0.10711591483681844
2026-09-09,0.043835616438356165,7860.0,7672.256332285005,0.9983925747421138,10.600000000000001,call,0.10647785210665102
2026-09-09,0.043835616438356165,7900.0,7672.256332285005,0.9983925747421138,5.949999999999999,call,0.10388230611205397
2026-09-09,0.043835616438356165,7920.0,7672.256332285005,0.9983925747421138,4.4,call,0.10297356034193042
2026-09-09,0.043835616438356165,7925.0,7672.256332285005,0.9983925747421138,4.05,call,0.10264502554717135
2026-09-09,0.043835616438356165,6625.0,7672.256332285005,0.9983925747421138,1.825,put,0.30552800535862856
2026-09-09,0.043835616438356165,6650.0,7672.256332285005,0.9983925747421138,1.925,put,0.3006879189380122
2026-09-09,0.043835616438356165,6700.0,7672.256332285005,0.9983925747421138,2.1,put,0.2901216851201896
2026-09-09,0.043835616438356165,6725.0,7672.256332285005,0.9983925747421138,2.2,put,0.2849092472362998
2026-09-09,0.043835616438356165,6750.0,7672.256332285005,0.9983925747421138,2.325,put,0.28000733086826923
2026-09-09,0.043835616438356165,6800.0,7672.256332285005,0.9983925747421138,2.55,put,0.2693676865244198
2026-09-09,0.043835616438356165,6875.0,7672.256332285005,0.9983925747421138,3.0,put,0.25402726476140214
2026-09-09,0.043835616438356165,6975.0,7672.256332285005,0.9983925747421138,3.75,put,0.23310896702661707
2026-09-09,0.043835616438356165,7000.0,7672.256332285005,0.9983925747421138,4.0,put,0.2280709875808635
2026-09-09,0.043835616438356165,7025.0,7672.256332285005,0.9983925747421138,4.300000000000001,put,0.22326914177173166
2026-09-09,0.043835616438356165,7050.0,7672.256332285005,0.9983925747421138,4.550000000000001,put,0.21778235087002254
2026-09-09,0.043835616438356165,7075.0,7672.256332285005,0.9983925747421138,4.85,put,0.2125060132661508
2026-09-09,0.043835616438356165,7100.0,7672.256332285005,0.9983925747421138,5.3,put,0.208121098201911
2026-09-09,0.043835616438356165,7150.0,7672.256332285005,0.9983925747421138,6.2,put,0.1982983751709951
2026-09-09,0.043835616438356165,7275.0,7672.256332285005,0.9983925747421138,9.899999999999999,put,0.1751260084115246
2026-09-09,0.043835616438356165,7290.0,7672.256332285005,0.9983925747421138,10.65,put,0.17288852824999246
2026-09-09,0.043835616438356165,7300.0,7672.256332285005,0.9983925747421138,11.15,put,0.1712585946647426
2026-09-09,0.043835616438356165,7325.0,7672.256332285005,0.9983925747421138,12.45,put,0.16691515841072105
2026-09-09,0.043835616438356165,7350.0,7672.256332285005,0.9983925747421138,13.899999999999999,put,0.16244780763197342
2026-09-09,0.043835616438356165,7400.0,7672.256332285005,0.9983925747421138,17.8,put,0.154438283969622
2026-09-09,0.043835616438356165,7420.0,7672.256332285005,0.9983925747421138,19.55,put,0.15084581786204984
2026-09-09,0.043835616438356165,7425.0,7672.256332285005,0.9983925747421138,20.25,put,0.150545177076909
2026-09-09,0.043835616438356165,7440.0,7672.256332285005,0.9983925747421138,21.85,put,0.14808953086809334
2026-09-09,0.043835616438356165,7460.0,7672.256332285005,0.9983925747421138,24.2,put,0.1447895613013777
2026-09-09,0.043835616438356165,7470.0,7672.256332285005,0.9983925747421138,25.5,put,0.143181078287901
2026-09-09,0.043835616438356165,7500.0,7672.256332285005,0.9983925747421138,29.9,put,0.13837813835497778
2026-09-09,0.043835616438356165,7510.0,7672.256332285005,0.9983925747421138,31.5,put,0.13668222064259603
2026-09-09,0.043835616438356165,7550.0,7672.256332285005,0.9983925747421138,39.15,put,0.130288782173055
2026-09-09,0.043835616438356165,7575.0,7672.256332285005,0.9983925747421138,44.85,put,0.12615800012812164
2026-09-09,0.043835616438356165,7590.0,7672.256332285005,0.9983925747421138,48.65,put,0.1236064412067214
2026-09-09,0.043835616438356165,7595.0,7672.256332285005,0.9983925747421138,50.05,put,0.12285059699212862
2026-09-09,0.043835616438356165,7600.0,7672.256332285005,0.9983925747421138,51.400000000000006,put,0.12194533460979784
2026-09-09,0.043835616438356165,7610.0,7672.256332285005,0.9983925747421138,54.3,put,0.12026016729392612
2026-09-09,0.043835616438356165,7620.0,7672.256332285005,0.9983925747421138,57.400000000000006,put,0.11861759512590436
2026-09-09,0.043835616438356165,7625.0,7672.256332285005,0.9983925747421138,59.0,put,0.11776741351978896
2026-09-09,0.043835616438356165,7640.0,7672.256332285005,0.9983925747421138,64.1,put,0.1152396952468024
2026-09-09,0.043835616438356165,7645.0,7672.256332285005,0.9983925747421138,65.9,put,0.11439832256935249
2026-09-09,0.043835616438356165,7650.0,7672.256332285005,0.9983925747421138,67.8,put,0.1136327202429537
2026-09-09,0.043835616438356165,7660.0,7672.256332285005,0.9983925747421138,71.6,put,0.11185138694512105
2026-09-09,0.043835616438356165,7670.0,7672.256332285005,0.9983925747421138,75.8,put,0.11035020956061128
2026-09-10,0.04657534246575343,7675.0,7672.331809962207,0.998290960044722,78.44999999999999,call,0.13045161221196186
2026-09-10,0.04657534246575343,7680.0,7672.331809962207,0.998290960044722,75.8,call,0.12992413804512032
2026-09-10,0.04657534246575343,7685.0,7672.331809962207,0.998290960044722,72.95,call,0.12901939931763412
2026-09-10,0.04657534246575343,7690.0,7672.331809962207,0.998290960044722,70.2,call,0.12819234985335953
2026-09-10,0.04657534246575343,7700.0,7672.331809962207,0.998290960044722,64.9,call,0.126615585770017
2026-09-10,0.04657534246575343,7725.0,7672.331809962207,0.998290960044722,52.85,call,0.12314810621779182
2026-09-10,0.04657534246575343,7750.0,7672.331809962207,0.998290960044722,42.25,call,0.11990370209021886
2026-09-10,0.04657534246575343,7775.0,7672.331809962207,0.998290960044722,33.05,call,0.11677272778023434
2026-09-10,0.04657534246575343,7800.0,7672.331809962207,0.998290960044722,25.35,call,0.11397619653094376
2026-09-10,0.04657534246575343,7825.0,7672.331809962207,0.998290960044722,19.1,call,0.11159478898079023
2026-09-10,0.04657534246575343,7850.0,7672.331809962207,0.998290960044722,13.95,call,0.10909379035041666
2026-09-10,0.04657534246575343,7875.0,7672.331809962207,0.998290960044722,10.100000000000001,call,0.10731936651422058
2026-09-10,0.04657534246575343,7920.0,7672.331809962207,0.998290960044722,5.4,call,0.10480833182492216
2026-09-10,0.04657534246575343,7930.0,7672.331809962207,0.998290960044722,4.65,call,0.10428900675667668
2026-09-10,0.04657534246575343,7950.0,7672.331809962207,0.998290960044722,3.45,call,0.10354247617607334
2026-09-10,0.04657534246575343,7975.0,7672.331809962207,0.998290960044722,2.45,call,0.10359433151716321
2026-09-10,0.04657534246575343,6600.0,7672.331809962207,0.998290960044722,2.075,put,0.3082274204800245
2026-09-10,0.04657534246575343,6650.0,7672.331809962207,0.998290960044722,2.2750000000000004,put,0.29824634645494724
2026-09-10,0.04657534246575343,6875.0,7672.331809962207,0.998290960044722,3.55,put,0.2528471385299971
2026-09-10,0.04657534246575343,6925.0,7672.331809962207,0.998290960044722,3.9499999999999997,put,0.24259295096531638
2026-09-10,0.04657534246575343,6975.0,7672.331809962207,0.998290960044722,4.449999999999999,put,0.23261668017405962
2026-09-10,0.04657534246575343,7000.0,7672.331809962207,0.998290960044722,4.7,put,0.22733919070959047
2026-09-10,0.04657534246575343,7025.0,7672.331809962207,0.998290960044722,5.050000000000001,put,0.2226861822801074
2026-09-10,0.04657534246575343,7050.0,7672.331809962207,0.998290960044722,5.4,put,0.21777110161116606
2026-09-10,0.04657534246575343,7100.0,7672.331809962207,0.998290960044722,6.2,put,0.20788465668229425
2026-09-10,0.04657534246575343,7125.0,7672.331809962207,0.998290960044722,6.65,put,0.20286052391313825
2026-09-10,0.04657534246575343,7150.0,7672.331809962207,0.998290960044722,7.25,put,0.198420603279035
2026-09-10,0.04657534246575343,7175.0,7672.331809962207,0.998290960044722,7.949999999999999,put,0.19413917851580959
2026-09-10,0.04657534246575343,7200.0,7672.331809962207,0.998290960044722,8.600000000000001,put,0.18919666283939537
2026-09-10,0.04657534246575343,7290.0,7672.331809962207,0.998290960044722,12.2,put,0.17343344238844338
2026-09-10,0.04657534246575343,7300.0,7672.331809962207,0.998290960044722,12.7,put,0.17165680249500523
2026-09-10,0.04657534246575343,7375.0,7672.331809962207,0.998290960044722,17.85,put,0.15963537590876453
2026-09-10,0.04657534246575343,7400.0,7672.331809962207,0.998290960044722,20.05,put,0.15555842438642128
2026-09-10,0.04657534246575343,7425.0,7672.331809962207,0.998290960044722,22.6,put,0.1515554247350021
2026-09-10,0.04657534246575343,7450.0,7672.331809962207,0.998290960044722,25.55,put,0.14760830175180267
2026-09-10,0.04657534246575343,7475.0,7672.331809962207,0.998290960044722,28.65,put,0.14305837800037807
2026-09-10,0.04657534246575343,7500.0,7672.331809962207,0.998290960044722,32.65,put,0.13935692328033428
2026-09-10,0.04657534246575343,7510.0,7672.331809962207,0.998290960044722,34.400000000000006,put,0.1378503865254453
2026-09-10,0.04657534246575343,7520.0,7672.331809962207,0.998290960044722,36.25,put,0.13634228621178307
2026-09-10,0.04657534246575343,7525.0,7672.331809962207,0.998290960044722,37.0,put,0.13519396832781524
2026-09-10,0.04657534246575343,7540.0,7672.331809962207,0.998290960044722,40.099999999999994,put,0.13301467910143713
2026-09-10,0.04657534246575343,7550.0,7672.331809962207,0.998290960044722,42.15,put,0.13127412648778713
2026-09-10,0.04657534246575343,7560.0,7672.331809962207,0.998290960044722,44.5,put,0.12984018404522898
2026-09-10,0.04657534246575343,7575.0,7672.331809962207,0.998290960044722,48.05,put,0.1273117719980185
2026-09-10,0.04657534246575343,7590.0,7672.331809962207,0.998290960044722,51.900000000000006,put,0.12476203182351803
2026-09-10,0.04657534246575343,7600.0,7672.331809962207,0.998290960044722,54.65,put,0.12305678725276924
2026-09-10,0.04657534246575343,7610.0,7672.331809962207,0.998290960044722,57.65,put,0.1214943929351046
2026-09-10,0.04657534246575343,7615.0,7672.331809962207,0.998290960044722,59.15,put,0.12061488975538694
2026-09-10,0.04657534246575343,7620.0,7672.331809962207,0.998290960044722,60.7,put,0.11974666463777467
2026-09-10,0.04657534246575343,7635.0,7672.331809962207,0.998290960044722,65.8,put,0.11742046278535215
2026-09-10,0.04657534246575343,7640.0,7672.331809962207,0.998290960044722,67.5,put,0.1165016917259342
2026-09-10,0.04657534246575343,7650.0,7672.331809962207,0.998290960044722,71.1,put,0.11474624508808226
2026-09-10,0.04657534246575343,7660.0,7672.331809962207,0.998290960044722,75.0,put,0.11313782351372108
2026-09-10,0.04657534246575343,7670.0,7672.331809962207,0.998290960044722,79.05,put,0.11143474915776976
2026-09-11,0.049315068493150684,7675.0,7674.645440838248,0.9981892102393874,84.25,call,0.13425484173046123
2026-09-11,0.049315068493150684,7680.0,7674.645440838248,0.9981892102393874,81.3,call,0.13333076264272636
2026-09-11,0.049315068493150684,7685.0,7674.645440838248,0.9981892102393874,78.5,call,0.13256117503702336
2026-09-11,0.049315068493150684,7690.0,7674.645440838248,0.9981892102393874,75.8,call,0.13187180147261568
2026-09-11,0.049315068493150684,7695.0,7674.645440838248,0.9981892102393874,73.2,call,0.13126238987950095
2026-09-11,0.049315068493150684,7700.0,7674.645440838248,0.9981892102393874,70.45,call,0.13035975863822047
2026-09-11,0.049315068493150684,7705.0,7674.645440838248,0.9981892102393874,67.9,call,0.12968429944075202
2026-09-11,0.049315068493150684,7710.0,7674.645440838248,0.9981892102393874,65.3,call,0.12886156214564026
2026-09-11,0.049315068493150684,7720.0,7674.645440838248,0.9981892102393874,60.400000000000006,call,0.12744682586483735
2026-09-11,0.049315068493150684,7725.0,7674.645440838248,0.9981892102393874,58.15,call,0.12693267054899485
2026-09-11,0.049315068493150684,7730.0,7674.645440838248,0.9981892102393874,55.7,call,0.12603529869162647
2026-09-11,0.049315068493150684,7735.0,7674.645440838248,0.9981892102393874,53.55,call,0.12552372336917444
2026-09-11,0.049315068493150684,7740.0,7674.645440838248,0.9981892102393874,51.35,call,0.12485734608139036
2026-09-11,0.049315068493150684,7750.0,7674.645440838248,0.9981892102393874,47.099999999999994,call,0.12352161409478593
2026-09-11,0.049315068493150684,7755.0,7674.645440838248,0.9981892102393874,45.15,call,0.12301325342708308
2026-09-11,0.049315068493150684,7760.0,7674.645440838248,0.9981892102393874,43.099999999999994,call,0.12226081673053424
2026-09-11,0.049315068493150684,7765.0,7674.645440838248,0.9981892102393874,41.25,call,0.12175272911254657
2026-09-11,0.049315068493150684,7770.0,7674.645440838248,0.9981892102393874,39.35,call,0.12107818340146674
2026-09-11,0.049315068493150684,7780.0,7674.645440838248,0.9981892102393874,35.8,call,0.1198930187736924
2026-09-11,0.049315068493150684,7785.0,7674.645440838248,0.9981892102393874,34.2,call,0.11947528680410019
2026-09-11,0.049315068493150684,7795.0,7674.645440838248,0.9981892102393874,30.95,call,0.11829349542165202
2026-09-11,0.049315068493150684,7805.0,7674.645440838248,0.9981892102393874,27.95,call,0.11720773557330345
2026-09-11,0.049315068493150684,7810.0,7674.645440838248,0.9981892102393874,26.55,call,0.11671771387273291
2026-09-11,0.049315068493150684,7820.0,7674.645440838248,0.9981892102393874,23.95,call,0.11585844777637139
2026-09-11,0.049315068493150684,7825.0,7674.645440838248,0.9981892102393874,22.55,call,0.11508550636651416
2026-09-11,0.049315068493150684,7830.0,7674.645440838248,0.9981892102393874,21.35,call,0.1146246137132123
2026-09-11,0.049315068493150684,7835.0,7674.645440838248,0.9981892102393874,20.25,call,0.11428425458833281
2026-09-11,0.049315068493150684,7840.0,7674.645440838248,0.9981892102393874,19.15,call,0.11385365658584938
2026-09-11,0.049315068493150684,7845.0,7674.645440838248,0.9981892102393874,18.1,call,0.11344079517670456
2026-09-11,0.049315068493150684,7850.0,7674.645440838248,0.9981892102393874,17.05,call,0.11293192182911045
2026-09-11,0.049315068493150684,7855.0,7674.645440838248,0.9981892102393874,16.05,call,0.11244056921038924
2026-09-11,0.049315068493150684,7860.0,7674.645440838248,0.9981892102393874,15.25,call,0.11234135858668164
2026-09-11,0.049315068493150684,7870.0,7674.645440838248,0.9981892102393874,13.399999999999999,call,0.11123989324811775
2026-09-11,0.049315068493150684,7875.0,7674.645440838248,0.9981892102393874,12.7,call,0.11113404865574378
2026-09-11,0.049315068493150684,7880.0,7674.645440838248,0.9981892102393874,11.85,call,0.11052506062102703
2026-09-11,0.049315068493150684,7890.0,7674.645440838248,0.9981892102393874,10.399999999999999,call,0.10969839362264759
2026-09-11,0.049315068493150684,7920.0,7674.645440838248,0.9981892102393874,7.1,call,0.10823567881609418
2026-09-11,0.049315068493150684,7925.0,7674.645440838248,0.9981892102393874,6.550000000000001,call,0.1076306931340347
2026-09-11,0.049315068493150684,7930.0,7674.645440838248,0.9981892102393874,6.15,call,0.10751484116190899
2026-09-11,0.049315068493150684,7940.0,7674.645440838248,0.9981892102393874,5.3,call,0.10678651230208105
2026-09-11,0.049315068493150684,7950.0,7674.645440838248,0.9981892102393874,4.7,call,0.10682615147102877
2026-09-11,0.049315068493150684,7960.0,7674.645440838248,0.9981892102393874,4.05,call,0.106276095260053
2026-09-11,0.049315068493150684,7970.0,7674.645440838248,0.9981892102393874,3.55,call,0.10617403698754188
2026-09-11,0.049315068493150684,7975.0,7674.645440838248,0.9981892102393874,3.35,call,0.10630471764516725
2026-09-11,0.049315068493150684,7980.0,7674.645440838248,0.9981892102393874,3.075,call,0.10588331750168038
2026-09-11,0.049315068493150684,7990.0,7674.645440838248,0.9981892102393874,2.725,call,0.10609617114502357
2026-09-11,0.049315068493150684,8010.0,7674.645440838248,0.9981892102393874,2.1,call,0.10625163191489712
2026-09-11,0.049315068493150684,6300.0,7674.645440838248,0.9981892102393874,1.525,put,0.36652178849780687
2026-09-11,0.049315068493150684,6500.0,7674.645440838248,0.9981892102393874,2.1,put,0.327191015303504
2026-09-11,0.049315068493150684,6550.0,7674.645440838248,0.9981892102393874,2.3,put,0.3176279944548471
2026-09-11,0.049315068493150684,6600.0,7674.645440838248,0.9981892102393874,2.5,put,0.307635817185513
2026-09-11,0.049315068493150684,6650.0,7674.645440838248,0.9981892102393874,2.75,put,0.2980434497651566
2026-09-11,0.049315068493150684,6675.0,7674.645440838248,0.9981892102393874,2.875,put,0.29306436019812704
2026-09-11,0.049315068493150684,6700.0,7674.645440838248,0.9981892102393874,3.0250000000000004,put,0.28832580209858516
2026-09-11,0.049315068493150684,6750.0,7674.645440838248,0.9981892102393874,3.3,put,0.2781190346949335
2026-09-11,0.049315068493150684,6800.0,7674.645440838248,0.9981892102393874,3.65,put,0.2683461532281256
2026-09-11,0.049315068493150684,6850.0,7674.645440838248,0.9981892102393874,4.05,put,0.2585394707082112
2026-09-11,0.049315068493150684,6875.0,7674.645440838248,0.9981892102393874,4.25,put,0.2534080289627523
2026-09-11,0.049315068493150684,6900.0,7674.645440838248,0.9981892102393874,4.449999999999999,put,0.24813543018256476
2026-09-11,0.049315068493150684,6925.0,7674.645440838248,0.9981892102393874,4.699999999999999,put,0.2431749730947619
2026-09-11,0.049315068493150684,7000.0,7674.645440838248,0.9981892102393874,5.65,put,0.2287979398907213
2026-09-11,0.049315068493150684,7025.0,7674.645440838248,0.9981892102393874,6.0,put,0.22382890392887275
2026-09-11,0.049315068493150684,7050.0,7674.645440838248,0.9981892102393874,6.4,put,0.21897907755944024
2026-09-11,0.049315068493150684,7075.0,7674.645440838248,0.9981892102393874,6.85,put,0.21420251160512785
2026-09-11,0.049315068493150684,7090.0,7674.645440838248,0.9981892102393874,7.15,put,0.2113900640988656
2026-09-11,0.049315068493150684,7100.0,7674.645440838248,0.9981892102393874,7.35,put,0.20945757746306629
2026-09-11,0.049315068493150684,7125.0,7674.645440838248,0.9981892102393874,7.949999999999999,put,0.20497907150424535
2026-09-11,0.049315068493150684,7150.0,7674.645440838248,0.9981892102393874,8.55,put,0.20017224621500662
2026-09-11,0.049315068493150684,7160.0,7674.645440838248,0.9981892102393874,8.8,put,0.19821234483876907
2026-09-11,0.049315068493150684,7175.0,7674.645440838248,0.9981892102393874,9.3,put,0.19577312380369857
2026-09-11,0.049315068493150684,7190.0,7674.645440838248,0.9981892102393874,9.8,put,0.19317778801028912
2026-09-11,0.049315068493150684,7200.0,7674.645440838248,0.9981892102393874,10.100000000000001,put,0.1912177078853132
2026-09-11,0.049315068493150684,7220.0,7674.645440838248,0.9981892102393874,10.899999999999999,put,0.1879664173568885
2026-09-11,0.049315068493150684,7225.0,7674.645440838248,0.9981892102393874,11.100000000000001,put,0.18710566307691834
2026-09-11,0.049315068493150684,7250.0,7674.645440838248,0.9981892102393874,12.100000000000001,put,0.18253041595010075
2026-09-11,0.049315068493150684,7260.0,7674.645440838248,0.9981892102393874,12.65,put,0.18113430107681583
2026-09-11,0.049315068493150684,7270.0,7674.645440838248,0.9981892102393874,13.100000000000001,put,0.17928090902817792
2026-09-11,0.049315068493150684,7275.0,7674.645440838248,0.9981892102393874,13.3,put,0.17823771403442867
2026-09-11,0.049315068493150684,7280.0,7674.645440838248,0.9981892102393874,13.600000000000001,put,0.1775279679062285
2026-09-11,0.049315068493150684,7290.0,7674.645440838248,0.9981892102393874,14.25,put,0.17620062999473388
2026-09-11,0.049315068493150684,7300.0,7674.645440838248,0.9981892102393874,14.7,put,0.1741085055147794
2026-09-11,0.049315068493150684,7310.0,7674.645440838248,0.9981892102393874,15.399999999999999,put,0.17274652111524663
2026-09-11,0.049315068493150684,7320.0,7674.645440838248,0.9981892102393874,16.0,put,0.17096422362629532
2026-09-11,0.049315068493150684,7325.0,7674.645440838248,0.9981892102393874,16.35,put,0.1701917244785783
2026-09-11,0.049315068493150684,7330.0,7674.645440838248,0.9981892102393874,16.65,put,0.16924278805933574
2026-09-11,0.049315068493150684,7340.0,7674.645440838248,0.9981892102393874,17.5,put,0.1680082964904631
2026-09-11,0.049315068493150684,7350.0,7674.645440838248,0.9981892102393874,18.2,put,0.16622429872558275
2026-09-11,0.049315068493150684,7360.0,7674.645440838248,0.9981892102393874,19.05,put,0.16475427818367078
2026-09-11,0.049315068493150684,7370.0,7674.645440838248,0.9981892102393874,19.85,put,0.16303350205996353
2026-09-11,0.049315068493150684,7375.0,7674.645440838248,0.9981892102393874,20.3,put,0.16226405228495494
2026-09-11,0.049315068493150684,7380.0,7674.645440838248,0.9981892102393874,20.75,put,0.16146461388540131
2026-09-11,0.049315068493150684,7390.0,7674.645440838248,0.9981892102393874,21.5,put,0.15940082694204497
2026-09-11,0.049315068493150684,7400.0,7674.645440838248,0.9981892102393874,22.5,put,0.15785391070795216
2026-09-11,0.049315068493150684,7410.0,7674.645440838248,0.9981892102393874,23.7,put,0.15665536469451666
2026-09-11,0.049315068493150684,7420.0,7674.645440838248,0.9981892102393874,24.7,put,0.15484748954584096
2026-09-11,0.049315068493150684,7425.0,7674.645440838248,0.9981892102393874,25.3,put,0.1541261059526919
2026-09-11,0.049315068493150684,7430.0,7674.645440838248,0.9981892102393874,25.95,put,0.15348110034774765
2026-09-11,0.049315068493150684,7440.0,7674.645440838248,0.9981892102393874,27.15,put,0.1518595847294565
2026-09-11,0.049315068493150684,7460.0,7674.645440838248,0.9981892102393874,29.65,put,0.14841700419575915
2026-09-11,0.049315068493150684,7470.0,7674.645440838248,0.9981892102393874,31.05,put,0.1467920199829
2026-09-11,0.049315068493150684,7480.0,7674.645440838248,0.9981892102393874,32.55,put,0.14521414100017394
2026-09-11,0.049315068493150684,7490.0,7674.645440838248,0.9981892102393874,34.25,put,0.14386270805631943
2026-09-11,0.049315068493150684,7495.0,7674.645440838248,0.9981892102393874,34.95,put,0.14283901169768762
2026-09-11,0.049315068493150684,7505.0,7674.645440838248,0.9981892102393874,36.65,put,0.14123795311777326
2026-09-11,0.049315068493150684,7510.0,7674.645440838248,0.9981892102393874,37.599999999999994,put,0.14055676486092075
2026-09-11,0.049315068493150684,7520.0,7674.645440838248,0.9981892102393874,39.5,put,0.13905744340722775
2026-09-11,0.049315068493150684,7525.0,7674.645440838248,0.9981892102393874,40.45,put,0.13824007316804823
2026-09-11,0.049315068493150684,7530.0,7674.645440838248,0.9981892102393874,41.45,put,0.13746506936512867
2026-09-11,0.049315068493150684,7540.0,7674.645440838248,0.9981892102393874,43.5,put,0.13586137227483042
2026-09-11,0.049315068493150684,7545.0,7674.645440838248,0.9981892102393874,44.55,put,0.13503131642178726
2026-09-11,0.049315068493150684,7550.0,7674.645440838248,0.9981892102393874,45.599999999999994,put,0.13415364121945683
2026-09-11,0.049315068493150684,7555.0,7674.645440838248,0.9981892102393874,46.7,put,0.1333112522615357
2026-09-11,0.049315068493150684,7560.0,7674.645440838248,0.9981892102393874,47.95,put,0.13266595344114268
2026-09-11,0.049315068493150684,7565.0,7674.645440838248,0.9981892102393874,49.0,put,0.13164184357333972
2026-09-11,0.049315068493150684,7570.0,7674.645440838248,0.9981892102393874,50.25,put,0.13089250980552353
2026-09-11,0.049315068493150684,7575.0,7674.645440838248,0.9981892102393874,51.5,put,0.13008978002584926
2026-09-11,0.049315068493150684,7580.0,7674.645440838248,0.9981892102393874,52.75,put,0.129233641644908
2026-09-11,0.049315068493150684,7590.0,7674.645440838248,0.9981892102393874,55.45,put,0.127672925576139
2026-09-11,0.049315068493150684,7595.0,7674.645440838248,0.9981892102393874,56.85,put,0.12688581388142522
2026-09-11,0.049315068493150684,7600.0,7674.645440838248,0.9981892102393874,58.3,put,0.12611816261782338
2026-09-11,0.049315068493150684,7605.0,7674.645440838248,0.9981892102393874,59.75,put,0.1252916705623194
2026-09-11,0.049315068493150684,7610.0,7674.645440838248,0.9981892102393874,61.2,put,0.12440598818972497
2026-09-11,0.049315068493150684,7615.0,7674.645440838248,0.9981892102393874,62.8,put,0.12368765949164717
2026-09-11,0.049315068493150684,7620.0,7674.645440838248,0.9981892102393874,64.3,put,0.12275612769236667
2026-09-11,0.049315068493150684,7625.0,7674.645440838248,0.9981892102393874,65.9,put,0.12191279080749817
2026-09-11,0.049315068493150684,7630.0,7674.645440838248,0.9981892102393874,67.55,put,0.12108028689354788
2026-09-11,0.049315068493150684,7635.0,7674.645440838248,0.9981892102393874,69.25,put,0.12025697598017428
2026-09-11,0.049315068493150684,7640.0,7674.645440838248,0.9981892102393874,71.0,put,0.11944125753751052
2026-09-11,0.049315068493150684,7645.0,7674.645440838248,0.9981892102393874,72.75,put,0.11855758707371719
2026-09-11,0.049315068493150684,7655.0,7674.645440838248,0.9981892102393874,76.6,put,0.11709788745832021
2026-09-11,0.049315068493150684,7660.0,7674.645440838248,0.9981892102393874,78.5,put,0.11622343047515833
2026-09-11,0.049315068493150684,7665.0,7674.645440838248,0.9981892102393874,80.5,put,0.11542273080148227
2026-09-11,0.049315068493150684,7670.0,7674.645440838248,0.9981892102393874,82.5,put,0.11454687227716555
2026-09-14,0.057534246575342465,7680.0,7675.272655936809,0.99788315061022,85.8,call,0.13070676740564666
2026-09-14,0.057534246575342465,7690.0,7675.272655936809,0.99788315061022,80.1,call,0.12906968754439926
2026-09-14,0.057534246575342465,7700.0,7675.272655936809,0.99788315061022,74.8,call,0.1277399956775127
2026-09-14,0.057534246575342465,7710.0,7675.272655936809,0.99788315061022,69.6,call,0.1262998005918843
2026-09-14,0.057534246575342465,7720.0,7675.272655936809,0.99788315061022,64.7,call,0.12502180721299008
2026-09-14,0.057534246575342465,7725.0,7675.272655936809,0.99788315061022,62.25,call,0.12428435823042082
2026-09-14,0.057534246575342465,7740.0,7675.272655936809,0.99788315061022,55.400000000000006,call,0.12237795093690927
2026-09-14,0.057534246575342465,7750.0,7675.272655936809,0.99788315061022,51.099999999999994,call,0.12114802352450518
2026-09-14,0.057534246575342465,7770.0,7675.272655936809,0.99788315061022,43.099999999999994,call,0.11872025560332496
2026-09-14,0.057534246575342465,7775.0,7675.272655936809,0.99788315061022,41.3,call,0.11823596382977526
2026-09-14,0.057534246575342465,7800.0,7675.272655936809,0.99788315061022,32.85,call,0.11556763042297555
2026-09-14,0.057534246575342465,7820.0,7675.272655936809,0.99788315061022,27.0,call,0.11355143347903313
2026-09-14,0.057534246575342465,7825.0,7675.272655936809,0.99788315061022,25.7,call,0.11313741638917953
2026-09-14,0.057534246575342465,7840.0,7675.272655936809,0.99788315061022,22.0,call,0.1117881187876564
2026-09-14,0.057534246575342465,7850.0,7675.272655936809,0.99788315061022,19.75,call,0.11089978803509058
2026-09-14,0.057534246575342465,7860.0,7675.272655936809,0.99788315061022,17.95,call,0.1106348504769854
2026-09-14,0.057534246575342465,7870.0,7675.272655936809,0.99788315061022,15.95,call,0.10961766975196567
2026-09-14,0.057534246575342465,7900.0,7675.272655936809,0.99788315061022,11.15,call,0.10730601494662804
2026-09-14,0.057534246575342465,7925.0,7675.272655936809,0.99788315061022,8.2,call,0.10589926383575554
2026-09-14,0.057534246575342465,7950.0,7675.272655936809,0.99788315061022,5.9,call,0.10451586468952788
2026-09-14,0.057534246575342465,7975.0,7675.272655936809,0.99788315061022,4.25,call,0.1036727198106795
2026-09-14,0.057534246575342465,8000.0,7675.272655936809,0.99788315061022,3.075,call,0.10329401006269207
2026-09-14,0.057534246575342465,6650.0,7675.272655936809,0.99788315061022,3.45,put,0.28489574180996874
2026-09-14,0.057534246575342465,6750.0,7675.272655936809,0.99788315061022,4.1,put,0.26594445048138055
2026-09-14,0.057534246575342465,6800.0,7675.272655936809,0.99788315061022,4.5,put,0.2565496760609401
2026-09-14,0.057534246575342465,6825.0,7675.272655936809,0.99788315061022,4.699999999999999,put,0.25166501567908167
2026-09-14,0.057534246575342465,6850.0,7675.272655936809,0.99788315061022,4.949999999999999,put,0.24709017570891126
2026-09-14,0.057534246575342465,6875.0,7675.272655936809,0.99788315061022,5.2,put,0.24236375323953635
2026-09-14,0.057534246575342465,6900.0,7675.272655936809,0.99788315061022,5.449999999999999,put,0.2374938705541475
2026-09-14,0.057534246575342465,6950.0,7675.272655936809,0.99788315061022,6.050000000000001,put,0.22804717581233536
2026-09-14,0.057534246575342465,6975.0,7675.272655936809,0.99788315061022,6.4,put,0.2234122606343194
2026-09-14,0.057534246575342465,7000.0,7675.272655936809,0.99788315061022,6.8,put,0.21890452466631388
2026-09-14,0.057534246575342465,7050.0,7675.272655936809,0.99788315061022,7.75,put,0.2101096885091124
2026-09-14,0.057534246575342465,7075.0,7675.272655936809,0.99788315061022,8.2,put,0.2052328058149539
2026-09-14,0.057534246575342465,7100.0,7675.272655936809,0.99788315061022,8.8,put,0.20088998701359317
2026-09-14,0.057534246575342465,7125.0,7675.272655936809,0.99788315061022,9.45,put,0.1965025377743585
2026-09-14,0.057534246575342465,7150.0,7675.272655936809,0.99788315061022,10.25,put,0.19247568747681798
2026-09-14,0.057534246575342465,7200.0,7675.272655936809,0.99788315061022,12.0,put,0.1839749165583597
2026-09-14,0.057534246575342465,7225.0,7675.272655936809,0.99788315061022,13.05,put,0.17982579773764465
2026-09-14,0.057534246575342465,7250.0,7675.272655936809,0.99788315061022,14.2,put,0.17561354105855526
2026-09-14,0.057534246575342465,7300.0,7675.272655936809,0.99788315061022,17.15,put,0.16785201974685984
2026-09-14,0.057534246575342465,7325.0,7675.272655936809,0.99788315061022,18.8,put,0.16370784470572297
2026-09-14,0.057534246575342465,7375.0,7675.272655936809,0.99788315061022,23.0,put,0.1560235869364499
2026-09-14,0.057534246575342465,7390.0,7675.272655936809,0.99788315061022,24.35,put,0.15345197411758327
2026-09-14,0.057534246575342465,7400.0,7675.272655936809,0.99788315061022,25.55,put,0.1522662755916499
2026-09-14,0.057534246575342465,7450.0,7675.272655936809,0.99788315061022,31.6,put,0.14457337392163958
2026-09-14,0.057534246575342465,7475.0,7675.272655936809,0.99788315061022,35.25,put,0.14074604495698034
2026-09-14,0.057534246575342465,7480.0,7675.272655936809,0.99788315061022,35.95,put,0.13982710025211412
2026-09-14,0.057534246575342465,7500.0,7675.272655936809,0.99788315061022,39.099999999999994,put,0.13642785692315118
2026-09-14,0.057534246575342465,7510.0,7675.272655936809,0.99788315061022,41.15,put,0.13530747696246093
2026-09-14,0.057534246575342465,7525.0,7675.272655936809,0.99788315061022,44.05,put,0.13302791719695942
2026-09-14,0.057534246575342465,7550.0,7675.272655936809,0.99788315061022,49.35,put,0.1291465320591287
2026-09-14,0.057534246575342465,7560.0,7675.272655936809,0.99788315061022,51.65,put,0.12756842396755613
2026-09-14,0.057534246575342465,7575.0,7675.272655936809,0.99788315061022,55.35,put,0.1252324856127051
2026-09-14,0.057534246575342465,7580.0,7675.272655936809,0.99788315061022,56.7,put,0.12453001238717559
2026-09-14,0.057534246575342465,7600.0,7675.272655936809,0.99788315061022,62.0,put,0.12108016532970595
2026-09-14,0.057534246575342465,7610.0,7675.272655936809,0.99788315061022,65.05,put,0.11961576467810754
2026-09-14,0.057534246575342465,7620.0,7675.272655936809,0.99788315061022,68.15,put,0.11800308283180823
2026-09-14,0.057534246575342465,7625.0,7675.272655936809,0.99788315061022,69.7,put,0.11711326077965596
2026-09-14,0.057534246575342465,7640.0,7675.272655936809,0.99788315061022,74.94999999999999,put,0.11492341191550177
2026-09-14,0.057534246575342465,7650.0,7675.272655936809,0.99788315061022,78.55000000000001,put,0.1132973451874583
2026-09-14,0.057534246575342465,7660.0,7675.272655936809,0.99788315061022,82.2,put,0.11148663141330174
2026-09-14,0.057534246575342465,7670.0,7675.272655936809,0.99788315061022,86.25,put,0.10995775311253779
2026-09-14,0.057534246575342465,7675.0,7675.272655936809,0.99788315061022,88.4,put,0.10926163920564992
2026-09-15,0.06027397260273973,7680.0,7674.608701249667,0.9977808608078802,88.25,call,0.1318879414906935
2026-09-15,0.06027397260273973,7690.0,7674.608701249667,0.9977808608078802,82.7,call,0.13047378424270734
2026-09-15,0.06027397260273973,7700.0,7674.608701249667,0.9977808608078802,77.25,call,0.12896472278269336
2026-09-15,0.06027397260273973,7725.0,7674.608701249667,0.9977808608078802,64.75,call,0.12567162091902348
2026-09-15,0.06027397260273973,7730.0,7674.608701249667,0.9977808608078802,62.3,call,0.12489461776415786
2026-09-15,0.06027397260273973,7740.0,7674.608701249667,0.9977808608078802,57.8,call,0.12370489457450086
2026-09-15,0.06027397260273973,7750.0,7674.608701249667,0.9977808608078802,53.55,call,0.12261019459037088
2026-09-15,0.06027397260273973,7760.0,7674.608701249667,0.9977808608078802,49.400000000000006,call,0.12139390405053375
2026-09-15,0.06027397260273973,7775.0,7674.608701249667,0.9977808608078802,43.5,call,0.11952804845499808
2026-09-15,0.06027397260273973,7790.0,7674.608701249667,0.9977808608078802,38.2,call,0.11793341827681003
2026-09-15,0.06027397260273973,7800.0,7674.608701249667,0.9977808608078802,35.0,call,0.11703829357602644
2026-09-15,0.06027397260273973,7810.0,7674.608701249667,0.9977808608078802,31.950000000000003,call,0.11609936384874421
2026-09-15,0.06027397260273973,7820.0,7674.608701249667,0.9977808608078802,29.1,call,0.1152023259706905
2026-09-15,0.06027397260273973,7825.0,7674.608701249667,0.9977808608078802,27.65,call,0.11459513342333665
2026-09-15,0.06027397260273973,7850.0,7674.608701249667,0.9977808608078802,21.55,call,0.11247643565741873
2026-09-15,0.06027397260273973,7900.0,7674.608701249667,0.9977808608078802,12.45,call,0.10874627870923378
2026-09-15,0.06027397260273973,7925.0,7674.608701249667,0.9977808608078802,9.25,call,0.1072026736389183
2026-09-15,0.06027397260273973,7950.0,7674.608701249667,0.9977808608078802,6.85,call,0.10614067807737959
2026-09-15,0.06027397260273973,7975.0,7674.608701249667,0.9977808608078802,5.0,call,0.10518936139423014
2026-09-15,0.06027397260273973,8000.0,7674.608701249667,0.9977808608078802,3.65,call,0.10463127336762358
2026-09-15,0.06027397260273973,6300.0,7674.608701249667,0.9977808608078802,2.25,put,0.3475091943170243
2026-09-15,0.06027397260273973,6700.0,7674.608701249667,0.9977808608078802,4.25,put,0.27403424960082995
2026-09-15,0.06027397260273973,6750.0,7674.608701249667,0.9977808608078802,4.65,put,0.2648408208458417
2026-09-15,0.06027397260273973,6800.0,7674.608701249667,0.9977808608078802,5.050000000000001,put,0.2551844736531221
2026-09-15,0.06027397260273973,6825.0,7674.608701249667,0.9977808608078802,5.3,put,0.25060356798367117
2026-09-15,0.06027397260273973,6950.0,7674.608701249667,0.9977808608078802,6.85,put,0.22767559962131315
2026-09-15,0.06027397260273973,7000.0,7674.608701249667,0.9977808608078802,7.7,put,0.21876682023211041
2026-09-15,0.06027397260273973,7025.0,7674.608701249667,0.9977808608078802,8.100000000000001,put,0.21388366865977015
2026-09-15,0.06027397260273973,7100.0,7674.608701249667,0.9977808608078802,9.95,put,0.20119374197210224
2026-09-15,0.06027397260273973,7150.0,7674.608701249667,0.9977808608078802,11.45,put,0.19253173049407837
2026-09-15,0.06027397260273973,7175.0,7674.608701249667,0.9977808608078802,12.3,put,0.18814597104548644
2026-09-15,0.06027397260273973,7250.0,7674.608701249667,0.9977808608078802,15.8,put,0.17614025832940244
2026-09-15,0.06027397260273973,7300.0,7674.608701249667,0.9977808608078802,18.9,put,0.168300844708965
2026-09-15,0.06027397260273973,7325.0,7674.608701249667,0.9977808608078802,20.75,put,0.1644378803397299
2026-09-15,0.06027397260273973,7350.0,7674.608701249667,0.9977808608078802,22.65,put,0.16017233064298933
2026-09-15,0.06027397260273973,7375.0,7674.608701249667,0.9977808608078802,25.1,put,0.15660991880631142
2026-09-15,0.06027397260273973,7425.0,7674.608701249667,0.9977808608078802,30.7,put,0.1489886863759538
2026-09-15,0.06027397260273973,7450.0,7674.608701249667,0.9977808608078802,33.95,put,0.14500995057986843
2026-09-15,0.06027397260273973,7475.0,7674.608701249667,0.9977808608078802,37.75,put,0.14125743141484395
2026-09-15,0.06027397260273973,7500.0,7674.608701249667,0.9977808608078802,42.0,put,0.13743559586310045
2026-09-15,0.06027397260273973,7550.0,7674.608701249667,0.9977808608078802,52.2,put,0.12973058396545215
2026-09-15,0.06027397260273973,7575.0,7674.608701249667,0.9977808608078802,58.25,put,0.1257671729677592
2026-09-15,0.06027397260273973,7580.0,7674.608701249667,0.9977808608078802,59.599999999999994,put,0.12504107127431308
2026-09-15,0.06027397260273973,7590.0,7674.608701249667,0.9977808608078802,62.25,put,0.12337761541295561
2026-09-15,0.06027397260273973,7600.0,7674.608701249667,0.9977808608078802,65.1,put,0.12180190188572801
2026-09-15,0.06027397260273973,7610.0,7674.608701249667,0.9977808608078802,68.05000000000001,put,0.12016493086467482
2026-09-15,0.06027397260273973,7620.0,7674.608701249667,0.9977808608078802,71.2,put,0.11859447695992408
2026-09-15,0.06027397260273973,7640.0,7674.608701249667,0.9977808608078802,78.0,put,0.11547476926012736
2026-09-15,0.06027397260273973,7650.0,7674.608701249667,0.9977808608078802,81.7,put,0.11397258664703323
2026-09-15,0.06027397260273973,7660.0,7674.608701249667,0.9977808608078802,85.44999999999999,put,0.11229553192560562
2026-09-15,0.06027397260273973,7670.0,7674.608701249667,0.9977808608078802,89.44999999999999,put,0.1107004610807536
2026-09-16,0.06301369863013699,7680.0,7675.199561642594,0.9976784361152532,93.65,call,0.13616995245453556
2026-09-16,0.06301369863013699,7690.0,7675.199561642594,0.9976784361152532,88.15,call,0.1348751728038924
2026-09-16,0.06301369863013699,7700.0,7675.199561642594,0.9976784361152532,82.7,call,0.13343528408532013
2026-09-16,0.06301369863013699,7720.0,7675.199561642594,0.9976784361152532,72.44999999999999,call,0.1307577265906586
2026-09-16,0.06301369863013699,7725.0,7675.199561642594,0.9976784361152532,69.94999999999999,call,0.130030042477378
2026-09-16,0.06301369863013699,7730.0,7675.199561642594,0.9976784361152532,67.65,call,0.12951411289584905
2026-09-16,0.06301369863013699,7740.0,7675.199561642594,0.9976784361152532,63.0,call,0.12824004351540272
2026-09-16,0.06301369863013699,7750.0,7675.199561642594,0.9976784361152532,58.599999999999994,call,0.12706996535632906
2026-09-16,0.06301369863013699,7775.0,7675.199561642594,0.9976784361152532,48.45,call,0.12426311017321728
2026-09-16,0.06301369863013699,7800.0,7675.199561642594,0.9976784361152532,39.5,call,0.12160806727429271
2026-09-16,0.06301369863013699,7950.0,7675.199561642594,0.9976784361152532,8.75,call,0.11030006499047222
2026-09-16,0.06301369863013699,7975.0,7675.199561642594,0.9976784361152532,6.5,call,0.10908344504092228
2026-09-16,0.06301369863013699,8025.0,7675.199561642594,0.9976784361152532,3.6,call,0.10791876647817018
2026-09-16,0.06301369863013699,8050.0,7675.199561642594,0.9976784361152532,2.7,call,0.10789377236505111
2026-09-16,0.06301369863013699,8075.0,7675.199561642594,0.9976784361152532,2.05,call,0.1082572673642707
2026-09-16,0.06301369863013699,6200.0,7675.199561642594,0.9976784361152532,2.35,put,0.3664015386624652
2026-09-16,0.06301369863013699,6300.0,7675.199561642594,0.9976784361152532,2.7,put,0.34814832762763953
2026-09-16,0.06301369863013699,6500.0,7675.199561642594,0.9976784361152532,3.7,put,0.31264613325545726
2026-09-16,0.06301369863013699,6700.0,7675.199561642594,0.9976784361152532,5.0,put,0.27510179555280645
2026-09-16,0.06301369863013699,6800.0,7675.199561642594,0.9976784361152532,5.949999999999999,put,0.25667667007044354
2026-09-16,0.06301369863013699,6900.0,7675.199561642594,0.9976784361152532,7.25,put,0.2386897170699153
2026-09-16,0.06301369863013699,6925.0,7675.199561642594,0.9976784361152532,7.65,put,0.23427322926142577
2026-09-16,0.06301369863013699,7075.0,7675.199561642594,0.9976784361152532,10.8,put,0.20765323930308893
2026-09-16,0.06301369863013699,7100.0,7675.199561642594,0.9976784361152532,11.600000000000001,put,0.20364647223219215
2026-09-16,0.06301369863013699,7200.0,7675.199561642594,0.9976784361152532,15.600000000000001,put,0.18743112634621592
2026-09-16,0.06301369863013699,7275.0,7675.199561642594,0.9976784361152532,19.85,put,0.17537564569477454
2026-09-16,0.06301369863013699,7325.0,7675.199561642594,0.9976784361152532,23.6,put,0.1675488534440175
2026-09-16,0.06301369863013699,7350.0,7675.199561642594,0.9976784361152532,25.85,put,0.16374772158409492
2026-09-16,0.06301369863013699,7375.0,7675.199561642594,0.9976784361152532,28.35,put,0.15992520300034124
2026-09-16,0.06301369863013699,7400.0,7675.199561642594,0.9976784361152532,31.2,put,0.15621286961756006
2026-09-16,0.06301369863013699,7450.0,7675.199561642594,0.9976784361152532,37.85,put,0.14859756262322033
2026-09-16,0.06301369863013699,7475.0,7675.199561642594,0.9976784361152532,41.75,put,0.1447243946449889
2026-09-16,0.06301369863013699,7480.0,7675.199561642594,0.9976784361152532,42.5,put,0.14381050537185236
2026-09-16,0.06301369863013699,7500.0,7675.199561642594,0.9976784361152532,46.2,put,0.14096340362802454
2026-09-16,0.06301369863013699,7525.0,7675.199561642594,0.9976784361152532,51.15,put,0.1371305759831075
2026-09-16,0.06301369863013699,7600.0,7675.199561642594,0.9976784361152532,69.8,put,0.12536051296660003
2026-09-16,0.06301369863013699,7620.0,7675.199561642594,0.9976784361152532,76.15,put,0.12243510184988717
2026-09-16,0.06301369863013699,7625.0,7675.199561642594,0.9976784361152532,77.7,put,0.1215310558177824
2026-09-16,0.06301369863013699,7650.0,7675.199561642594,0.9976784361152532,86.6,put,0.1177412269256194
2026-09-16,0.06301369863013699,7660.0,7675.199561642594,0.9976784361152532,90.4,put,0.11615424250797489
2026-09-16,0.06301369863013699,7670.0,7675.199561642594,0.9976784361152532,94.3,put,0.1144651270237246
2026-09-16,0.06301369863013699,7675.0,7675.199561642594,0.9976784361152532,96.44999999999999,put,0.11379157022860122
2026-09-18,0.0684931506849315,7680.0,7678.874569842025,0.9974731822339713,101.1,call,0.13870028152960004
2026-09-18,0.0684931506849315,7685.0,7678.874569842025,0.9974731822339713,99.65,call,0.13976497527870443
2026-09-18,0.0684931506849315,7690.0,7678.874569842025,0.9974731822339713,96.9,call,0.13915585316916984
2026-09-18,0.0684931506849315,7695.0,7678.874569842025,0.9974731822339713,92.65,call,0.13661310307693367
2026-09-18,0.0684931506849315,7700.0,7678.874569842025,0.9974731822339713,91.4,call,0.13779747251729044
2026-09-18,0.0684931506849315,7705.0,7678.874569842025,0.9974731822339713,88.6,call,0.1369833359422978
2026-09-18,0.0684931506849315,7710.0,7678.874569842025,0.9974731822339713,86.1,call,0.13650006276736087
2026-09-18,0.0684931506849315,7715.0,7678.874569842025,0.9974731822339713,83.45,call,0.13577785583915836
2026-09-18,0.0684931506849315,7720.0,7678.874569842025,0.9974731822339713,80.9,call,0.13513294973828835
2026-09-18,0.0684931506849315,7725.0,7678.874569842025,0.9974731822339713,77.0,call,0.1327056562581613
2026-09-18,0.0684931506849315,7730.0,7678.874569842025,0.9974731822339713,75.95,call,0.13388364979059814
2026-09-18,0.0684931506849315,7735.0,7678.874569842025,0.9974731822339713,73.55,call,0.13327875237595016
2026-09-18,0.0684931506849315,7740.0,7678.874569842025,0.9974731822339713,71.2,call,0.1326867586770148
2026-09-18,0.0684931506849315,7745.0,7678.874569842025,0.9974731822339713,67.44999999999999,call,0.1302072564307478
2026-09-18,0.0684931506849315,7750.0,7678.874569842025,0.9974731822339713,65.15,call,0.12956238053368718
2026-09-18,0.0684931506849315,7755.0,7678.874569842025,0.9974731822339713,64.3,call,0.13078795582222888
2026-09-18,0.0684931506849315,7760.0,7678.874569842025,0.9974731822339713,62.2,call,0.1303120113155916
2026-09-18,0.0684931506849315,7765.0,7678.874569842025,0.9974731822339713,58.7,call,0.12789411538483647
2026-09-18,0.0684931506849315,7770.0,7678.874569842025,0.9974731822339713,56.650000000000006,call,0.12736131361852915
2026-09-18,0.0684931506849315,7775.0,7678.874569842025,0.9974731822339713,54.7,call,0.12690903776161536
2026-09-18,0.0684931506849315,7780.0,7678.874569842025,0.9974731822339713,54.0,call,0.1281320067871099
2026-09-18,0.0684931506849315,7785.0,7678.874569842025,0.9974731822339713,50.75,call,0.125764624754125
2026-09-18,0.0684931506849315,7800.0,7678.874569842025,0.9974731822339713,45.5,call,0.12456684935664064
2026-09-18,0.0684931506849315,7805.0,7678.874569842025,0.9974731822339713,44.75,call,0.1255146221388562
2026-09-18,0.0684931506849315,7810.0,7678.874569842025,0.9974731822339713,41.85,call,0.1232528611045131
2026-09-18,0.0684931506849315,7815.0,7678.874569842025,0.9974731822339713,41.400000000000006,call,0.12456231470321213
2026-09-18,0.0684931506849315,7820.0,7678.874569842025,0.9974731822339713,39.8,call,0.12410885803500071
2026-09-18,0.0684931506849315,7825.0,7678.874569842025,0.9974731822339713,38.25,call,0.12367163391349265
2026-09-18,0.0684931506849315,7830.0,7678.874569842025,0.9974731822339713,36.8,call,0.12332967282247936
2026-09-18,0.0684931506849315,7835.0,7678.874569842025,0.9974731822339713,34.15,call,0.12102020680483978
2026-09-18,0.0684931506849315,7840.0,7678.874569842025,0.9974731822339713,34.15,call,0.1228697879655271
2026-09-18,0.0684931506849315,7845.0,7678.874569842025,0.9974731822339713,32.5,call,0.12202456556343384
2026-09-18,0.0684931506849315,7850.0,7678.874569842025,0.9974731822339713,31.1,call,0.1215178965424922
2026-09-18,0.0684931506849315,7855.0,7678.874569842025,0.9974731822339713,29.0,call,0.11975389389094743
2026-09-18,0.0684931506849315,7860.0,7678.874569842025,0.9974731822339713,27.6,call,0.1190869583252525
2026-09-18,0.0684931506849315,7870.0,7678.874569842025,0.9974731822339713,26.2,call,0.12004742773079462
2026-09-18,0.0684931506849315,7880.0,7678.874569842025,0.9974731822339713,23.1,call,0.11769836366727723
2026-09-18,0.0684931506849315,7885.0,7678.874569842025,0.9974731822339713,22.1,call,0.1174269636922267
2026-09-18,0.0684931506849315,7890.0,7678.874569842025,0.9974731822339713,21.8,call,0.11846334886237235
2026-09-18,0.0684931506849315,7895.0,7678.874569842025,0.9974731822339713,20.2,call,0.11689522164759619
2026-09-18,0.0684931506849315,7900.0,7678.874569842025,0.9974731822339713,19.85,call,0.11776315960045614
2026-09-18,0.0684931506849315,7910.0,7678.874569842025,0.9974731822339713,17.45,call,0.11582170924224419
2026-09-18,0.0684931506849315,7915.0,7678.874569842025,0.9974731822339713,17.2,call,0.11679448835699707
2026-09-18,0.0684931506849315,7920.0,7678.874569842025,0.9974731822339713,16.35,call,0.11641144721628748
2026-09-18,0.0684931506849315,7925.0,7678.874569842025,0.9974731822339713,14.899999999999999,call,0.11456133889326961
2026-09-18,0.0684931506849315,7930.0,7678.874569842025,0.9974731822339713,14.15,call,0.1142314545572012
2026-09-18,0.0684931506849315,7935.0,7678.874569842025,0.9974731822339713,14.2,call,0.1157945415818928
2026-09-18,0.0684931506849315,7940.0,7678.874569842025,0.9974731822339713,13.5,call,0.11550448440570474
2026-09-18,0.0684931506849315,7950.0,7678.874569842025,0.9974731822339713,11.65,call,0.1135165963408845
2026-09-18,0.0684931506849315,7955.0,7678.874569842025,0.9974731822339713,11.5,call,0.11448454934320593
2026-09-18,0.0684931506849315,7960.0,7678.874569842025,0.9974731822339713,10.85,call,0.11404514224586912
2026-09-18,0.0684931506849315,7970.0,7678.874569842025,0.9974731822339713,9.75,call,0.11352345117897458
2026-09-18,0.0684931506849315,7975.0,7678.874569842025,0.9974731822339713,9.3,call,0.11346850311768622
2026-09-18,0.0684931506849315,7980.0,7678.874569842025,0.9974731822339713,8.85,call,0.11335817100801232
2026-09-18,0.0684931506849315,7995.0,7678.874569842025,0.9974731822339713,7.1,call,0.11122761734611049
2026-09-18,0.0684931506849315,8000.0,7678.874569842025,0.9974731822339713,7.15,call,0.11264729589414593
2026-09-18,0.0684931506849315,8010.0,7678.874569842025,0.9974731822339713,6.4,call,0.11227272397080515
2026-09-18,0.0684931506849315,8015.0,7678.874569842025,0.9974731822339713,5.7,call,0.11064958203047269
2026-09-18,0.0684931506849315,8020.0,7678.874569842025,0.9974731822339713,5.7,call,0.11183501876672745
2026-09-18,0.0684931506849315,8025.0,7678.874569842025,0.9974731822339713,5.4,call,0.11172978725260868
2026-09-18,0.0684931506849315,8030.0,7678.874569842025,0.9974731822339713,5.1,call,0.11156429930109851
2026-09-18,0.0684931506849315,8035.0,7678.874569842025,0.9974731822339713,4.5,call,0.10989663770539614
2026-09-18,0.0684931506849315,8040.0,7678.874569842025,0.9974731822339713,4.300000000000001,call,0.11003732356550988
2026-09-18,0.0684931506849315,8055.0,7678.874569842025,0.9974731822339713,3.6,call,0.10962480979789531
2026-09-18,0.0684931506849315,8060.0,7678.874569842025,0.9974731822339713,3.4,call,0.10955179928438882
2026-09-18,0.0684931506849315,8075.0,7678.874569842025,0.9974731822339713,3.1,call,0.11092520976127648
2026-09-18,0.0684931506849315,8110.0,7678.874569842025,0.9974731822339713,2.15,call,0.11125144911489691
2026-09-18,0.0684931506849315,6175.0,7678.874569842025,0.9974731822339713,2.875,put,0.3674002612869099
2026-09-18,0.0684931506849315,6200.0,7678.874569842025,0.9974731822339713,2.9,put,0.36175085808702295
2026-09-18,0.0684931506849315,6240.0,7678.874569842025,0.9974731822339713,3.1,put,0.35527891108126075
2026-09-18,0.0684931506849315,6275.0,7678.874569842025,0.9974731822339713,3.3,put,0.34979218709822196
2026-09-18,0.0684931506849315,6300.0,7678.874569842025,0.9974731822339713,3.45,put,0.34584654239346724
2026-09-18,0.0684931506849315,6310.0,7678.874569842025,0.9974731822339713,3.4,put,0.34268747217529405
2026-09-18,0.0684931506849315,6325.0,7678.874569842025,0.9974731822339713,3.6,put,0.3417936261996171
2026-09-18,0.0684931506849315,6350.0,7678.874569842025,0.9974731822339713,3.7,put,0.3369845287060229
2026-09-18,0.0684931506849315,6360.0,7678.874569842025,0.9974731822339713,3.6,put,0.33320423691312884
2026-09-18,0.0684931506849315,6380.0,7678.874569842025,0.9974731822339713,3.8,put,0.33089605728396465
2026-09-18,0.0684931506849315,6400.0,7678.874569842025,0.9974731822339713,3.8,put,0.32597671736595607
2026-09-18,0.0684931506849315,6440.0,7678.874569842025,0.9974731822339713,4.1,put,0.3197525075177943
2026-09-18,0.0684931506849315,6500.0,7678.874569842025,0.9974731822339713,4.6,put,0.31037703158817054
2026-09-18,0.0684931506849315,6525.0,7678.874569842025,0.9974731822339713,4.6,put,0.30414319671826173
2026-09-18,0.0684931506849315,6580.0,7678.874569842025,0.9974731822339713,5.0,put,0.294335522254225
2026-09-18,0.0684931506849315,6590.0,7678.874569842025,0.9974731822339713,5.05,put,0.2922945223693735
2026-09-18,0.0684931506849315,6600.0,7678.874569842025,0.9974731822339713,5.199999999999999,put,0.29116029972564866
2026-09-18,0.0684931506849315,6650.0,7678.874569842025,0.9974731822339713,5.550000000000001,put,0.281597244644017
2026-09-18,0.0684931506849315,6675.0,7678.874569842025,0.9974731822339713,5.75,put,0.276909277454691
2026-09-18,0.0684931506849315,6690.0,7678.874569842025,0.9974731822339713,5.949999999999999,put,0.2746881470652535
2026-09-18,0.0684931506849315,6700.0,7678.874569842025,0.9974731822339713,6.050000000000001,put,0.27291455880293963
2026-09-18,0.0684931506849315,6710.0,7678.874569842025,0.9974731822339713,6.15,put,0.27112318673160946
2026-09-18,0.0684931506849315,6725.0,7678.874569842025,0.9974731822339713,6.449999999999999,put,0.26950918810020486
2026-09-18,0.0684931506849315,6750.0,7678.874569842025,0.9974731822339713,6.75,put,0.265198462460755
2026-09-18,0.0684931506849315,6760.0,7678.874569842025,0.9974731822339713,6.65,put,0.26191077283454706
2026-09-18,0.0684931506849315,6775.0,7678.874569842025,0.9974731822339713,6.85,put,0.25940882696636114
2026-09-18,0.0684931506849315,6780.0,7678.874569842025,0.9974731822339713,6.9,put,0.25845048345785177
2026-09-18,0.0684931506849315,6800.0,7678.874569842025,0.9974731822339713,7.35,put,0.2561993781626357
2026-09-18,0.0684931506849315,6810.0,7678.874569842025,0.9974731822339713,7.25,put,0.25294207238493177
2026-09-18,0.0684931506849315,6825.0,7678.874569842025,0.9974731822339713,7.449999999999999,put,0.2502823296166468
2026-09-18,0.0684931506849315,6850.0,7678.874569842025,0.9974731822339713,7.85,put,0.24614106618197332
2026-09-18,0.0684931506849315,6875.0,7678.874569842025,0.9974731822339713,8.25,put,0.24183707236751276
2026-09-18,0.0684931506849315,6880.0,7678.874569842025,0.9974731822339713,8.600000000000001,put,0.2424606946552695
2026-09-18,0.0684931506849315,6890.0,7678.874569842025,0.9974731822339713,8.75,put,0.24060170388854094
2026-09-18,0.0684931506849315,6900.0,7678.874569842025,0.9974731822339713,8.65,put,0.23737893143361108
2026-09-18,0.0684931506849315,6910.0,7678.874569842025,0.9974731822339713,9.100000000000001,put,0.23708171065601294
2026-09-18,0.0684931506849315,6925.0,7678.874569842025,0.9974731822339713,9.399999999999999,put,0.2345655611639991
2026-09-18,0.0684931506849315,6940.0,7678.874569842025,0.9974731822339713,9.35,put,0.2302446979238453
2026-09-18,0.0684931506849315,6950.0,7678.874569842025,0.9974731822339713,9.95,put,0.23046773056898057
2026-09-18,0.0684931506849315,6960.0,7678.874569842025,0.9974731822339713,9.85,put,0.22725091076545148
2026-09-18,0.0684931506849315,6975.0,7678.874569842025,0.9974731822339713,10.15,put,0.22455675530019728
2026-09-18,0.0684931506849315,6990.0,7678.874569842025,0.9974731822339713,10.45,put,0.22180154541539548
2026-09-18,0.0684931506849315,7000.0,7678.874569842025,0.9974731822339713,11.15,put,0.22212843218240116
2026-09-18,0.0684931506849315,7005.0,7678.874569842025,0.9974731822339713,10.85,put,0.21942638992993715
2026-09-18,0.0684931506849315,7010.0,7678.874569842025,0.9974731822339713,10.95,put,0.21847115283355176
2026-09-18,0.0684931506849315,7015.0,7678.874569842025,0.9974731822339713,11.05,put,0.21750956300603444
2026-09-18,0.0684931506849315,7025.0,7678.874569842025,0.9974731822339713,11.8,put,0.21786410245639576
2026-09-18,0.0684931506849315,7035.0,7678.874569842025,0.9974731822339713,11.65,put,0.21442728497049132
2026-09-18,0.0684931506849315,7045.0,7678.874569842025,0.9974731822339713,12.0,put,0.2130256955614992
2026-09-18,0.0684931506849315,7050.0,7678.874569842025,0.9974731822339713,12.5,put,0.21358825216262534
2026-09-18,0.0684931506849315,7065.0,7678.874569842025,0.9974731822339713,12.899999999999999,put,0.21084192992243483
2026-09-18,0.0684931506849315,7070.0,7678.874569842025,0.9974731822339713,13.100000000000001,put,0.21016137810666818
2026-09-18,0.0684931506849315,7075.0,7678.874569842025,0.9974731822339713,12.85,put,0.20778248938031044
2026-09-18,0.0684931506849315,7085.0,7678.874569842025,0.9974731822339713,13.7,put,0.20804081945541542
2026-09-18,0.0684931506849315,7090.0,7678.874569842025,0.9974731822339713,13.75,put,0.20676939344101206
2026-09-18,0.0684931506849315,7100.0,7678.874569842025,0.9974731822339713,13.65,put,0.2035042489424646
2026-09-18,0.0684931506849315,7105.0,7678.874569842025,0.9974731822339713,13.899999999999999,put,0.20293812456563748
2026-09-18,0.0684931506849315,7125.0,7678.874569842025,0.9974731822339713,14.600000000000001,put,0.1994965728201843
2026-09-18,0.0684931506849315,7130.0,7678.874569842025,0.9974731822339713,15.35,put,0.2005201412378835
2026-09-18,0.0684931506849315,7140.0,7678.874569842025,0.9974731822339713,15.7,put,0.19867998169797066
2026-09-18,0.0684931506849315,7145.0,7678.874569842025,0.9974731822339713,16.0,put,0.1981440838323221
2026-09-18,0.0684931506849315,7150.0,7678.874569842025,0.9974731822339713,15.7,put,0.19568950299349924
2026-09-18,0.0684931506849315,7155.0,7678.874569842025,0.9974731822339713,16.4,put,0.19639525523394138
2026-09-18,0.0684931506849315,7160.0,7678.874569842025,0.9974731822339713,16.15,put,0.19410842057872404
2026-09-18,0.0684931506849315,7165.0,7678.874569842025,0.9974731822339713,16.35,put,0.19322160377405942
2026-09-18,0.0684931506849315,7170.0,7678.874569842025,0.9974731822339713,16.65,put,0.1926292446261307
2026-09-18,0.0684931506849315,7175.0,7678.874569842025,0.9974731822339713,17.4,put,0.19336532542155455
2026-09-18,0.0684931506849315,7180.0,7678.874569842025,0.9974731822339713,17.6,put,0.1924264700093459
2026-09-18,0.0684931506849315,7185.0,7678.874569842025,0.9974731822339713,17.35,put,0.19015801775802105
2026-09-18,0.0684931506849315,7190.0,7678.874569842025,0.9974731822339713,17.55,put,0.1892118818042371
2026-09-18,0.0684931506849315,7195.0,7678.874569842025,0.9974731822339713,18.45,put,0.19026109503427904
2026-09-18,0.0684931506849315,7200.0,7678.874569842025,0.9974731822339713,18.65,put,0.18927470798543314
2026-09-18,0.0684931506849315,7205.0,7678.874569842025,0.9974731822339713,18.35,put,0.18687697874262083
2026-09-18,0.0684931506849315,7220.0,7678.874569842025,0.9974731822339713,19.8,put,0.18617492079121953
2026-09-18,0.0684931506849315,7225.0,7678.874569842025,0.9974731822339713,19.45,put,0.18365768951403486
2026-09-18,0.0684931506849315,7230.0,7678.874569842025,0.9974731822339713,19.75,put,0.18288425318696488
2026-09-18,0.0684931506849315,7235.0,7678.874569842025,0.9974731822339713,20.05,put,0.18209554169703857
2026-09-18,0.0684931506849315,7245.0,7678.874569842025,0.9974731822339713,20.7,put,0.18060160700785938
2026-09-18,0.0684931506849315,7250.0,7678.874569842025,0.9974731822339713,21.1,put,0.18002067774996522
2026-09-18,0.0684931506849315,7260.0,7678.874569842025,0.9974731822339713,21.75,put,0.1784257558060956
2026-09-18,0.0684931506849315,7270.0,7678.874569842025,0.9974731822339713,23.15,put,0.17857597031950764
2026-09-18,0.0684931506849315,7275.0,7678.874569842025,0.9974731822339713,22.8,put,0.17609647691705083
2026-09-18,0.0684931506849315,7280.0,7678.874569842025,0.9974731822339713,23.15,put,0.17528689217786705
2026-09-18,0.0684931506849315,7285.0,7678.874569842025,0.9974731822339713,23.55,put,0.1745781261301089
2026-09-18,0.0684931506849315,7290.0,7678.874569842025,0.9974731822339713,24.65,put,0.17546140266953766
2026-09-18,0.0684931506849315,7295.0,7678.874569842025,0.9974731822339713,25.05,put,0.17469687713412507
2026-09-18,0.0684931506849315,7300.0,7678.874569842025,0.9974731822339713,25.4,put,0.1738025304615643
2026-09-18,0.0684931506849315,7310.0,7678.874569842025,0.9974731822339713,26.25,put,0.17229668063874898
2026-09-18,0.0684931506849315,7315.0,7678.874569842025,0.9974731822339713,26.75,put,0.1716780465152838
2026-09-18,0.0684931506849315,7325.0,7678.874569842025,0.9974731822339713,26.8,put,0.16835669995323918
2026-09-18,0.0684931506849315,7330.0,7678.874569842025,0.9974731822339713,28.05,put,0.16927282571615335
2026-09-18,0.0684931506849315,7335.0,7678.874569842025,0.9974731822339713,28.65,put,0.1687790685025853
2026-09-18,0.0684931506849315,7340.0,7678.874569842025,0.9974731822339713,29.15,put,0.16805518572520176
2026-09-18,0.0684931506849315,7345.0,7678.874569842025,0.9974731822339713,28.7,put,0.16538134278082262
2026-09-18,0.0684931506849315,7350.0,7678.874569842025,0.9974731822339713,30.15,put,0.16654526907224107
2026-09-18,0.0684931506849315,7360.0,7678.874569842025,0.9974731822339713,31.1,put,0.16485607950410885
2026-09-18,0.0684931506849315,7375.0,7678.874569842025,0.9974731822339713,31.7,put,0.16060898331169934
2026-09-18,0.0684931506849315,7380.0,7678.874569842025,0.9974731822339713,33.15,put,0.1615319570937124
2026-09-18,0.0684931506849315,7385.0,7678.874569842025,0.9974731822339713,32.85,put,0.15913692960437875
2026-09-18,0.0684931506849315,7390.0,7678.874569842025,0.9974731822339713,33.5,put,0.15850542020507938
2026-09-18,0.0684931506849315,7395.0,7678.874569842025,0.9974731822339713,34.0,put,0.157574049408472
2026-09-18,0.0684931506849315,7400.0,7678.874569842025,0.9974731822339713,34.599999999999994,put,0.1568042914391623
2026-09-18,0.0684931506849315,7405.0,7678.874569842025,0.9974731822339713,36.45,put,0.15823989733667046
2026-09-18,0.0684931506849315,7420.0,7678.874569842025,0.9974731822339713,37.3,put,0.15401625004676625
2026-09-18,0.0684931506849315,7425.0,7678.874569842025,0.9974731822339713,38.95,put,0.15492311871677736
2026-09-18,0.0684931506849315,7430.0,7678.874569842025,0.9974731822339713,38.65,put,0.15247073729268987
2026-09-18,0.0684931506849315,7435.0,7678.874569842025,0.9974731822339713,39.35,put,0.15170280321389804
2026-09-18,0.0684931506849315,7440.0,7678.874569842025,0.9974731822339713,40.099999999999994,put,0.15099260965076564
2026-09-18,0.0684931506849315,7445.0,7678.874569842025,0.9974731822339713,41.95,put,0.15206110153724398
2026-09-18,0.0684931506849315,7450.0,7678.874569842025,0.9974731822339713,42.7,put,0.15127949978498548
2026-09-18,0.0684931506849315,7460.0,7678.874569842025,0.9974731822339713,44.35,put,0.149876516053831
2026-09-18,0.0684931506849315,7470.0,7678.874569842025,0.9974731822339713,45.85,put,0.14812710046892447
2026-09-18,0.0684931506849315,7480.0,7678.874569842025,0.9974731822339713,46.400000000000006,put,0.14481532009950696
2026-09-18,0.0684931506849315,7485.0,7678.874569842025,0.9974731822339713,47.3,put,0.14409187077686914
2026-09-18,0.0684931506849315,7490.0,7678.874569842025,0.9974731822339713,49.45,put,0.14522260388745872
2026-09-18,0.0684931506849315,7500.0,7678.874569842025,0.9974731822339713,51.15,put,0.14344494378865472
2026-09-18,0.0684931506849315,7505.0,7678.874569842025,0.9974731822339713,51.05,put,0.14111832711313263
2026-09-18,0.0684931506849315,7510.0,7678.874569842025,0.9974731822339713,52.0,put,0.1403160827703994
2026-09-18,0.0684931506849315,7515.0,7678.874569842025,0.9974731822339713,54.35,put,0.14150417204557864
2026-09-18,0.0684931506849315,7520.0,7678.874569842025,0.9974731822339713,55.3,put,0.1406237977293946
2026-09-18,0.0684931506849315,7525.0,7678.874569842025,0.9974731822339713,55.1,put,0.13807890153183228
2026-09-18,0.0684931506849315,7530.0,7678.874569842025,0.9974731822339713,56.0,put,0.137079032102797
2026-09-18,0.0684931506849315,7540.0,7678.874569842025,0.9974731822339713,59.75,put,0.13769725528483762
2026-09-18,0.0684931506849315,7550.0,7678.874569842025,0.9974731822339713,60.55,put,0.13407883935369214
2026-09-18,0.0684931506849315,7560.0,7678.874569842025,0.9974731822339713,64.45,put,0.13456078725268397
2026-09-18,0.0684931506849315,7565.0,7678.874569842025,0.9974731822339713,65.7,put,0.13378818928770175
2026-09-18,0.0684931506849315,7575.0,7678.874569842025,0.9974731822339713,68.3,put,0.13226375009649072
2026-09-18,0.0684931506849315,7580.0,7678.874569842025,0.9974731822339713,69.6,put,0.13144418707579086
2026-09-18,0.0684931506849315,7585.0,7678.874569842025,0.9974731822339713,69.55,put,0.12881772113236725
2026-09-18,0.0684931506849315,7590.0,7678.874569842025,0.9974731822339713,71.05000000000001,put,0.12819077745202415
2026-09-18,0.0684931506849315,7595.0,7678.874569842025,0.9974731822339713,72.5,put,0.1274566563098775
2026-09-18,0.0684931506849315,7600.0,7678.874569842025,0.9974731822339713,73.69999999999999,put,0.12635795134635405
2026-09-18,0.0684931506849315,7605.0,7678.874569842025,0.9974731822339713,76.8,put,0.1276607073815447
2026-09-18,0.0684931506849315,7610.0,7678.874569842025,0.9974731822339713,78.4,put,0.12698429870336853
2026-09-18,0.0684931506849315,7615.0,7678.874569842025,0.9974731822339713,78.45,put,0.12428892519510745
2026-09-18,0.0684931506849315,7625.0,7678.874569842025,0.9974731822339713,83.15,put,0.1246266048870864
2026-09-18,0.0684931506849315,7630.0,7678.874569842025,0.9974731822339713,84.8,put,0.12383517400418602
2026-09-18,0.0684931506849315,7635.0,7678.874569842025,0.9974731822339713,85.05,put,0.12123500734551391
2026-09-18,0.0684931506849315,7640.0,7678.874569842025,0.9974731822339713,86.55000000000001,put,0.12016568325280487
2026-09-18,0.0684931506849315,7645.0,7678.874569842025,0.9974731822339713,90.1,put,0.12161944864060398
2026-09-18,0.0684931506849315,7650.0,7678.874569842025,0.9974731822339713,91.9,put,0.12082580343521786
2026-09-18,0.0684931506849315,7655.0,7678.874569842025,0.9974731822339713,92.3,put,0.11823071409486696
2026-09-18,0.0684931506849315,7660.0,7678.874569842025,0.9974731822339713,94.2,put,0.11746253833837408
2026-09-18,0.0684931506849315,7665.0,7678.874569842025,0.9974731822339713,96.19999999999999,put,0.11676688565339396
2026-09-18,0.0684931506849315,7670.0,7678.874569842025,0.9974731822339713,99.55,put,0.11770661083718048
2026-09-18,0.0684931506849315,7675.0,7678.874569842025,0.9974731822339713,100.19999999999999,put,0.11521412675571756
2026-09-21,0.07671232876712329,7680.0,7679.527015846207,0.9971642908290317,106.4,call,0.13830540525881704
2026-09-21,0.07671232876712329,7690.0,7679.527015846207,0.9971642908290317,100.6,call,0.13682742010514087
2026-09-21,0.07671232876712329,7700.0,7679.527015846207,0.9971642908290317,95.1,call,0.13553560315635244
2026-09-21,0.07671232876712329,7710.0,7679.527015846207,0.9971642908290317,89.75,call,0.13424864804281003
2026-09-21,0.07671232876712329,7720.0,7679.527015846207,0.9971642908290317,84.55000000000001,call,0.1329628880944592
2026-09-21,0.07671232876712329,7725.0,7679.527015846207,0.9971642908290317,82.05000000000001,call,0.13237230038546352
2026-09-21,0.07671232876712329,7730.0,7679.527015846207,0.9971642908290317,79.55000000000001,call,0.13173551824853658
2026-09-21,0.07671232876712329,7740.0,7679.527015846207,0.9971642908290317,74.7,call,0.13050336329284873
2026-09-21,0.07671232876712329,7750.0,7679.527015846207,0.9971642908290317,69.94999999999999,call,0.12920104576874628
2026-09-21,0.07671232876712329,7770.0,7679.527015846207,0.9971642908290317,61.35,call,0.127129235497199
2026-09-21,0.07671232876712329,7775.0,7679.527015846207,0.9971642908290317,59.3,call,0.126613785821257
2026-09-21,0.07671232876712329,7790.0,7679.527015846207,0.9971642908290317,53.3,call,0.12495212096368354
2026-09-21,0.07671232876712329,7800.0,7679.527015846207,0.9971642908290317,49.55,call,0.12391016155583041
2026-09-21,0.07671232876712329,7810.0,7679.527015846207,0.9971642908290317,46.05,call,0.12299327458653386
2026-09-21,0.07671232876712329,7825.0,7679.527015846207,0.9971642908290317,41.15,call,0.12170295753125501
2026-09-21,0.07671232876712329,7850.0,7679.527015846207,0.9971642908290317,33.8,call,0.11964451809055142
2026-09-21,0.07671232876712329,7875.0,7679.527015846207,0.9971642908290317,27.4,call,0.1176454658175143
2026-09-21,0.07671232876712329,7900.0,7679.527015846207,0.9971642908290317,22.15,call,0.11616544413517736
2026-09-21,0.07671232876712329,7925.0,7679.527015846207,0.9971642908290317,17.55,call,0.11445102577871695
2026-09-21,0.07671232876712329,7950.0,7679.527015846207,0.9971642908290317,13.7,call,0.11278089424690659
2026-09-21,0.07671232876712329,7975.0,7679.527015846207,0.9971642908290317,10.65,call,0.11149143966088937
2026-09-21,0.07671232876712329,8000.0,7679.527015846207,0.9971642908290317,8.2,call,0.11035929383700288
2026-09-21,0.07671232876712329,8025.0,7679.527015846207,0.9971642908290317,6.35,call,0.10972999090142056
2026-09-21,0.07671232876712329,8050.0,7679.527015846207,0.9971642908290317,4.800000000000001,call,0.10883292970952511
2026-09-21,0.07671232876712329,8075.0,7679.527015846207,0.9971642908290317,3.7,call,0.1086218776683669
2026-09-21,0.07671232876712329,8100.0,7679.527015846207,0.9971642908290317,2.875,call,0.1087347794787948
2026-09-21,0.07671232876712329,8125.0,7679.527015846207,0.9971642908290317,2.25,call,0.10909385382141357
2026-09-21,0.07671232876712329,6200.0,7679.527015846207,0.9971642908290317,3.4,put,0.3490397620683177
2026-09-21,0.07671232876712329,6500.0,7679.527015846207,0.9971642908290317,5.1,put,0.29772454121312014
2026-09-21,0.07671232876712329,6700.0,7679.527015846207,0.9971642908290317,6.85,put,0.26315595608617476
2026-09-21,0.07671232876712329,6725.0,7679.527015846207,0.9971642908290317,7.15,put,0.2589937607464584
2026-09-21,0.07671232876712329,6750.0,7679.527015846207,0.9971642908290317,7.5,put,0.25502934606955396
2026-09-21,0.07671232876712329,6775.0,7679.527015846207,0.9971642908290317,7.85,put,0.25093065778846135
2026-09-21,0.07671232876712329,6800.0,7679.527015846207,0.9971642908290317,8.2,put,0.24670455575052816
2026-09-21,0.07671232876712329,6825.0,7679.527015846207,0.9971642908290317,8.55,put,0.2423569682112261
2026-09-21,0.07671232876712329,6850.0,7679.527015846207,0.9971642908290317,9.0,put,0.23841436661059215
2026-09-21,0.07671232876712329,6875.0,7679.527015846207,0.9971642908290317,9.399999999999999,put,0.2340668438885764
2026-09-21,0.07671232876712329,6900.0,7679.527015846207,0.9971642908290317,9.899999999999999,put,0.23006768564917343
2026-09-21,0.07671232876712329,6925.0,7679.527015846207,0.9971642908290317,10.399999999999999,put,0.22590490002420516
2026-09-21,0.07671232876712329,6950.0,7679.527015846207,0.9971642908290317,10.899999999999999,put,0.2215863915794262
2026-09-21,0.07671232876712329,6975.0,7679.527015846207,0.9971642908290317,11.5,put,0.2175315778371779
2026-09-21,0.07671232876712329,7000.0,7679.527015846207,0.9971642908290317,12.2,put,0.21368837821823675
2026-09-21,0.07671232876712329,7025.0,7679.527015846207,0.9971642908290317,12.899999999999999,put,0.20963626165141772
2026-09-21,0.07671232876712329,7050.0,7679.527015846207,0.9971642908290317,13.7,put,0.20573973248039334
2026-09-21,0.07671232876712329,7075.0,7679.527015846207,0.9971642908290317,14.7,put,0.20228968302575517
2026-09-21,0.07671232876712329,7100.0,7679.527015846207,0.9971642908290317,15.55,put,0.198085146521703
2026-09-21,0.07671232876712329,7125.0,7679.527015846207,0.9971642908290317,16.7,put,0.19456840247926
2026-09-21,0.07671232876712329,7150.0,7679.527015846207,0.9971642908290317,17.75,put,0.19047007722474318
2026-09-21,0.07671232876712329,7175.0,7679.527015846207,0.9971642908290317,19.1,put,0.18693044068807146
2026-09-21,0.07671232876712329,7200.0,7679.527015846207,0.9971642908290317,20.45,put,0.18306768295525952
2026-09-21,0.07671232876712329,7225.0,7679.527015846207,0.9971642908290317,22.0,put,0.17938274729663242
2026-09-21,0.07671232876712329,7250.0,7679.527015846207,0.9971642908290317,23.75,put,0.1758138034729747
2026-09-21,0.07671232876712329,7275.0,7679.527015846207,0.9971642908290317,25.6,put,0.17208888525363267
2026-09-21,0.07671232876712329,7325.0,7679.527015846207,0.9971642908290317,29.8,put,0.16449694343256271
2026-09-21,0.07671232876712329,7350.0,7679.527015846207,0.9971642908290317,32.400000000000006,put,0.16102022944416594
2026-09-21,0.07671232876712329,7375.0,7679.527015846207,0.9971642908290317,35.0,put,0.15706779982435523
2026-09-21,0.07671232876712329,7425.0,7679.527015846207,0.9971642908290317,41.65,put,0.1500950542308338
2026-09-21,0.07671232876712329,7450.0,7679.527015846207,0.9971642908290317,45.5,put,0.1465740777266725
2026-09-21,0.07671232876712329,7475.0,7679.527015846207,0.9971642908290317,49.65,put,0.14287871165980265
2026-09-21,0.07671232876712329,7500.0,7679.527015846207,0.9971642908290317,54.3,put,0.1392384840162279
2026-09-21,0.07671232876712329,7510.0,7679.527015846207,0.9971642908290317,56.2,put,0.13764372508772668
2026-09-21,0.07671232876712329,7525.0,7679.527015846207,0.9971642908290317,59.400000000000006,put,0.13550682010762033
2026-09-21,0.07671232876712329,7530.0,7679.527015846207,0.9971642908290317,60.5,put,0.13477772226875434
2026-09-21,0.07671232876712329,7550.0,7679.527015846207,0.9971642908290317,65.15,put,0.13187112792727965
2026-09-21,0.07671232876712329,7560.0,7679.527015846207,0.9971642908290317,67.6,put,0.13038204115052435
2026-09-21,0.07671232876712329,7575.0,7679.527015846207,0.9971642908290317,71.55000000000001,put,0.12823786075492916
2026-09-21,0.07671232876712329,7580.0,7679.527015846207,0.9971642908290317,72.8,put,0.12736979813504426
2026-09-21,0.07671232876712329,7590.0,7679.527015846207,0.9971642908290317,75.6,put,0.12589663213520472
2026-09-21,0.07671232876712329,7600.0,7679.527015846207,0.9971642908290317,78.44999999999999,put,0.12433503455475049
2026-09-21,0.07671232876712329,7620.0,7679.527015846207,0.9971642908290317,84.85,put,0.12158771903363058
2026-09-21,0.07671232876712329,7625.0,7679.527015846207,0.9971642908290317,86.44999999999999,put,0.12079847755609216
2026-09-21,0.07671232876712329,7640.0,7679.527015846207,0.9971642908290317,91.5,put,0.11847341520574346
2026-09-21,0.07671232876712329,7650.0,7679.527015846207,0.9971642908290317,95.1,put,0.1169792213617836
2026-09-21,0.07671232876712329,7660.0,7679.527015846207,0.9971642908290317,98.85,put,0.11547779585013991
2026-09-21,0.07671232876712329,7670.0,7679.527015846207,0.9971642908290317,102.85,put,0.1140803418374427
2026-09-21,0.07671232876712329,7675.0,7679.527015846207,0.9971642908290317,104.75,put,0.11318922656832588
2026-09-25,0.08767123287671233,7700.0,7684.0136713530255,0.9967505510462729,108.1,call,0.14059828858221854
2026-09-25,0.08767123287671233,7710.0,7684.0136713530255,0.9967505510462729,102.6,call,0.13931106397168191
2026-09-25,0.08767123287671233,7725.0,7684.0136713530255,0.9967505510462729,94.65,call,0.1374344956229448
2026-09-25,0.08767123287671233,7730.0,7684.0136713530255,0.9967505510462729,92.15,call,0.1369012369230899
2026-09-25,0.08767123287671233,7740.0,7684.0136713530255,0.9967505510462729,87.05000000000001,call,0.13560427806408334
2026-09-25,0.08767123287671233,7750.0,7684.0136713530255,0.9967505510462729,82.3,call,0.13454638538540586
2026-09-25,0.08767123287671233,7760.0,7684.0136713530255,0.9967505510462729,77.55000000000001,call,0.13332601097126145
2026-09-25,0.08767123287671233,7770.0,7684.0136713530255,0.9967505510462729,73.15,call,0.13234648040195218
2026-09-25,0.08767123287671233,7775.0,7684.0136713530255,0.9967505510462729,70.85,call,0.13167594043753078
2026-09-25,0.08767123287671233,7780.0,7684.0136713530255,0.9967505510462729,68.75,call,0.13119867077529893
2026-09-25,0.08767123287671233,7810.0,7684.0136713530255,0.9967505510462729,56.8,call,0.12821180532524967
2026-09-25,0.08767123287671233,7840.0,7684.0136713530255,0.9967505510462729,46.400000000000006,call,0.1255533886881933
2026-09-25,0.08767123287671233,7850.0,7684.0136713530255,0.9967505510462729,43.2,call,0.12464618201468299
2026-09-25,0.08767123287671233,7860.0,7684.0136713530255,0.9967505510462729,40.25,call,0.12389196443944632
2026-09-25,0.08767123287671233,7870.0,7684.0136713530255,0.9967505510462729,37.599999999999994,call,0.12337696519340953
2026-09-25,0.08767123287671233,7890.0,7684.0136713530255,0.9967505510462729,32.2,call,0.12163534954837316
2026-09-25,0.08767123287671233,7900.0,7684.0136713530255,0.9967505510462729,29.85,call,0.12100027310083392
2026-09-25,0.08767123287671233,7925.0,7684.0136713530255,0.9967505510462729,24.4,call,0.11924085433722101
2026-09-25,0.08767123287671233,7975.0,7684.0136713530255,0.9967505510462729,16.15,call,0.11678806200862618
2026-09-25,0.08767123287671233,7990.0,7684.0136713530255,0.9967505510462729,14.100000000000001,call,0.1159545132447257
2026-09-25,0.08767123287671233,8000.0,7684.0136713530255,0.9967505510462729,12.899999999999999,call,0.11552993839381037
2026-09-25,0.08767123287671233,8025.0,7684.0136713530255,0.9967505510462729,10.15,call,0.11420457778123227
2026-09-25,0.08767123287671233,8050.0,7684.0136713530255,0.9967505510462729,8.100000000000001,call,0.1136078549366848
2026-09-25,0.08767123287671233,8075.0,7684.0136713530255,0.9967505510462729,6.35,call,0.11281277488801472
2026-09-25,0.08767123287671233,8100.0,7684.0136713530255,0.9967505510462729,5.0,call,0.1123634056375328
2026-09-25,0.08767123287671233,8125.0,7684.0136713530255,0.9967505510462729,4.0,call,0.11242895180175913
2026-09-25,0.08767123287671233,8150.0,7684.0136713530255,0.9967505510462729,3.1,call,0.11199183142688521
2026-09-25,0.08767123287671233,8175.0,7684.0136713530255,0.9967505510462729,2.525,call,0.11262221176974105
2026-09-25,0.08767123287671233,8200.0,7684.0136713530255,0.9967505510462729,2.05,call,0.11323510816979644
2026-09-25,0.08767123287671233,6200.0,7684.0136713530255,0.9967505510462729,4.300000000000001,put,0.3378344179445639
2026-09-25,0.08767123287671233,6300.0,7684.0136713530255,0.9967505510462729,5.0,put,0.32274651558858397
2026-09-25,0.08767123287671233,6400.0,7684.0136713530255,0.9967505510462729,5.699999999999999,put,0.30647282662927966
2026-09-25,0.08767123287671233,6500.0,7684.0136713530255,0.9967505510462729,6.550000000000001,put,0.29033430278432676
2026-09-25,0.08767123287671233,6550.0,7684.0136713530255,0.9967505510462729,7.050000000000001,put,0.2823494753908214
2026-09-25,0.08767123287671233,6600.0,7684.0136713530255,0.9967505510462729,7.6,put,0.2743542421015331
2026-09-25,0.08767123287671233,6650.0,7684.0136713530255,0.9967505510462729,8.2,put,0.2663063686787271
2026-09-25,0.08767123287671233,6800.0,7684.0136713530255,0.9967505510462729,10.65,put,0.24312378125997003
2026-09-25,0.08767123287671233,6850.0,7684.0136713530255,0.9967505510462729,11.65,put,0.23526563276391463
2026-09-25,0.08767123287671233,6875.0,7684.0136713530255,0.9967505510462729,12.25,put,0.23154472319174926
2026-09-25,0.08767123287671233,6900.0,7684.0136713530255,0.9967505510462729,12.85,put,0.22766651847414793
2026-09-25,0.08767123287671233,6950.0,7684.0136713530255,0.9967505510462729,14.2,put,0.21999754649100284
2026-09-25,0.08767123287671233,6975.0,7684.0136713530255,0.9967505510462729,15.05,put,0.21650993148298123
2026-09-25,0.08767123287671233,7000.0,7684.0136713530255,0.9967505510462729,15.95,put,0.21297769888536616
2026-09-25,0.08767123287671233,7025.0,7684.0136713530255,0.9967505510462729,16.8,put,0.2090838922898357
2026-09-25,0.08767123287671233,7050.0,7684.0136713530255,0.9967505510462729,17.8,put,0.20544312160011485
2026-09-25,0.08767123287671233,7100.0,7684.0136713530255,0.9967505510462729,20.0,put,0.19805285237560669
2026-09-25,0.08767123287671233,7125.0,7684.0136713530255,0.9967505510462729,21.25,put,0.19439948410708774
2026-09-25,0.08767123287671233,7150.0,7684.0136713530255,0.9967505510462729,22.65,put,0.19085999064820017
2026-09-25,0.08767123287671233,7175.0,7684.0136713530255,0.9967505510462729,24.05,put,0.18705126020107088
2026-09-25,0.08767123287671233,7190.0,7684.0136713530255,0.9967505510462729,25.05,put,0.1849973719326393
2026-09-25,0.08767123287671233,7200.0,7684.0136713530255,0.9967505510462729,25.65,put,0.1834212621985921
2026-09-25,0.08767123287671233,7225.0,7684.0136713530255,0.9967505510462729,27.55,put,0.18012573026487075
2026-09-25,0.08767123287671233,7230.0,7684.0136713530255,0.9967505510462729,27.9,put,0.17936443761328674
2026-09-25,0.08767123287671233,7240.0,7684.0136713530255,0.9967505510462729,28.7,put,0.1780069592124596
2026-09-25,0.08767123287671233,7250.0,7684.0136713530255,0.9967505510462729,29.45,put,0.17649575753630056
2026-09-25,0.08767123287671233,7260.0,7684.0136713530255,0.9967505510462729,30.35,put,0.17522434767041506
2026-09-25,0.08767123287671233,7270.0,7684.0136713530255,0.9967505510462729,31.05,put,0.17351285333551253
2026-09-25,0.08767123287671233,7275.0,7684.0136713530255,0.9967505510462729,31.6,put,0.17301605983174087
2026-09-25,0.08767123287671233,7280.0,7684.0136713530255,0.9967505510462729,32.05,put,0.17231470170819238
2026-09-25,0.08767123287671233,7300.0,7684.0136713530255,0.9967505510462729,33.95,put,0.16954305614728093
2026-09-25,0.08767123287671233,7325.0,7684.0136713530255,0.9967505510462729,36.45,put,0.16595473556997492
2026-09-25,0.08767123287671233,7350.0,7684.0136713530255,0.9967505510462729,39.2,put,0.16239164464322842
2026-09-25,0.08767123287671233,7375.0,7684.0136713530255,0.9967505510462729,42.3,put,0.1589657773486217
2026-09-25,0.08767123287671233,7380.0,7684.0136713530255,0.9967505510462729,42.7,put,0.15788751235751822
2026-09-25,0.08767123287671233,7400.0,7684.0136713530255,0.9967505510462729,45.599999999999994,put,0.15539299529701328
2026-09-25,0.08767123287671233,7430.0,7684.0136713530255,0.9967505510462729,49.900000000000006,put,0.15098024070108537
2026-09-25,0.08767123287671233,7460.0,7684.0136713530255,0.9967505510462729,54.95,put,0.14687917167833736
2026-09-25,0.08767123287671233,7470.0,7684.0136713530255,0.9967505510462729,56.8,put,0.14555783474757353
2026-09-25,0.08767123287671233,7475.0,7684.0136713530255,0.9967505510462729,57.65,put,0.14476343099185063
2026-09-25,0.08767123287671233,7480.0,7684.0136713530255,0.9967505510462729,58.5,put,0.14394713355621286
2026-09-25,0.08767123287671233,7500.0,7684.0136713530255,0.9967505510462729,62.55,put,0.1412864381091252
2026-09-25,0.08767123287671233,7510.0,7684.0136713530255,0.9967505510462729,64.6,put,0.13983787540443604
2026-09-25,0.08767123287671233,7525.0,7684.0136713530255,0.9967505510462729,67.9,put,0.1377520886750848
2026-09-25,0.08767123287671233,7530.0,7684.0136713530255,0.9967505510462729,69.05000000000001,put,0.13706484801709554
2026-09-25,0.08767123287671233,7550.0,7684.0136713530255,0.9967505510462729,73.75,put,0.13416150989840017
2026-09-25,0.08767123287671233,7560.0,7684.0136713530255,0.9967505510462729,76.3,put,0.13277759709465053
2026-09-25,0.08767123287671233,7575.0,7684.0136713530255,0.9967505510462729,80.2,put,0.1305668954462271
2026-09-25,0.08767123287671233,7600.0,7684.0136713530255,0.9967505510462729,87.44999999999999,put,0.12712232197415257
2026-09-25,0.08767123287671233,7610.0,7684.0136713530255,0.9967505510462729,90.55000000000001,put,0.12574043674185933
2026-09-25,0.08767123287671233,7625.0,7684.0136713530255,0.9967505510462729,95.25,put,0.12346441924633378
2026-09-25,0.08767123287671233,7650.0,7684.0136713530255,0.9967505510462729,104.05000000000001,put,0.12001781420746711
2026-09-25,0.08767123287671233,7660.0,7684.0136713530255,0.9967505510462729,107.65,put,0.11845742336144738
2026-09-25,0.08767123287671233,7670.0,7684.0136713530255,0.9967505510462729,111.44999999999999,put,0.11695564528541087
2026-09-25,0.08767123287671233,7675.0,7684.0136713530255,0.9967505510462729,113.5,put,0.11630784694235538
2026-09-25,0.08767123287671233,7680.0,7684.0136713530255,0.9967505510462729,115.65,put,0.1157280610675403
2026-09-28,0.0958904109589041,7700.0,7684.820944869825,0.9964388343206554,111.9,call,0.13925082585346513
2026-09-28,0.0958904109589041,7750.0,7684.820944869825,0.9964388343206554,85.9,call,0.1332857673371882
2026-09-28,0.0958904109589041,7775.0,7684.820944869825,0.9964388343206554,74.4,call,0.13055587174803057
2026-09-28,0.0958904109589041,7800.0,7684.820944869825,0.9964388343206554,63.95,call,0.12802765710544942
2026-09-28,0.0958904109589041,7900.0,7684.820944869825,0.9964388343206554,32.400000000000006,call,0.11999461554647482
2026-09-28,0.0958904109589041,7975.0,7684.820944869825,0.9964388343206554,17.9,call,0.115600790990971
2026-09-28,0.0958904109589041,8000.0,7684.820944869825,0.9964388343206554,14.45,call,0.11437827366921478
2026-09-28,0.0958904109589041,8025.0,7684.820944869825,0.9964388343206554,11.600000000000001,call,0.11333626423499753
2026-09-28,0.0958904109589041,8050.0,7684.820944869825,0.9964388343206554,9.25,call,0.11241632915751418
2026-09-28,0.0958904109589041,8100.0,7684.820944869825,0.9964388343206554,5.9,call,0.11140571715115988
2026-09-28,0.0958904109589041,8200.0,7684.820944869825,0.9964388343206554,2.45,call,0.11162251321661355
2026-09-28,0.0958904109589041,6200.0,7684.820944869825,0.9964388343206554,4.699999999999999,put,0.3270197797415758
2026-09-28,0.0958904109589041,6300.0,7684.820944869825,0.9964388343206554,5.35,put,0.3115569395257092
2026-09-28,0.0958904109589041,6400.0,7684.820944869825,0.9964388343206554,6.15,put,0.29636574200881827
2026-09-28,0.0958904109589041,6500.0,7684.820944869825,0.9964388343206554,7.1,put,0.2811308676873632
2026-09-28,0.0958904109589041,7100.0,7684.820944869825,0.9964388343206554,21.6,put,0.1929764117740858
2026-09-28,0.0958904109589041,7125.0,7684.820944869825,0.9964388343206554,22.9,put,0.18940969095372595
2026-09-28,0.0958904109589041,7300.0,7684.820944869825,0.9964388343206554,36.099999999999994,put,0.16530660453912494
2026-09-28,0.0958904109589041,7350.0,7684.820944869825,0.9964388343206554,41.5,put,0.1583549750501454
2026-09-28,0.0958904109589041,7400.0,7684.820944869825,0.9964388343206554,48.05,put,0.15154319274839462
2026-09-28,0.0958904109589041,7450.0,7684.820944869825,0.9964388343206554,55.95,put,0.14478550054963127
2026-09-28,0.0958904109589041,7500.0,7684.820944869825,0.9964388343206554,65.3,put,0.1378329128329525
2026-09-28,0.0958904109589041,7525.0,7684.820944869825,0.9964388343206554,70.75,put,0.13443590124431584
2026-09-28,0.0958904109589041,7550.0,7684.820944869825,0.9964388343206554,76.75,put,0.1310460129713252
2026-09-28,0.0958904109589041,7575.0,7684.820944869825,0.9964388343206554,83.25,put,0.12754490929842005
2026-09-28,0.0958904109589041,7600.0,7684.820944869825,0.9964388343206554,90.44999999999999,put,0.12408922887858805
2026-09-28,0.0958904109589041,7650.0,7684.820944869825,0.9964388343206554,107.0,put,0.11707120191336712
2026-09-28,0.0958904109589041,7675.0,7684.820944869825,0.9964388343206554,116.5,put,0.11351373879994364
2026-09-30,0.10136986301369863,7690.0,7686.033475718223,0.9962303515063371,123.5,call,0.14298428334099594
2026-09-30,0.10136986301369863,7695.0,7686.033475718223,0.9962303515063371,120.65,call,0.14236807229218182
2026-09-30,0.10136986301369863,7700.0,7686.033475718223,0.9962303515063371,117.85,call,0.14177268080954158
2026-09-30,0.10136986301369863,7705.0,7686.033475718223,0.9962303515063371,115.1,call,0.14119788473583658
2026-09-30,0.10136986301369863,7710.0,7686.033475718223,0.9962303515063371,112.35,call,0.14059163404235064
2026-09-30,0.10136986301369863,7715.0,7686.033475718223,0.9962303515063371,109.6,call,0.13995343449813943
2026-09-30,0.10136986301369863,7720.0,7686.033475718223,0.9962303515063371,106.9,call,0.13933483454260928
2026-09-30,0.10136986301369863,7725.0,7686.033475718223,0.9962303515063371,104.25,call,0.13873565444387762
2026-09-30,0.10136986301369863,7730.0,7686.033475718223,0.9962303515063371,101.7,call,0.13820812670201535
2026-09-30,0.10136986301369863,7735.0,7686.033475718223,0.9962303515063371,99.0,call,0.13748989453435126
2026-09-30,0.10136986301369863,7740.0,7686.033475718223,0.9962303515063371,96.6,call,0.13705330997192772
2026-09-30,0.10136986301369863,7750.0,7686.033475718223,0.9962303515063371,91.6,call,0.13586758912520366
2026-09-30,0.10136986301369863,7760.0,7686.033475718223,0.9962303515063371,86.75,call,0.13470158670938298
2026-09-30,0.10136986301369863,7765.0,7686.033475718223,0.9962303515063371,84.4,call,0.13414568323724715
2026-09-30,0.10136986301369863,7770.0,7686.033475718223,0.9962303515063371,82.2,call,0.1337161988724349
2026-09-30,0.10136986301369863,7775.0,7686.033475718223,0.9962303515063371,79.9,call,0.1331427158523536
2026-09-30,0.10136986301369863,7780.0,7686.033475718223,0.9962303515063371,77.65,call,0.13258692707740677
2026-09-30,0.10136986301369863,7785.0,7686.033475718223,0.9962303515063371,75.5,call,0.1321040498103367
2026-09-30,0.10136986301369863,7795.0,7686.033475718223,0.9962303515063371,71.3,call,0.1311386699218896
2026-09-30,0.10136986301369863,7800.0,7686.033475718223,0.9962303515063371,69.25,call,0.13065592273645293
2026-09-30,0.10136986301369863,7805.0,7686.033475718223,0.9962303515063371,67.2,call,0.13013521176634987
2026-09-30,0.10136986301369863,7810.0,7686.033475718223,0.9962303515063371,65.25,call,0.12968975610418051
2026-09-30,0.10136986301369863,7815.0,7686.033475718223,0.9962303515063371,63.3,call,0.12920613610825438
2026-09-30,0.10136986301369863,7820.0,7686.033475718223,0.9962303515063371,61.35,call,0.12868332919040987
2026-09-30,0.10136986301369863,7825.0,7686.033475718223,0.9962303515063371,59.5,call,0.1282373817905953
2026-09-30,0.10136986301369863,7830.0,7686.033475718223,0.9962303515063371,57.75,call,0.12787032639101786
2026-09-30,0.10136986301369863,7840.0,7686.033475718223,0.9962303515063371,54.2,call,0.12696025600813804
2026-09-30,0.10136986301369863,7850.0,7686.033475718223,0.9962303515063371,50.85,call,0.12613194681356815
2026-09-30,0.10136986301369863,7855.0,7686.033475718223,0.9962303515063371,49.25,call,0.12575021679636206
2026-09-30,0.10136986301369863,7860.0,7686.033475718223,0.9962303515063371,47.599999999999994,call,0.12526536129986746
2026-09-30,0.10136986301369863,7865.0,7686.033475718223,0.9962303515063371,46.15,call,0.12499216866637868
2026-09-30,0.10136986301369863,7870.0,7686.033475718223,0.9962303515063371,44.599999999999994,call,0.12455183936598478
2026-09-30,0.10136986301369863,7875.0,7686.033475718223,0.9962303515063371,43.099999999999994,call,0.12413402786951104
2026-09-30,0.10136986301369863,7880.0,7686.033475718223,0.9962303515063371,41.7,call,0.12380583087986276
2026-09-30,0.10136986301369863,7890.0,7686.033475718223,0.9962303515063371,38.95,call,0.1230942326155094
2026-09-30,0.10136986301369863,7895.0,7686.033475718223,0.9962303515063371,37.599999999999994,call,0.12270980465363747
2026-09-30,0.10136986301369863,7900.0,7686.033475718223,0.9962303515063371,36.3,call,0.12235207824466993
2026-09-30,0.10136986301369863,7905.0,7686.033475718223,0.9962303515063371,35.05,call,0.12202251631636243
2026-09-30,0.10136986301369863,7910.0,7686.033475718223,0.9962303515063371,33.8,call,0.12165078415054358
2026-09-30,0.10136986301369863,7925.0,7686.033475718223,0.9962303515063371,30.4,call,0.12079363715427606
2026-09-30,0.10136986301369863,7935.0,7686.033475718223,0.9962303515063371,28.2,call,0.12011215385562363
2026-09-30,0.10136986301369863,7940.0,7686.033475718223,0.9962303515063371,27.25,call,0.11994256940332419
2026-09-30,0.10136986301369863,7975.0,7686.033475718223,0.9962303515063371,20.85,call,0.118028449382951
2026-09-30,0.10136986301369863,7985.0,7686.033475718223,0.9962303515063371,19.25,call,0.1174971597899119
2026-09-30,0.10136986301369863,7990.0,7686.033475718223,0.9962303515063371,18.5,call,0.11726097074415809
2026-09-30,0.10136986301369863,7995.0,7686.033475718223,0.9962303515063371,17.8,call,0.11707990902259231
2026-09-30,0.10136986301369863,8020.0,7686.033475718223,0.9962303515063371,14.55,call,0.11606582146288189
2026-09-30,0.10136986301369863,8025.0,7686.033475718223,0.9962303515063371,14.05,call,0.11606870591790891
2026-09-30,0.10136986301369863,8030.0,7686.033475718223,0.9962303515063371,13.45,call,0.11580768230147077
2026-09-30,0.10136986301369863,8035.0,7686.033475718223,0.9962303515063371,12.899999999999999,call,0.11561856858350958
2026-09-30,0.10136986301369863,8040.0,7686.033475718223,0.9962303515063371,12.35,call,0.11538656974157586
2026-09-30,0.10136986301369863,8050.0,7686.033475718223,0.9962303515063371,11.399999999999999,call,0.11516672022865844
2026-09-30,0.10136986301369863,8075.0,7686.033475718223,0.9962303515063371,9.2,call,0.11437926856642731
2026-09-30,0.10136986301369863,8090.0,7686.033475718223,0.9962303515063371,8.05,call,0.11389657254520191
2026-09-30,0.10136986301369863,8095.0,7686.033475718223,0.9962303515063371,7.7,call,0.11375651575164518
2026-09-30,0.10136986301369863,8100.0,7686.033475718223,0.9962303515063371,7.35,call,0.11357450083093795
2026-09-30,0.10136986301369863,8110.0,7686.033475718223,0.9962303515063371,6.8,call,0.11360594265368974
2026-09-30,0.10136986301369863,8120.0,7686.033475718223,0.9962303515063371,6.2,call,0.11331421487115964
2026-09-30,0.10136986301369863,8125.0,7686.033475718223,0.9962303515063371,5.949999999999999,call,0.11329683608190469
2026-09-30,0.10136986301369863,8140.0,7686.033475718223,0.9962303515063371,5.2,call,0.11302638512800979
2026-09-30,0.10136986301369863,8145.0,7686.033475718223,0.9962303515063371,5.0,call,0.11307343590079412
2026-09-30,0.10136986301369863,8150.0,7686.033475718223,0.9962303515063371,4.800000000000001,call,0.11308940935227282
2026-09-30,0.10136986301369863,8170.0,7686.033475718223,0.9962303515063371,4.1,call,0.11330779153639371
2026-09-30,0.10136986301369863,8175.0,7686.033475718223,0.9962303515063371,3.9,call,0.11315487329284019
2026-09-30,0.10136986301369863,8180.0,7686.033475718223,0.9962303515063371,3.7,call,0.11295776153877045
2026-09-30,0.10136986301369863,8195.0,7686.033475718223,0.9962303515063371,3.3,call,0.11325529192501044
2026-09-30,0.10136986301369863,8200.0,7686.033475718223,0.9962303515063371,3.2,call,0.11349914816383444
2026-09-30,0.10136986301369863,8205.0,7686.033475718223,0.9962303515063371,3.0,call,0.11310337610742893
2026-09-30,0.10136986301369863,8225.0,7686.033475718223,0.9962303515063371,2.575,call,0.11354644872532788
2026-09-30,0.10136986301369863,8250.0,7686.033475718223,0.9962303515063371,2.1,call,0.11390661378871353
2026-09-30,0.10136986301369863,6170.0,7686.033475718223,0.9962303515063371,5.199999999999999,put,0.3292658476501815
2026-09-30,0.10136986301369863,6180.0,7686.033475718223,0.9962303515063371,5.25,put,0.3276022248113752
2026-09-30,0.10136986301369863,6225.0,7686.033475718223,0.9962303515063371,5.550000000000001,put,0.3207187759010234
2026-09-30,0.10136986301369863,6260.0,7686.033475718223,0.9962303515063371,5.800000000000001,put,0.3153833458406312
2026-09-30,0.10136986301369863,6270.0,7686.033475718223,0.9962303515063371,5.85,put,0.31365736962037344
2026-09-30,0.10136986301369863,6280.0,7686.033475718223,0.9962303515063371,5.949999999999999,put,0.31234227796997094
2026-09-30,0.10136986301369863,6310.0,7686.033475718223,0.9962303515063371,6.25,put,0.30830390417537257
2026-09-30,0.10136986301369863,6315.0,7686.033475718223,0.9962303515063371,6.25,put,0.3072241230715071
2026-09-30,0.10136986301369863,6325.0,7686.033475718223,0.9962303515063371,6.35,put,0.3058469331010037
2026-09-30,0.10136986301369863,6335.0,7686.033475718223,0.9962303515063371,6.449999999999999,put,0.30445541315044006
2026-09-30,0.10136986301369863,6345.0,7686.033475718223,0.9962303515063371,6.550000000000001,put,0.30304987995561045
2026-09-30,0.10136986301369863,6350.0,7686.033475718223,0.9962303515063371,6.6,put,0.3023419535376457
2026-09-30,0.10136986301369863,6355.0,7686.033475718223,0.9962303515063371,6.6,put,0.3012582717934165
2026-09-30,0.10136986301369863,6360.0,7686.033475718223,0.9962303515063371,6.65,put,0.30054634425450444
2026-09-30,0.10136986301369863,6365.0,7686.033475718223,0.9962303515063371,6.65,put,0.29946246643078683
2026-09-30,0.10136986301369863,6370.0,7686.033475718223,0.9962303515063371,6.75,put,0.2991124656050663
2026-09-30,0.10136986301369863,6395.0,7686.033475718223,0.9962303515063371,6.949999999999999,put,0.295118048548164
2026-09-30,0.10136986301369863,6415.0,7686.033475718223,0.9962303515063371,7.2,put,0.2925011711363334
2026-09-30,0.10136986301369863,6420.0,7686.033475718223,0.9962303515063371,7.25,put,0.29175115470790314
2026-09-30,0.10136986301369863,6425.0,7686.033475718223,0.9962303515063371,7.25,put,0.29066005669167116
2026-09-30,0.10136986301369863,6430.0,7686.033475718223,0.9962303515063371,36.15,put,0.4037469867418974
2026-09-30,0.10136986301369863,6435.0,7686.033475718223,0.9962303515063371,7.4,put,0.28948333028792894
2026-09-30,0.10136986301369863,6445.0,7686.033475718223,0.9962303515063371,7.5,put,0.2879568966149028
2026-09-30,0.10136986301369863,6470.0,7686.033475718223,0.9962303515063371,7.75,put,0.2840913258410682
2026-09-30,0.10136986301369863,6500.0,7686.033475718223,0.9962303515063371,8.15,put,0.27996951724811037
2026-09-30,0.10136986301369863,6530.0,7686.033475718223,0.9962303515063371,8.45,put,0.27512323110958303
2026-09-30,0.10136986301369863,6535.0,7686.033475718223,0.9962303515063371,8.55,put,0.27459512944327075
2026-09-30,0.10136986301369863,6545.0,7686.033475718223,0.9962303515063371,8.65,put,0.27295119201885504
2026-09-30,0.10136986301369863,6550.0,7686.033475718223,0.9962303515063371,8.75,put,0.27240749656658925
2026-09-30,0.10136986301369863,6560.0,7686.033475718223,0.9962303515063371,8.85,put,0.2707456063221996
2026-09-30,0.10136986301369863,6565.0,7686.033475718223,0.9962303515063371,8.899999999999999,put,0.26991113566634767
2026-09-30,0.10136986301369863,6595.0,7686.033475718223,0.9962303515063371,9.3,put,0.265385893872738
2026-09-30,0.10136986301369863,6600.0,7686.033475718223,0.9962303515063371,9.45,put,0.26505564882115856
2026-09-30,0.10136986301369863,6605.0,7686.033475718223,0.9962303515063371,9.45,put,0.2639366194017146
2026-09-30,0.10136986301369863,6610.0,7686.033475718223,0.9962303515063371,9.55,put,0.263334963611072
2026-09-30,0.10136986301369863,6620.0,7686.033475718223,0.9962303515063371,9.75,put,0.2621134066191735
2026-09-30,0.10136986301369863,6630.0,7686.033475718223,0.9962303515063371,9.85,put,0.26036928690483835
2026-09-30,0.10136986301369863,6645.0,7686.033475718223,0.9962303515063371,10.100000000000001,put,0.2582271487475546
2026-09-30,0.10136986301369863,6650.0,7686.033475718223,0.9962303515063371,10.25,put,0.2578269079602618
2026-09-30,0.10136986301369863,6655.0,7686.033475718223,0.9962303515063371,10.25,put,0.2566972039242673
2026-09-30,0.10136986301369863,6660.0,7686.033475718223,0.9962303515063371,10.4,put,0.25628438421097843
2026-09-30,0.10136986301369863,6685.0,7686.033475718223,0.9962303515063371,10.85,put,0.2527095005604893
2026-09-30,0.10136986301369863,6695.0,7686.033475718223,0.9962303515063371,10.95,put,0.2508872588817659
2026-09-30,0.10136986301369863,6700.0,7686.033475718223,0.9962303515063371,11.1,put,0.2504214400327418
2026-09-30,0.10136986301369863,6710.0,7686.033475718223,0.9962303515063371,11.3,put,0.24902331060029145
2026-09-30,0.10136986301369863,6730.0,7686.033475718223,0.9962303515063371,11.65,put,0.24595490319341595
2026-09-30,0.10136986301369863,6735.0,7686.033475718223,0.9962303515063371,11.75,put,0.245230768988178
2026-09-30,0.10136986301369863,6745.0,7686.033475718223,0.9962303515063371,11.95,put,0.24376833453175303
2026-09-30,0.10136986301369863,6755.0,7686.033475718223,0.9962303515063371,12.2,put,0.2424921427202043
2026-09-30,0.10136986301369863,6760.0,7686.033475718223,0.9962303515063371,12.3,put,0.24174315755026246
2026-09-30,0.10136986301369863,6765.0,7686.033475718223,0.9962303515063371,12.35,put,0.24078798947467536
2026-09-30,0.10136986301369863,6775.0,7686.033475718223,0.9962303515063371,12.55,put,0.23927071655584886
2026-09-30,0.10136986301369863,6790.0,7686.033475718223,0.9962303515063371,12.95,put,0.23734951423531325
2026-09-30,0.10136986301369863,6795.0,7686.033475718223,0.9962303515063371,13.15,put,0.23695152272294517
2026-09-30,0.10136986301369863,6800.0,7686.033475718223,0.9962303515063371,13.15,put,0.23578276151007266
2026-09-30,0.10136986301369863,6805.0,7686.033475718223,0.9962303515063371,13.35,put,0.2353706046382373
2026-09-30,0.10136986301369863,6810.0,7686.033475718223,0.9962303515063371,13.45,put,0.23457389485846128
2026-09-30,0.10136986301369863,6815.0,7686.033475718223,0.9962303515063371,13.55,put,0.23377305576457816
2026-09-30,0.10136986301369863,6820.0,7686.033475718223,0.9962303515063371,13.65,put,0.2329681146966975
2026-09-30,0.10136986301369863,6830.0,7686.033475718223,0.9962303515063371,13.95,put,0.2317085219984378
2026-09-30,0.10136986301369863,6840.0,7686.033475718223,0.9962303515063371,14.2,put,0.2302432454837482
2026-09-30,0.10136986301369863,6850.0,7686.033475718223,0.9962303515063371,14.45,put,0.22875676153472396
2026-09-30,0.10136986301369863,6860.0,7686.033475718223,0.9962303515063371,14.65,put,0.2270769413095707
2026-09-30,0.10136986301369863,6870.0,7686.033475718223,0.9962303515063371,15.05,put,0.2260602673976587
2026-09-30,0.10136986301369863,6900.0,7686.033475718223,0.9962303515063371,15.9,put,0.22166357277602963
2026-09-30,0.10136986301369863,6905.0,7686.033475718223,0.9962303515063371,16.0,put,0.22077777054258294
2026-09-30,0.10136986301369863,6925.0,7686.033475718223,0.9962303515063371,16.65,put,0.2179730967152981
2026-09-30,0.10136986301369863,6935.0,7686.033475718223,0.9962303515063371,16.950000000000003,put,0.2164558508734039
2026-09-30,0.10136986301369863,6950.0,7686.033475718223,0.9962303515063371,17.5,put,0.2144331307996082
2026-09-30,0.10136986301369863,6980.0,7686.033475718223,0.9962303515063371,18.6,put,0.21019426982898975
2026-09-30,0.10136986301369863,6990.0,7686.033475718223,0.9962303515063371,19.0,put,0.20881786039187109
2026-09-30,0.10136986301369863,7000.0,7686.033475718223,0.9962303515063371,19.35,put,0.20727596534748544
2026-09-30,0.10136986301369863,7010.0,7686.033475718223,0.9962303515063371,19.8,put,0.20597554364598036
2026-09-30,0.10136986301369863,7020.0,7686.033475718223,0.9962303515063371,20.2,put,0.20451071035271173
2026-09-30,0.10136986301369863,7025.0,7686.033475718223,0.9962303515063371,20.450000000000003,put,0.2038972073942706
2026-09-30,0.10136986301369863,7040.0,7686.033475718223,0.9962303515063371,21.15,put,0.20187486865040422
2026-09-30,0.10136986301369863,7050.0,7686.033475718223,0.9962303515063371,21.6,put,0.2004436545965804
2026-09-30,0.10136986301369863,7060.0,7686.033475718223,0.9962303515063371,22.0,put,0.19885942059196407
2026-09-30,0.10136986301369863,7070.0,7686.033475718223,0.9962303515063371,22.5,put,0.1974881009363716
2026-09-30,0.10136986301369863,7090.0,7686.033475718223,0.9962303515063371,23.6,put,0.19487365373161736
2026-09-30,0.10136986301369863,7100.0,7686.033475718223,0.9962303515063371,24.1,put,0.19339688343575678
2026-09-30,0.10136986301369863,7110.0,7686.033475718223,0.9962303515063371,24.7,put,0.19211015358952221
2026-09-30,0.10136986301369863,7120.0,7686.033475718223,0.9962303515063371,25.2,put,0.19056486601110842
2026-09-30,0.10136986301369863,7125.0,7686.033475718223,0.9962303515063371,25.549999999999997,put,0.18999711729733706
2026-09-30,0.10136986301369863,7130.0,7686.033475718223,0.9962303515063371,25.8,put,0.189202928232973
2026-09-30,0.10136986301369863,7140.0,7686.033475718223,0.9962303515063371,26.45,put,0.1879078574932764
2026-09-30,0.10136986301369863,7150.0,7686.033475718223,0.9962303515063371,27.1,put,0.18657107272472073
2026-09-30,0.10136986301369863,7175.0,7686.033475718223,0.9962303515063371,28.75,put,0.18310101221060426
2026-09-30,0.10136986301369863,7190.0,7686.033475718223,0.9962303515063371,29.8,put,0.1810140369780489
2026-09-30,0.10136986301369863,7200.0,7686.033475718223,0.9962303515063371,30.7,put,0.1799485960259911
2026-09-30,0.10136986301369863,7225.0,7686.033475718223,0.9962303515063371,32.599999999999994,put,0.17641592027342212
2026-09-30,0.10136986301369863,7240.0,7686.033475718223,0.9962303515063371,33.8,put,0.1742713291922113
2026-09-30,0.10136986301369863,7245.0,7686.033475718223,0.9962303515063371,34.3,put,0.17370836086913288
2026-09-30,0.10136986301369863,7265.0,7686.033475718223,0.9962303515063371,36.15,put,0.17106285518312264
2026-09-30,0.10136986301369863,7275.0,7686.033475718223,0.9962303515063371,37.05,put,0.16962243709980696
2026-09-30,0.10136986301369863,7280.0,7686.033475718223,0.9962303515063371,37.45,put,0.16880199077038194
2026-09-30,0.10136986301369863,7300.0,7686.033475718223,0.9962303515063371,39.5,put,0.16612693629541758
2026-09-30,0.10136986301369863,7310.0,7686.033475718223,0.9962303515063371,40.599999999999994,put,0.16482485406239664
2026-09-30,0.10136986301369863,7325.0,7686.033475718223,0.9962303515063371,42.35,put,0.1629161867909473
2026-09-30,0.10136986301369863,7330.0,7686.033475718223,0.9962303515063371,42.900000000000006,put,0.16219996135631645
2026-09-30,0.10136986301369863,7335.0,7686.033475718223,0.9962303515063371,43.45,put,0.16146977728624906
2026-09-30,0.10136986301369863,7345.0,7686.033475718223,0.9962303515063371,44.7,put,0.16018759556452206
2026-09-30,0.10136986301369863,7350.0,7686.033475718223,0.9962303515063371,45.15,put,0.15926877214205695
2026-09-30,0.10136986301369863,7355.0,7686.033475718223,0.9962303515063371,45.95,put,0.15884308775936032
2026-09-30,0.10136986301369863,7360.0,7686.033475718223,0.9962303515063371,46.599999999999994,put,0.15818339724003888
2026-09-30,0.10136986301369863,7375.0,7686.033475718223,0.9962303515063371,48.55,put,0.15610915409790796
2026-09-30,0.10136986301369863,7380.0,7686.033475718223,0.9962303515063371,49.25,put,0.15545538280324891
2026-09-30,0.10136986301369863,7390.0,7686.033475718223,0.9962303515063371,50.65,put,0.15409768594930512
2026-09-30,0.10136986301369863,7395.0,7686.033475718223,0.9962303515063371,51.35,put,0.1533939072007647
2026-09-30,0.10136986301369863,7405.0,7686.033475718223,0.9962303515063371,52.85,put,0.15206962325661663
2026-09-30,0.10136986301369863,7420.0,7686.033475718223,0.9962303515063371,55.15,put,0.15001723721204258
2026-09-30,0.10136986301369863,7425.0,7686.033475718223,0.9962303515063371,55.95,put,0.1493406993908583
2026-09-30,0.10136986301369863,7430.0,7686.033475718223,0.9962303515063371,56.7,put,0.14858200853249517
2026-09-30,0.10136986301369863,7435.0,7686.033475718223,0.9962303515063371,57.55,put,0.14793294755882525
2026-09-30,0.10136986301369863,7445.0,7686.033475718223,0.9962303515063371,59.3,put,0.14664005275349884
2026-09-30,0.10136986301369863,7460.0,7686.033475718223,0.9962303515063371,62.0,put,0.14464653445544176
2026-09-30,0.10136986301369863,7475.0,7686.033475718223,0.9962303515063371,64.8,put,0.1425945408534144
2026-09-30,0.10136986301369863,7480.0,7686.033475718223,0.9962303515063371,65.75,put,0.1418897232280459
2026-09-30,0.10136986301369863,7490.0,7686.033475718223,0.9962303515063371,67.75,put,0.14053572102917936
2026-09-30,0.10136986301369863,7500.0,7686.033475718223,0.9962303515063371,69.85,put,0.13921209336365928
2026-09-30,0.10136986301369863,7510.0,7686.033475718223,0.9962303515063371,71.95,put,0.1377998372583142
2026-09-30,0.10136986301369863,7520.0,7686.033475718223,0.9962303515063371,74.2,put,0.13646837661618452
2026-09-30,0.10136986301369863,7525.0,7686.033475718223,0.9962303515063371,75.4,put,0.13585203212084293
2026-09-30,0.10136986301369863,7530.0,7686.033475718223,0.9962303515063371,76.5,put,0.13509949049483452
2026-09-30,0.10136986301369863,7540.0,7686.033475718223,0.9962303515063371,78.9,put,0.13374611034718595
2026-09-30,0.10136986301369863,7545.0,7686.033475718223,0.9962303515063371,80.1,put,0.13303263727528136
2026-09-30,0.10136986301369863,7550.0,7686.033475718223,0.9962303515063371,81.35,put,0.13234926369551878
2026-09-30,0.10136986301369863,7575.0,7686.033475718223,0.9962303515063371,87.95,put,0.1289240918200308
2026-09-30,0.10136986301369863,7580.0,7686.033475718223,0.9962303515063371,89.35,put,0.12824462869469394
2026-09-30,0.10136986301369863,7590.0,7686.033475718223,0.9962303515063371,92.25,put,0.1269081789028587
2026-09-30,0.10136986301369863,7595.0,7686.033475718223,0.9962303515063371,93.7,put,0.12619729187864254
2026-09-30,0.10136986301369863,7600.0,7686.033475718223,0.9962303515063371,95.2,put,0.12551016956010702
2026-09-30,0.10136986301369863,7610.0,7686.033475718223,0.9962303515063371,98.4,put,0.12425635783026566
2026-09-30,0.10136986301369863,7615.0,7686.033475718223,0.9962303515063371,100.0,put,0.12358379313844255
2026-09-30,0.10136986301369863,7625.0,7686.033475718223,0.9962303515063371,103.25,put,0.12219767125871207
2026-09-30,0.10136986301369863,7630.0,7686.033475718223,0.9962303515063371,104.9,put,0.12148317503552804
2026-09-30,0.10136986301369863,7645.0,7686.033475718223,0.9962303515063371,110.1,put,0.11940233533132066
2026-09-30,0.10136986301369863,7650.0,7686.033475718223,0.9962303515063371,111.85,put,0.11865890954527014
2026-09-30,0.10136986301369863,7655.0,7686.033475718223,0.9962303515063371,113.75,put,0.11803538253294804
2026-09-30,0.10136986301369863,7660.0,7686.033475718223,0.9962303515063371,115.65,put,0.11737677379775353
2026-09-30,0.10136986301369863,7665.0,7686.033475718223,0.9962303515063371,117.55000000000001,put,0.11668255016367503
2026-09-30,0.10136986301369863,7670.0,7686.033475718223,0.9962303515063371,119.5,put,0.1160035389536438
2026-09-30,0.10136986301369863,7675.0,7686.033475718223,0.9962303515063371,121.44999999999999,put,0.1152877048294324
2026-09-30,0.10136986301369863,7680.0,7686.033475718223,0.9962303515063371,123.44999999999999,put,0.11458586138267189
2026-09-30,0.10136986301369863,7685.0,7686.033475718223,0.9962303515063371,125.4,put,0.11379426695385497
2026-10-02,0.10684931506849316,7700.0,7689.9632669353905,0.9960213317754211,125.4,call,0.14461074173154795
2026-10-02,0.10684931506849316,7710.0,7689.9632669353905,0.9960213317754211,119.9,call,0.1435086358372553
2026-10-02,0.10684931506849316,7720.0,7689.9632669353905,0.9960213317754211,114.4,call,0.14228908164217582
2026-10-02,0.10684931506849316,7725.0,7689.9632669353905,0.9960213317754211,111.75,call,0.14173555005114288
2026-10-02,0.10684931506849316,7750.0,7689.9632669353905,0.9960213317754211,98.80000000000001,call,0.13881158745638464
2026-10-02,0.10684931506849316,7770.0,7689.9632669353905,0.9960213317754211,89.19999999999999,call,0.13668112269980312
2026-10-02,0.10684931506849316,7790.0,7689.9632669353905,0.9960213317754211,80.19999999999999,call,0.13465059686814593
2026-10-02,0.10684931506849316,7800.0,7689.9632669353905,0.9960213317754211,75.9,call,0.13364423411797216
2026-10-02,0.10684931506849316,7825.0,7689.9632669353905,0.9960213317754211,65.94999999999999,call,0.1313900121470987
2026-10-02,0.10684931506849316,7850.0,7689.9632669353905,0.9960213317754211,56.900000000000006,call,0.12925435359999107
2026-10-02,0.10684931506849316,7875.0,7689.9632669353905,0.9960213317754211,48.8,call,0.12731545792527232
2026-10-02,0.10684931506849316,7900.0,7689.9632669353905,0.9960213317754211,41.55,call,0.12548720183570172
2026-10-02,0.10684931506849316,7925.0,7689.9632669353905,0.9960213317754211,35.15,call,0.12381483734259184
2026-10-02,0.10684931506849316,7950.0,7689.9632669353905,0.9960213317754211,29.6,call,0.12237081997531446
2026-10-02,0.10684931506849316,7975.0,7689.9632669353905,0.9960213317754211,24.75,call,0.12101831772620701
2026-10-02,0.10684931506849316,8000.0,7689.9632669353905,0.9960213317754211,20.6,call,0.1198493145066159
2026-10-02,0.10684931506849316,8025.0,7689.9632669353905,0.9960213317754211,17.0,call,0.11870112448940957
2026-10-02,0.10684931506849316,8050.0,7689.9632669353905,0.9960213317754211,13.95,call,0.11767482999068575
2026-10-02,0.10684931506849316,8100.0,7689.9632669353905,0.9960213317754211,9.35,call,0.11626083471101968
2026-10-02,0.10684931506849316,8150.0,7689.9632669353905,0.9960213317754211,6.2,call,0.1153641832722554
2026-10-02,0.10684931506849316,8200.0,7689.9632669353905,0.9960213317754211,4.15,call,0.11524669529790607
2026-10-02,0.10684931506849316,8250.0,7689.9632669353905,0.9960213317754211,2.775,call,0.11547938692920531
2026-10-02,0.10684931506849316,6200.0,7689.9632669353905,0.9960213317754211,6.050000000000001,put,0.3222772686011875
2026-10-02,0.10684931506849316,6250.0,7689.9632669353905,0.9960213317754211,6.449999999999999,put,0.3149105803916472
2026-10-02,0.10684931506849316,6300.0,7689.9632669353905,0.9960213317754211,6.9,put,0.30767195706013245
2026-10-02,0.10684931506849316,6350.0,7689.9632669353905,0.9960213317754211,7.35,put,0.30016989726696186
2026-10-02,0.10684931506849316,6500.0,7689.9632669353905,0.9960213317754211,9.100000000000001,put,0.27852186506981014
2026-10-02,0.10684931506849316,6550.0,7689.9632669353905,0.9960213317754211,9.8,put,0.2713156523643584
2026-10-02,0.10684931506849316,6650.0,7689.9632669353905,0.9960213317754211,11.399999999999999,put,0.25680840556445667
2026-10-02,0.10684931506849316,6700.0,7689.9632669353905,0.9960213317754211,12.35,put,0.24963946663206713
2026-10-02,0.10684931506849316,6750.0,7689.9632669353905,0.9960213317754211,13.45,put,0.24263554945542784
2026-10-02,0.10684931506849316,6800.0,7689.9632669353905,0.9960213317754211,14.65,put,0.23552636482664663
2026-10-02,0.10684931506849316,6850.0,7689.9632669353905,0.9960213317754211,16.0,put,0.22843215414489398
2026-10-02,0.10684931506849316,6900.0,7689.9632669353905,0.9960213317754211,17.65,put,0.22172657734567275
2026-10-02,0.10684931506849316,6950.0,7689.9632669353905,0.9960213317754211,19.4,put,0.21468951679954118
2026-10-02,0.10684931506849316,7000.0,7689.9632669353905,0.9960213317754211,21.4,put,0.2076843670389378
2026-10-02,0.10684931506849316,7050.0,7689.9632669353905,0.9960213317754211,23.85,put,0.20106869860671403
2026-10-02,0.10684931506849316,7100.0,7689.9632669353905,0.9960213317754211,26.5,put,0.19410519714844343
2026-10-02,0.10684931506849316,7125.0,7689.9632669353905,0.9960213317754211,28.05,put,0.19078396153405489
2026-10-02,0.10684931506849316,7150.0,7689.9632669353905,0.9960213317754211,29.65,put,0.1873333884653466
2026-10-02,0.10684931506849316,7175.0,7689.9632669353905,0.9960213317754211,31.45,put,0.18402996021168175
2026-10-02,0.10684931506849316,7200.0,7689.9632669353905,0.9960213317754211,33.400000000000006,put,0.18074525207055134
2026-10-02,0.10684931506849316,7225.0,7689.9632669353905,0.9960213317754211,35.45,put,0.17736897512566688
2026-10-02,0.10684931506849316,7250.0,7689.9632669353905,0.9960213317754211,37.7,put,0.1740529208723733
2026-10-02,0.10684931506849316,7275.0,7689.9632669353905,0.9960213317754211,40.05,put,0.1706075433564551
2026-10-02,0.10684931506849316,7300.0,7689.9632669353905,0.9960213317754211,42.75,put,0.16739941869388952
2026-10-02,0.10684931506849316,7325.0,7689.9632669353905,0.9960213317754211,45.599999999999994,put,0.16408249353098983
2026-10-02,0.10684931506849316,7350.0,7689.9632669353905,0.9960213317754211,48.599999999999994,put,0.16063947317023666
2026-10-02,0.10684931506849316,7375.0,7689.9632669353905,0.9960213317754211,52.0,put,0.15738757210797633
2026-10-02,0.10684931506849316,7400.0,7689.9632669353905,0.9960213317754211,55.599999999999994,put,0.15401418059499422
2026-10-02,0.10684931506849316,7450.0,7689.9632669353905,0.9960213317754211,63.900000000000006,put,0.1474103837385621
2026-10-02,0.10684931506849316,7475.0,7689.9632669353905,0.9960213317754211,68.6,put,0.14409283514756324
2026-10-02,0.10684931506849316,7500.0,7689.9632669353905,0.9960213317754211,73.65,put,0.14069109676139974
2026-10-02,0.10684931506849316,7525.0,7689.9632669353905,0.9960213317754211,79.35,put,0.1374938806268911
2026-10-02,0.10684931506849316,7550.0,7689.9632669353905,0.9960213317754211,85.4,put,0.13411707046976165
2026-10-02,0.10684931506849316,7560.0,7689.9632669353905,0.9960213317754211,87.65,put,0.1324247512877174
2026-10-02,0.10684931506849316,7580.0,7689.9632669353905,0.9960213317754211,93.44999999999999,put,0.13011272464372867
2026-10-02,0.10684931506849316,7600.0,7689.9632669353905,0.9960213317754211,99.30000000000001,put,0.1274308166747728
2026-10-02,0.10684931506849316,7625.0,7689.9632669353905,0.9960213317754211,107.2,put,0.12405681088334436
2026-10-02,0.10684931506849316,7650.0,7689.9632669353905,0.9960213317754211,115.9,put,0.1207494223540444
2026-10-02,0.10684931506849316,7670.0,7689.9632669353905,0.9960213317754211,123.25,put,0.11792167714966453
2026-10-02,0.10684931506849316,7675.0,7689.9632669353905,0.9960213317754211,125.19999999999999,put,0.11724348497190425
2026-10-16,0.14520547945205478,7705.0,7700.407163558812,0.9945431900306015,152.5,call,0.14972288894636632
2026-10-16,0.14520547945205478,7710.0,7700.407163558812,0.9945431900306015,149.55,call,0.14909380229958108
2026-10-16,0.14520547945205478,7715.0,7700.407163558812,0.9945431900306015,146.8,call,0.14861662068338988
2026-10-16,0.14520547945205478,7720.0,7700.407163558812,0.9945431900306015,144.0,call,0.14807558767999685
2026-10-16,0.14520547945205478,7730.0,7700.407163558812,0.9945431900306015,138.4,call,0.14693026698896908
2026-10-16,0.14520547945205478,7735.0,7700.407163558812,0.9945431900306015,137.15,call,0.1476717493367759
2026-10-16,0.14520547945205478,7740.0,7700.407163558812,0.9945431900306015,133.1,call,0.14595975224202867
2026-10-16,0.14520547945205478,7750.0,7700.407163558812,0.9945431900306015,128.2,call,0.14525219893473867
2026-10-16,0.14520547945205478,7760.0,7700.407163558812,0.9945431900306015,123.94999999999999,call,0.1450298827069211
2026-10-16,0.14520547945205478,7765.0,7700.407163558812,0.9945431900306015,121.5,call,0.14460204701746487
2026-10-16,0.14520547945205478,7770.0,7700.407163558812,0.9945431900306015,119.0,call,0.14410792940289427
2026-10-16,0.14520547945205478,7775.0,7700.407163558812,0.9945431900306015,116.55000000000001,call,0.14363539959410013
2026-10-16,0.14520547945205478,7780.0,7700.407163558812,0.9945431900306015,112.75,call,0.1419397489960659
2026-10-16,0.14520547945205478,7790.0,7700.407163558812,0.9945431900306015,109.3,call,0.14216915084332504
2026-10-16,0.14520547945205478,7795.0,7700.407163558812,0.9945431900306015,105.65,call,0.14052470927340013
2026-10-16,0.14520547945205478,7805.0,7700.407163558812,0.9945431900306015,101.0,call,0.13953731862186258
2026-10-16,0.14520547945205478,7810.0,7700.407163558812,0.9945431900306015,98.8,call,0.13912080804292828
2026-10-16,0.14520547945205478,7815.0,7700.407163558812,0.9945431900306015,96.65,call,0.13872603969973274
2026-10-16,0.14520547945205478,7820.0,7700.407163558812,0.9945431900306015,94.4,call,0.13821528418865053
2026-10-16,0.14520547945205478,7825.0,7700.407163558812,0.9945431900306015,92.3,call,0.13781782843755264
2026-10-16,0.14520547945205478,7830.0,7700.407163558812,0.9945431900306015,90.2,call,0.13739594072616199
2026-10-16,0.14520547945205478,7835.0,7700.407163558812,0.9945431900306015,88.15,call,0.13699588589682032
2026-10-16,0.14520547945205478,7845.0,7700.407163558812,0.9945431900306015,84.1,call,0.1361679986364851
2026-10-16,0.14520547945205478,7850.0,7700.407163558812,0.9945431900306015,82.05,call,0.13569216105182824
2026-10-16,0.14520547945205478,7855.0,7700.407163558812,0.9945431900306015,80.2,call,0.13538136681239216
2026-10-16,0.14520547945205478,7860.0,7700.407163558812,0.9945431900306015,78.3,call,0.1349978872818846
2026-10-16,0.14520547945205478,7865.0,7700.407163558812,0.9945431900306015,76.4,call,0.13458876697942754
2026-10-16,0.14520547945205478,7870.0,7700.407163558812,0.9945431900306015,74.5,call,0.1341534433427541
2026-10-16,0.14520547945205478,7875.0,7700.407163558812,0.9945431900306015,73.85,call,0.13492003190040883
2026-10-16,0.14520547945205478,7890.0,7700.407163558812,0.9945431900306015,67.5,call,0.13274180195602353
2026-10-16,0.14520547945205478,7895.0,7700.407163558812,0.9945431900306015,66.9,call,0.13348861117017455
2026-10-16,0.14520547945205478,7900.0,7700.407163558812,0.9945431900306015,64.15,call,0.13202996370857714
2026-10-16,0.14520547945205478,7905.0,7700.407163558812,0.9945431900306015,63.65,call,0.13284487616361906
2026-10-16,0.14520547945205478,7910.0,7700.407163558812,0.9945431900306015,62.099999999999994,call,0.13256165411373716
2026-10-16,0.14520547945205478,7915.0,7700.407163558812,0.9945431900306015,60.5,call,0.1322005091912399
2026-10-16,0.14520547945205478,7920.0,7700.407163558812,0.9945431900306015,58.95,call,0.13186503353278012
2026-10-16,0.14520547945205478,7925.0,7700.407163558812,0.9945431900306015,57.400000000000006,call,0.13150268806871906
2026-10-16,0.14520547945205478,7935.0,7700.407163558812,0.9945431900306015,54.45,call,0.13085762904879583
2026-10-16,0.14520547945205478,7940.0,7700.407163558812,0.9945431900306015,52.0,call,0.1294209822119651
2026-10-16,0.14520547945205478,7950.0,7700.407163558812,0.9945431900306015,50.3,call,0.12999063545612347
2026-10-16,0.14520547945205478,7955.0,7700.407163558812,0.9945431900306015,49.0,call,0.1297419497978437
2026-10-16,0.14520547945205478,7960.0,7700.407163558812,0.9945431900306015,47.7,call,0.12946702857691925
2026-10-16,0.14520547945205478,7965.0,7700.407163558812,0.9945431900306015,46.400000000000006,call,0.12916515476787077
2026-10-16,0.14520547945205478,7970.0,7700.407163558812,0.9945431900306015,44.2,call,0.12777832574291628
2026-10-16,0.14520547945205478,7975.0,7700.407163558812,0.9945431900306015,42.9,call,0.12740718652174948
2026-10-16,0.14520547945205478,7980.0,7700.407163558812,0.9945431900306015,41.85,call,0.12730762672438597
2026-10-16,0.14520547945205478,8000.0,7700.407163558812,0.9945431900306015,37.15,call,0.12603261252685372
2026-10-16,0.14520547945205478,8010.0,7700.407163558812,0.9945431900306015,35.25,call,0.12580041213087212
2026-10-16,0.14520547945205478,8020.0,7700.407163558812,0.9945431900306015,33.15,call,0.12520116062719341
2026-10-16,0.14520547945205478,8025.0,7700.407163558812,0.9945431900306015,33.0,call,0.12607528933884823
2026-10-16,0.14520547945205478,8040.0,7700.407163558812,0.9945431900306015,29.4,call,0.12426998159884309
2026-10-16,0.14520547945205478,8050.0,7700.407163558812,0.9945431900306015,27.75,call,0.12395933581378925
2026-10-16,0.14520547945205478,8060.0,7700.407163558812,0.9945431900306015,26.049999999999997,call,0.12346645565714669
2026-10-16,0.14520547945205478,8070.0,7700.407163558812,0.9945431900306015,25.2,call,0.12417445306588215
2026-10-16,0.14520547945205478,8075.0,7700.407163558812,0.9945431900306015,23.7,call,0.12281743545084767
2026-10-16,0.14520547945205478,8080.0,7700.407163558812,0.9945431900306015,23.7,call,0.1238003848914543
2026-10-16,0.14520547945205478,8100.0,7700.407163558812,0.9945431900306015,20.9,call,0.12304829013027367
2026-10-16,0.14520547945205478,8125.0,7700.407163558812,0.9945431900306015,17.8,call,0.1221807836210875
2026-10-16,0.14520547945205478,8140.0,7700.407163558812,0.9945431900306015,16.15,call,0.1217233499760166
2026-10-16,0.14520547945205478,8150.0,7700.407163558812,0.9945431900306015,15.15,call,0.12148345903948898
2026-10-16,0.14520547945205478,8160.0,7700.407163558812,0.9945431900306015,14.2,call,0.12124330512260764
2026-10-16,0.14520547945205478,8175.0,7700.407163558812,0.9945431900306015,12.399999999999999,call,0.119817673216288
2026-10-16,0.14520547945205478,8190.0,7700.407163558812,0.9945431900306015,11.100000000000001,call,0.11921853401535963
2026-10-16,0.14520547945205478,8200.0,7700.407163558812,0.9945431900306015,10.35,call,0.11896285581069167
2026-10-16,0.14520547945205478,8210.0,7700.407163558812,0.9945431900306015,10.15,call,0.12006444604880467
2026-10-16,0.14520547945205478,8225.0,7700.407163558812,0.9945431900306015,9.15,call,0.11974291913416059
2026-10-16,0.14520547945205478,8230.0,7700.407163558812,0.9945431900306015,8.85,call,0.11967809665678043
2026-10-16,0.14520547945205478,8250.0,7700.407163558812,0.9945431900306015,7.7,call,0.11931913317301364
2026-10-16,0.14520547945205478,8270.0,7700.407163558812,0.9945431900306015,6.4,call,0.11798234054405973
2026-10-16,0.14520547945205478,8275.0,7700.407163558812,0.9945431900306015,6.2,call,0.11800218463293707
2026-10-16,0.14520547945205478,8280.0,7700.407163558812,0.9945431900306015,6.0,call,0.11800114884304672
2026-10-16,0.14520547945205478,8290.0,7700.407163558812,0.9945431900306015,5.9,call,0.11908784141366438
2026-10-16,0.14520547945205478,8300.0,7700.407163558812,0.9945431900306015,5.25,call,0.1179729171982363
2026-10-16,0.14520547945205478,8320.0,7700.407163558812,0.9945431900306015,4.65,call,0.11824035319399939
2026-10-16,0.14520547945205478,8325.0,7700.407163558812,0.9945431900306015,4.449999999999999,call,0.1180304439117618
2026-10-16,0.14520547945205478,8330.0,7700.407163558812,0.9945431900306015,4.35,call,0.11825944820853322
2026-10-16,0.14520547945205478,8350.0,7700.407163558812,0.9945431900306015,3.8,call,0.11828942185578784
2026-10-16,0.14520547945205478,8370.0,7700.407163558812,0.9945431900306015,3.35,call,0.11852848676088869
2026-10-16,0.14520547945205478,8375.0,7700.407163558812,0.9945431900306015,3.45,call,0.11975720848224057
2026-10-16,0.14520547945205478,8400.0,7700.407163558812,0.9945431900306015,2.775,call,0.11893840846739513
2026-10-16,0.14520547945205478,6175.0,7700.407163558812,0.9945431900306015,9.600000000000001,put,0.3029761171242683
2026-10-16,0.14520547945205478,6200.0,7700.407163558812,0.9945431900306015,9.899999999999999,put,0.299760709910326
2026-10-16,0.14520547945205478,6210.0,7700.407163558812,0.9945431900306015,10.05,put,0.2986150771777738
2026-10-16,0.14520547945205478,6230.0,7700.407163558812,0.9945431900306015,10.3,put,0.29603117109404975
2026-10-16,0.14520547945205478,6250.0,7700.407163558812,0.9945431900306015,10.7,put,0.2941524377197517
2026-10-16,0.14520547945205478,6275.0,7700.407163558812,0.9945431900306015,10.899999999999999,put,0.29026499363034586
2026-10-16,0.14520547945205478,6290.0,7700.407163558812,0.9945431900306015,11.25,put,0.28900555727072674
2026-10-16,0.14520547945205478,6300.0,7700.407163558812,0.9945431900306015,11.2,put,0.2868216701401375
2026-10-16,0.14520547945205478,6325.0,7700.407163558812,0.9945431900306015,11.600000000000001,put,0.2837838092827531
2026-10-16,0.14520547945205478,6380.0,7700.407163558812,0.9945431900306015,12.399999999999999,put,0.27650826512337967
2026-10-16,0.14520547945205478,6410.0,7700.407163558812,0.9945431900306015,12.95,put,0.27288323973715106
2026-10-16,0.14520547945205478,6450.0,7700.407163558812,0.9945431900306015,13.65,put,0.2677452980882143
2026-10-16,0.14520547945205478,6460.0,7700.407163558812,0.9945431900306015,13.85,put,0.26652819906722636
2026-10-16,0.14520547945205478,6475.0,7700.407163558812,0.9945431900306015,14.100000000000001,put,0.26449074581641585
2026-10-16,0.14520547945205478,6500.0,7700.407163558812,0.9945431900306015,14.600000000000001,put,0.261348371533213
2026-10-16,0.14520547945205478,6510.0,7700.407163558812,0.9945431900306015,14.85,put,0.2602480670378847
2026-10-16,0.14520547945205478,6520.0,7700.407163558812,0.9945431900306015,15.25,put,0.259656788821151
2026-10-16,0.14520547945205478,6525.0,7700.407163558812,0.9945431900306015,15.35,put,0.25900110275841615
2026-10-16,0.14520547945205478,6540.0,7700.407163558812,0.9945431900306015,15.7,put,0.25718693581431773
2026-10-16,0.14520547945205478,6560.0,7700.407163558812,0.9945431900306015,15.850000000000001,put,0.25366241574768655
2026-10-16,0.14520547945205478,6650.0,7700.407163558812,0.9945431900306015,18.1,put,0.2424479721366636
2026-10-16,0.14520547945205478,6660.0,7700.407163558812,0.9945431900306015,18.4,put,0.2412773106409077
2026-10-16,0.14520547945205478,6700.0,7700.407163558812,0.9945431900306015,19.85,put,0.23711312480793043
2026-10-16,0.14520547945205478,6725.0,7700.407163558812,0.9945431900306015,20.6,put,0.23392423332317014
2026-10-16,0.14520547945205478,6780.0,7700.407163558812,0.9945431900306015,22.450000000000003,put,0.2270676699106825
2026-10-16,0.14520547945205478,6790.0,7700.407163558812,0.9945431900306015,22.8,put,0.22579905328091487
2026-10-16,0.14520547945205478,6820.0,7700.407163558812,0.9945431900306015,23.9,put,0.22200729806553848
2026-10-16,0.14520547945205478,6825.0,7700.407163558812,0.9945431900306015,23.8,put,0.2207021986452523
2026-10-16,0.14520547945205478,6850.0,7700.407163558812,0.9945431900306015,25.15,put,0.2183926595210371
2026-10-16,0.14520547945205478,6870.0,7700.407163558812,0.9945431900306015,25.65,put,0.21515735159903882
2026-10-16,0.14520547945205478,6875.0,7700.407163558812,0.9945431900306015,25.8,put,0.21439626161796188
2026-10-16,0.14520547945205478,6880.0,7700.407163558812,0.9945431900306015,26.049999999999997,put,0.21384754395613367
2026-10-16,0.14520547945205478,6890.0,7700.407163558812,0.9945431900306015,26.5,put,0.21262566536873784
2026-10-16,0.14520547945205478,6900.0,7700.407163558812,0.9945431900306015,27.0,put,0.21148744919615703
2026-10-16,0.14520547945205478,6920.0,7700.407163558812,0.9945431900306015,27.9,put,0.20893712872961434
2026-10-16,0.14520547945205478,6930.0,7700.407163558812,0.9945431900306015,28.4,put,0.20773199727110875
2026-10-16,0.14520547945205478,6970.0,7700.407163558812,0.9945431900306015,30.9,put,0.20363272062424884
2026-10-16,0.14520547945205478,7000.0,7700.407163558812,0.9945431900306015,32.65,put,0.2000374486110903
2026-10-16,0.14520547945205478,7020.0,7700.407163558812,0.9945431900306015,33.400000000000006,put,0.1967857214823924
2026-10-16,0.14520547945205478,7025.0,7700.407163558812,0.9945431900306015,33.7,put,0.19616039887741604
2026-10-16,0.14520547945205478,7040.0,7700.407163558812,0.9945431900306015,35.2,put,0.1952710622890652
2026-10-16,0.14520547945205478,7055.0,7700.407163558812,0.9945431900306015,36.25,put,0.19353207502476508
2026-10-16,0.14520547945205478,7070.0,7700.407163558812,0.9945431900306015,36.65,put,0.19066800752188845
2026-10-16,0.14520547945205478,7075.0,7700.407163558812,0.9945431900306015,37.599999999999994,put,0.19103400670148696
2026-10-16,0.14520547945205478,7080.0,7700.407163558812,0.9945431900306015,37.35,put,0.18944672631094298
2026-10-16,0.14520547945205478,7100.0,7700.407163558812,0.9945431900306015,39.35,put,0.18786086911266875
2026-10-16,0.14520547945205478,7105.0,7700.407163558812,0.9945431900306015,39.85,put,0.18743849544091273
2026-10-16,0.14520547945205478,7110.0,7700.407163558812,0.9945431900306015,40.25,put,0.18685231409577693
2026-10-16,0.14520547945205478,7125.0,7700.407163558812,0.9945431900306015,40.7,put,0.18391558326868523
2026-10-16,0.14520547945205478,7140.0,7700.407163558812,0.9945431900306015,41.95,put,0.18214118288827372
2026-10-16,0.14520547945205478,7145.0,7700.407163558812,0.9945431900306015,43.0,put,0.1824635350032257
2026-10-16,0.14520547945205478,7155.0,7700.407163558812,0.9945431900306015,43.900000000000006,put,0.18130889176801507
2026-10-16,0.14520547945205478,7165.0,7700.407163558812,0.9945431900306015,44.8,put,0.18012100333159436
2026-10-16,0.14520547945205478,7170.0,7700.407163558812,0.9945431900306015,44.5,put,0.17845231688300403
2026-10-16,0.14520547945205478,7175.0,7700.407163558812,0.9945431900306015,44.95,put,0.17784531998987407
2026-10-16,0.14520547945205478,7180.0,7700.407163558812,0.9945431900306015,45.35,put,0.17716005418716443
2026-10-16,0.14520547945205478,7190.0,7700.407163558812,0.9945431900306015,46.35,put,0.1760441715429089
2026-10-16,0.14520547945205478,7200.0,7700.407163558812,0.9945431900306015,48.099999999999994,put,0.1759101795489737
2026-10-16,0.14520547945205478,7205.0,7700.407163558812,0.9945431900306015,48.55,put,0.17524619295384775
2026-10-16,0.14520547945205478,7210.0,7700.407163558812,0.9945431900306015,49.05,put,0.17464111397089496
2026-10-16,0.14520547945205478,7220.0,7700.407163558812,0.9945431900306015,49.25,put,0.17234797467139662
2026-10-16,0.14520547945205478,7230.0,7700.407163558812,0.9945431900306015,50.25,put,0.1710910850388869
2026-10-16,0.14520547945205478,7235.0,7700.407163558812,0.9945431900306015,51.65,put,0.17161402280492646
2026-10-16,0.14520547945205478,7250.0,7700.407163558812,0.9945431900306015,53.15,put,0.16961440784165568
2026-10-16,0.14520547945205478,7260.0,7700.407163558812,0.9945431900306015,54.45,put,0.1686131830118166
2026-10-16,0.14520547945205478,7270.0,7700.407163558812,0.9945431900306015,55.5,put,0.16726048773080043
2026-10-16,0.14520547945205478,7300.0,7700.407163558812,0.9945431900306015,58.45,put,0.16275443769888445
2026-10-16,0.14520547945205478,7305.0,7700.407163558812,0.9945431900306015,59.0,put,0.16204325538781994
2026-10-16,0.14520547945205478,7310.0,7700.407163558812,0.9945431900306015,59.75,put,0.16155719694357776
2026-10-16,0.14520547945205478,7315.0,7700.407163558812,0.9945431900306015,60.25,put,0.16076813643764945
2026-10-16,0.14520547945205478,7320.0,7700.407163558812,0.9945431900306015,61.95,put,0.16135575547556202
2026-10-16,0.14520547945205478,7325.0,7700.407163558812,0.9945431900306015,62.5,put,0.16059904909695488
2026-10-16,0.14520547945205478,7330.0,7700.407163558812,0.9945431900306015,62.3,put,0.15897869722932606
2026-10-16,0.14520547945205478,7335.0,7700.407163558812,0.9945431900306015,62.95,put,0.15832240446065587
2026-10-16,0.14520547945205478,7340.0,7700.407163558812,0.9945431900306015,63.849999999999994,put,0.15793721405206462
2026-10-16,0.14520547945205478,7345.0,7700.407163558812,0.9945431900306015,64.55,put,0.15731417276052315
2026-10-16,0.14520547945205478,7350.0,7700.407163558812,0.9945431900306015,65.25,put,0.15668000532675597
2026-10-16,0.14520547945205478,7355.0,7700.407163558812,0.9945431900306015,65.85,put,0.15592423322603216
2026-10-16,0.14520547945205478,7370.0,7700.407163558812,0.9945431900306015,68.19999999999999,put,0.15419509394088451
2026-10-16,0.14520547945205478,7380.0,7700.407163558812,0.9945431900306015,69.65,put,0.15285650402985754
2026-10-16,0.14520547945205478,7385.0,7700.407163558812,0.9945431900306015,71.5,put,0.15336650392299553
2026-10-16,0.14520547945205478,7390.0,7700.407163558812,0.9945431900306015,71.30000000000001,put,0.1516841194124042
2026-10-16,0.14520547945205478,7400.0,7700.407163558812,0.9945431900306015,73.9,put,0.15145347642299004
2026-10-16,0.14520547945205478,7405.0,7700.407163558812,0.9945431900306015,74.95,put,0.1510506740360838
2026-10-16,0.14520547945205478,7410.0,7700.407163558812,0.9945431900306015,75.85,put,0.15047804532413642
2026-10-16,0.14520547945205478,7420.0,7700.407163558812,0.9945431900306015,77.4,put,0.14903800249418608
2026-10-16,0.14520547945205478,7425.0,7700.407163558812,0.9945431900306015,77.35,put,0.14746294462776496
2026-10-16,0.14520547945205478,7430.0,7700.407163558812,0.9945431900306015,79.45,put,0.14805422858773545
2026-10-16,0.14520547945205478,7445.0,7700.407163558812,0.9945431900306015,81.15,put,0.1451042914864189
2026-10-16,0.14520547945205478,7450.0,7700.407163558812,0.9945431900306015,83.3,put,0.1456636827194408
2026-10-16,0.14520547945205478,7455.0,7700.407163558812,0.9945431900306015,84.25,put,0.14501876063457247
2026-10-16,0.14520547945205478,7470.0,7700.407163558812,0.9945431900306015,87.35,put,0.14324181459763163
2026-10-16,0.14520547945205478,7480.0,7700.407163558812,0.9945431900306015,89.45,put,0.1420150679385363
2026-10-16,0.14520547945205478,7500.0,7700.407163558812,0.9945431900306015,92.55,put,0.1383484854890409
2026-10-16,0.14520547945205478,7525.0,7700.407163558812,0.9945431900306015,99.8,put,0.13657128288310622
2026-10-16,0.14520547945205478,7530.0,7700.407163558812,0.9945431900306015,101.1,put,0.13602263129502962
2026-10-16,0.14520547945205478,7535.0,7700.407163558812,0.9945431900306015,102.35,put,0.13541093189239226
2026-10-16,0.14520547945205478,7540.0,7700.407163558812,0.9945431900306015,102.30000000000001,put,0.133602795217135
2026-10-16,0.14520547945205478,7550.0,7700.407163558812,0.9945431900306015,104.9,put,0.13239165795037897
2026-10-16,0.14520547945205478,7555.0,7700.407163558812,0.9945431900306015,107.55000000000001,put,0.13297014687790398
2026-10-16,0.14520547945205478,7560.0,7700.407163558812,0.9945431900306015,108.94999999999999,put,0.13240468206006195
2026-10-16,0.14520547945205478,7565.0,7700.407163558812,0.9945431900306015,110.2,put,0.13168693970618425
2026-10-16,0.14520547945205478,7575.0,7700.407163558812,0.9945431900306015,111.6,put,0.1292236084824169
2026-10-16,0.14520547945205478,7580.0,7700.407163558812,0.9945431900306015,113.25,put,0.12880757598266818
2026-10-16,0.14520547945205478,7585.0,7700.407163558812,0.9945431900306015,116.05000000000001,put,0.12938301253287965
2026-10-16,0.14520547945205478,7595.0,7700.407163558812,0.9945431900306015,117.6,put,0.1269100182931246
2026-10-16,0.14520547945205478,7600.0,7700.407163558812,0.9945431900306015,119.1,put,0.1262812396295093
2026-10-16,0.14520547945205478,7605.0,7700.407163558812,0.9945431900306015,120.75,put,0.12576269005731192
2026-10-16,0.14520547945205478,7610.0,7700.407163558812,0.9945431900306015,122.19999999999999,put,0.12504897829820277
2026-10-16,0.14520547945205478,7615.0,7700.407163558812,0.9945431900306015,123.85,put,0.12448811665453882
2026-10-16,0.14520547945205478,7620.0,7700.407163558812,0.9945431900306015,125.55,put,0.12394894896667204
2026-10-16,0.14520547945205478,7630.0,7700.407163558812,0.9945431900306015,128.8,put,0.12267499920150729
2026-10-16,0.14520547945205478,7640.0,7700.407163558812,0.9945431900306015,132.2,put,0.12144130677147588
2026-10-16,0.14520547945205478,7660.0,7700.407163558812,0.9945431900306015,139.3,put,0.11895372704350099
2026-10-16,0.14520547945205478,7665.0,7700.407163558812,0.9945431900306015,140.9,put,0.11812156889683403
2026-10-16,0.14520547945205478,7670.0,7700.407163558812,0.9945431900306015,144.45,put,0.11893971178797381
2026-10-16,0.14520547945205478,7675.0,7700.407163558812,0.9945431900306015,145.0,put,0.11715584779870959
2026-10-16,0.14520547945205478,7680.0,7700.407163558812,0.9945431900306015,148.15,put,0.11758074252883054
2026-10-16,0.14520547945205478,7685.0,7700.407163558812,0.9945431900306015,148.75,put,0.11578761139586603
2026-10-16,0.14520547945205478,7690.0,7700.407163558812,0.9945431900306015,152.15,put,0.11637736876053352
2026-10-16,0.14520547945205478,7695.0,7700.407163558812,0.9945431900306015,152.8,put,0.11457243961406846
2026-10-16,0.14520547945205478,7700.0,7700.407163558812,0.9945431900306015,156.15,put,0.11506855401609883
2026-10-30,0.18356164383561643,7725.0,7712.186511404911,0.9930388803844111,174.25,call,0.1565618958283424
2026-10-30,0.18356164383561643,7740.0,7712.186511404911,0.9930388803844111,165.8,call,0.1550196832702408
2026-10-30,0.18356164383561643,7750.0,7712.186511404911,0.9930388803844111,160.35,call,0.1540532518522717
2026-10-30,0.18356164383561643,7760.0,7712.186511404911,0.9930388803844111,155.0,call,0.15309946666573182
2026-10-30,0.18356164383561643,7765.0,7712.186511404911,0.9930388803844111,152.35,call,0.15261738147745818
2026-10-30,0.18356164383561643,7775.0,7712.186511404911,0.9930388803844111,147.05,call,0.15160321663134887
2026-10-30,0.18356164383561643,7785.0,7712.186511404911,0.9930388803844111,142.05,call,0.15075578110276566
2026-10-30,0.18356164383561643,7790.0,7712.186511404911,0.9930388803844111,139.45,call,0.15022829223575024
2026-10-30,0.18356164383561643,7795.0,7712.186511404911,0.9930388803844111,137.0,call,0.14980127795454312
2026-10-30,0.18356164383561643,7800.0,7712.186511404911,0.9930388803844111,134.5,call,0.1493176377515945
2026-10-30,0.18356164383561643,7810.0,7712.186511404911,0.9930388803844111,129.75,call,0.14849560898692998
2026-10-30,0.18356164383561643,7815.0,7712.186511404911,0.9930388803844111,127.35,call,0.14803850782749262
2026-10-30,0.18356164383561643,7825.0,7712.186511404911,0.9930388803844111,122.65,call,0.14715043838628472
2026-10-30,0.18356164383561643,7840.0,7712.186511404911,0.9930388803844111,115.9,call,0.14592430797538297
2026-10-30,0.18356164383561643,7855.0,7712.186511404911,0.9930388803844111,109.30000000000001,call,0.1446553478346553
2026-10-30,0.18356164383561643,7860.0,7712.186511404911,0.9930388803844111,107.25,call,0.144318396903499
2026-10-30,0.18356164383561643,7865.0,7712.186511404911,0.9930388803844111,105.05000000000001,call,0.14383908382402605
2026-10-30,0.18356164383561643,7870.0,7712.186511404911,0.9930388803844111,103.05000000000001,call,0.14350646952982504
2026-10-30,0.18356164383561643,7885.0,7712.186511404911,0.9930388803844111,96.94999999999999,call,0.1423126187885095
2026-10-30,0.18356164383561643,7890.0,7712.186511404911,0.9930388803844111,95.05000000000001,call,0.1419890047395856
2026-10-30,0.18356164383561643,7895.0,7712.186511404911,0.9930388803844111,93.15,call,0.14164660975027718
2026-10-30,0.18356164383561643,7900.0,7712.186511404911,0.9930388803844111,91.25,call,0.14128511058714383
2026-10-30,0.18356164383561643,7910.0,7712.186511404911,0.9930388803844111,87.55000000000001,call,0.14059024431264414
2026-10-30,0.18356164383561643,7915.0,7712.186511404911,0.9930388803844111,85.7,call,0.14021350459251625
2026-10-30,0.18356164383561643,7920.0,7712.186511404911,0.9930388803844111,83.85,call,0.13981672251818067
2026-10-30,0.18356164383561643,7925.0,7712.186511404911,0.9930388803844111,82.25,call,0.13962073429305247
2026-10-30,0.18356164383561643,7930.0,7712.186511404911,0.9930388803844111,80.44999999999999,call,0.13922866575259568
2026-10-30,0.18356164383561643,7935.0,7712.186511404911,0.9930388803844111,78.75,call,0.13890561507497678
2026-10-30,0.18356164383561643,7945.0,7712.186511404911,0.9930388803844111,75.4,call,0.13824503488823017
2026-10-30,0.18356164383561643,7960.0,7712.186511404911,0.9930388803844111,70.6,call,0.13730966768976383
2026-10-30,0.18356164383561643,7965.0,7712.186511404911,0.9930388803844111,69.05000000000001,call,0.13700410542456107
2026-10-30,0.18356164383561643,7970.0,7712.186511404911,0.9930388803844111,67.44999999999999,call,0.13663099909177115
2026-10-30,0.18356164383561643,7975.0,7712.186511404911,0.9930388803844111,66.05000000000001,call,0.1364268167833549
2026-10-30,0.18356164383561643,7980.0,7712.186511404911,0.9930388803844111,64.55000000000001,call,0.13610774748431623
2026-10-30,0.18356164383561643,7990.0,7712.186511404911,0.9930388803844111,61.75,call,0.13560173618258295
2026-10-30,0.18356164383561643,8000.0,7712.186511404911,0.9930388803844111,58.900000000000006,call,0.134965430317813
2026-10-30,0.18356164383561643,8005.0,7712.186511404911,0.9930388803844111,57.599999999999994,call,0.13474055588035713
2026-10-30,0.18356164383561643,8010.0,7712.186511404911,0.9930388803844111,56.3,call,0.13449591920096302
2026-10-30,0.18356164383561643,8030.0,7712.186511404911,0.9930388803844111,51.25,call,0.13346803869172597
2026-10-30,0.18356164383561643,8040.0,7712.186511404911,0.9930388803844111,48.85,call,0.13296146813470772
2026-10-30,0.18356164383561643,8045.0,7712.186511404911,0.9930388803844111,47.7,call,0.13273089785868442
2026-10-30,0.18356164383561643,8050.0,7712.186511404911,0.9930388803844111,46.55,call,0.13247973681440794
2026-10-30,0.18356164383561643,8085.0,7712.186511404911,0.9930388803844111,39.3,call,0.1310454469579602
2026-10-30,0.18356164383561643,8090.0,7712.186511404911,0.9930388803844111,38.3,call,0.13079937447421444
2026-10-30,0.18356164383561643,8095.0,7712.186511404911,0.9930388803844111,37.3,call,0.13053152377941551
2026-10-30,0.18356164383561643,8150.0,7712.186511404911,0.9930388803844111,28.1,call,0.1284696502805495
2026-10-30,0.18356164383561643,8185.0,7712.186511404911,0.9930388803844111,23.25,call,0.12723887360296246
2026-10-30,0.18356164383561643,8195.0,7712.186511404911,0.9930388803844111,22.05,call,0.1269858285466486
2026-10-30,0.18356164383561643,8200.0,7712.186511404911,0.9930388803844111,21.45,call,0.12682928551039147
2026-10-30,0.18356164383561643,8225.0,7712.186511404911,0.9930388803844111,18.65,call,0.12607045617297924
2026-10-30,0.18356164383561643,8230.0,7712.186511404911,0.9930388803844111,18.15,call,0.12596200453671785
2026-10-30,0.18356164383561643,8270.0,7712.186511404911,0.9930388803844111,14.45,call,0.12494119853865485
2026-10-30,0.18356164383561643,8300.0,7712.186511404911,0.9930388803844111,12.15,call,0.124306986182728
2026-10-30,0.18356164383561643,8325.0,7712.186511404911,0.9930388803844111,10.5,call,0.12385392846545991
2026-10-30,0.18356164383561643,8330.0,7712.186511404911,0.9930388803844111,10.2,call,0.12378034211716597
2026-10-30,0.18356164383561643,8350.0,7712.186511404911,0.9930388803844111,9.100000000000001,call,0.1235670127490703
2026-10-30,0.18356164383561643,8380.0,7712.186511404911,0.9930388803844111,7.7,call,0.12343383644045675
2026-10-30,0.18356164383561643,8400.0,7712.186511404911,0.9930388803844111,6.85,call,0.12326210420596909
2026-10-30,0.18356164383561643,8410.0,7712.186511404911,0.9930388803844111,6.5,call,0.12332947785546543
2026-10-30,0.18356164383561643,8425.0,7712.186511404911,0.9930388803844111,6.0,call,0.12341029976953934
2026-10-30,0.18356164383561643,8450.0,7712.186511404911,0.9930388803844111,5.2,call,0.12336565702208516
2026-10-30,0.18356164383561643,8460.0,7712.186511404911,0.9930388803844111,4.949999999999999,call,0.123529095733025
2026-10-30,0.18356164383561643,8520.0,7712.186511404911,0.9930388803844111,3.65,call,0.12437990209581029
2026-10-30,0.18356164383561643,8525.0,7712.186511404911,0.9930388803844111,3.55,call,0.1244086280657071
2026-10-30,0.18356164383561643,8550.0,7712.186511404911,0.9930388803844111,3.1,call,0.12463235145857587
2026-10-30,0.18356164383561643,8575.0,7712.186511404911,0.9930388803844111,2.75,call,0.12516584127111083
2026-10-30,0.18356164383561643,8580.0,7712.186511404911,0.9930388803844111,2.725,call,0.1255438975053705
2026-10-30,0.18356164383561643,6170.0,7712.186511404911,0.9930388803844111,14.55,put,0.29149855811120884
2026-10-30,0.18356164383561643,6200.0,7712.186511404911,0.9930388803844111,15.05,put,0.2879178057213773
2026-10-30,0.18356164383561643,6225.0,7712.186511404911,0.9930388803844111,15.55,put,0.2851768359853567
2026-10-30,0.18356164383561643,6260.0,7712.186511404911,0.9930388803844111,16.2,put,0.281058730783367
2026-10-30,0.18356164383561643,6350.0,7712.186511404911,0.9930388803844111,18.049999999999997,put,0.2705446548541817
2026-10-30,0.18356164383561643,6360.0,7712.186511404911,0.9930388803844111,18.3,put,0.2694659656791337
2026-10-30,0.18356164383561643,6400.0,7712.186511404911,0.9930388803844111,19.25,put,0.26488686676633344
2026-10-30,0.18356164383561643,6440.0,7712.186511404911,0.9930388803844111,20.25,put,0.26028043707388376
2026-10-30,0.18356164383561643,6450.0,7712.186511404911,0.9930388803844111,20.549999999999997,put,0.2592397227955338
2026-10-30,0.18356164383561643,6460.0,7712.186511404911,0.9930388803844111,20.8,put,0.25804911605432745
2026-10-30,0.18356164383561643,6475.0,7712.186511404911,0.9930388803844111,21.15,put,0.25617694872949415
2026-10-30,0.18356164383561643,6500.0,7712.186511404911,0.9930388803844111,21.85,put,0.25331511861257566
2026-10-30,0.18356164383561643,6525.0,7712.186511404911,0.9930388803844111,22.65,put,0.25063349448161937
2026-10-30,0.18356164383561643,6550.0,7712.186511404911,0.9930388803844111,23.5,put,0.24798958525656561
2026-10-30,0.18356164383561643,6570.0,7712.186511404911,0.9930388803844111,24.049999999999997,put,0.24550035545685095
2026-10-30,0.18356164383561643,6630.0,7712.186511404911,0.9930388803844111,26.1,put,0.2386839774709983
2026-10-30,0.18356164383561643,6650.0,7712.186511404911,0.9930388803844111,26.8,put,0.23634409462922018
2026-10-30,0.18356164383561643,6675.0,7712.186511404911,0.9930388803844111,27.75,put,0.2335050941345556
2026-10-30,0.18356164383561643,6680.0,7712.186511404911,0.9930388803844111,27.950000000000003,put,0.23294768411330957
2026-10-30,0.18356164383561643,6690.0,7712.186511404911,0.9930388803844111,28.35,put,0.23182176158311715
2026-10-30,0.18356164383561643,6750.0,7712.186511404911,0.9930388803844111,30.9,put,0.22505389522025313
2026-10-30,0.18356164383561643,6770.0,7712.186511404911,0.9930388803844111,31.85,put,0.22286603078981237
2026-10-30,0.18356164383561643,6775.0,7712.186511404911,0.9930388803844111,32.099999999999994,put,0.22233192123848347
2026-10-30,0.18356164383561643,6780.0,7712.186511404911,0.9930388803844111,32.3,put,0.2217009240758995
2026-10-30,0.18356164383561643,6790.0,7712.186511404911,0.9930388803844111,32.85,put,0.2207033483047343
2026-10-30,0.18356164383561643,6820.0,7712.186511404911,0.9930388803844111,34.25,put,0.2171547345220622
2026-10-30,0.18356164383561643,6825.0,7712.186511404911,0.9930388803844111,34.5,put,0.21657908365682685
2026-10-30,0.18356164383561643,6830.0,7712.186511404911,0.9930388803844111,34.8,put,0.21608632336799527
2026-10-30,0.18356164383561643,6840.0,7712.186511404911,0.9930388803844111,35.35,put,0.21499939089457604
2026-10-30,0.18356164383561643,6850.0,7712.186511404911,0.9930388803844111,35.900000000000006,put,0.2138941922460132
2026-10-30,0.18356164383561643,6860.0,7712.186511404911,0.9930388803844111,36.400000000000006,put,0.21268715395107946
2026-10-30,0.18356164383561643,6875.0,7712.186511404911,0.9930388803844111,37.3,put,0.21109395314851365
2026-10-30,0.18356164383561643,6895.0,7712.186511404911,0.9930388803844111,38.45,put,0.20882130246503047
2026-10-30,0.18356164383561643,6915.0,7712.186511404911,0.9930388803844111,39.7,put,0.20663306395274014
2026-10-30,0.18356164383561643,6940.0,7712.186511404911,0.9930388803844111,41.25,put,0.20376913269319444
2026-10-30,0.18356164383561643,6950.0,7712.186511404911,0.9930388803844111,41.85,put,0.2025604721046943
2026-10-30,0.18356164383561643,6960.0,7712.186511404911,0.9930388803844111,42.55,put,0.2014821379173935
2026-10-30,0.18356164383561643,6965.0,7712.186511404911,0.9930388803844111,42.900000000000006,put,0.20093496548756748
2026-10-30,0.18356164383561643,6975.0,7712.186511404911,0.9930388803844111,43.599999999999994,put,0.19982477171614127
2026-10-30,0.18356164383561643,6990.0,7712.186511404911,0.9930388803844111,44.7,put,0.1981916900431512
2026-10-30,0.18356164383561643,7000.0,7712.186511404911,0.9930388803844111,45.45,put,0.1970992334790459
2026-10-30,0.18356164383561643,7005.0,7712.186511404911,0.9930388803844111,45.8,put,0.196509684880699
2026-10-30,0.18356164383561643,7015.0,7712.186511404911,0.9930388803844111,46.599999999999994,put,0.19545383122949492
2026-10-30,0.18356164383561643,7065.0,7712.186511404911,0.9930388803844111,50.5,put,0.18969820811542712
2026-10-30,0.18356164383561643,7080.0,7712.186511404911,0.9930388803844111,51.900000000000006,put,0.18815897326569134
2026-10-30,0.18356164383561643,7105.0,7712.186511404911,0.9930388803844111,54.099999999999994,put,0.18529827908433924
2026-10-30,0.18356164383561643,7110.0,7712.186511404911,0.9930388803844111,54.45,put,0.18459712073797235
2026-10-30,0.18356164383561643,7115.0,7712.186511404911,0.9930388803844111,55.05,put,0.18419784427610397
2026-10-30,0.18356164383561643,7140.0,7712.186511404911,0.9930388803844111,57.5,put,0.1814239375281169
2026-10-30,0.18356164383561643,7145.0,7712.186511404911,0.9930388803844111,58.0,put,0.18086135562320835
2026-10-30,0.18356164383561643,7150.0,7712.186511404911,0.9930388803844111,58.5,put,0.18029215594169287
2026-10-30,0.18356164383561643,7160.0,7712.186511404911,0.9930388803844111,59.400000000000006,put,0.17901783253402379
2026-10-30,0.18356164383561643,7165.0,7712.186511404911,0.9930388803844111,59.900000000000006,put,0.1784296004172887
2026-10-30,0.18356164383561643,7175.0,7712.186511404911,0.9930388803844111,61.099999999999994,put,0.17746186370109882
2026-10-30,0.18356164383561643,7200.0,7712.186511404911,0.9930388803844111,63.75,put,0.1745183928285097
2026-10-30,0.18356164383561643,7220.0,7712.186511404911,0.9930388803844111,66.2,put,0.17239907689245557
2026-10-30,0.18356164383561643,7230.0,7712.186511404911,0.9930388803844111,67.4,put,0.1712662679510608
2026-10-30,0.18356164383561643,7240.0,7712.186511404911,0.9930388803844111,68.5,put,0.16999756146102024
2026-10-30,0.18356164383561643,7245.0,7712.186511404911,0.9930388803844111,69.25,put,0.16956340288038818
2026-10-30,0.18356164383561643,7250.0,7712.186511404911,0.9930388803844111,69.85,put,0.16896301707376246
2026-10-30,0.18356164383561643,7275.0,7712.186511404911,0.9930388803844111,73.2,put,0.16620600874013478
2026-10-30,0.18356164383561643,7280.0,7712.186511404911,0.9930388803844111,73.9,put,0.16566043646154233
2026-10-30,0.18356164383561643,7300.0,7712.186511404911,0.9930388803844111,76.7,put,0.16339369724703035
2026-10-30,0.18356164383561643,7310.0,7712.186511404911,0.9930388803844111,78.15,put,0.16225884990624634
2026-10-30,0.18356164383561643,7330.0,7712.186511404911,0.9930388803844111,81.2,put,0.16002941007154273
2026-10-30,0.18356164383561643,7340.0,7712.186511404911,0.9930388803844111,82.75,put,0.15888452753526167
2026-10-30,0.18356164383561643,7345.0,7712.186511404911,0.9930388803844111,83.5,put,0.15827487067516816
2026-10-30,0.18356164383561643,7350.0,7712.186511404911,0.9930388803844111,84.3,put,0.15770332824907338
2026-10-30,0.18356164383561643,7375.0,7712.186511404911,0.9930388803844111,88.5,put,0.15488911098122793
2026-10-30,0.18356164383561643,7380.0,7712.186511404911,0.9930388803844111,89.44999999999999,put,0.15439745684355458
2026-10-30,0.18356164383561643,7400.0,7712.186511404911,0.9930388803844111,92.8,put,0.15192241218111666
2026-10-30,0.18356164383561643,7405.0,7712.186511404911,0.9930388803844111,94.0,put,0.1516018195368688
2026-10-30,0.18356164383561643,7410.0,7712.186511404911,0.9930388803844111,94.9,put,0.1510029889280588
2026-10-30,0.18356164383561643,7415.0,7712.186511404911,0.9930388803844111,95.9,put,0.15048201535306632
2026-10-30,0.18356164383561643,7420.0,7712.186511404911,0.9930388803844111,96.8,put,0.149862326591812
2026-10-30,0.18356164383561643,7440.0,7712.186511404911,0.9930388803844111,100.8,put,0.14762526905757703
2026-10-30,0.18356164383561643,7445.0,7712.186511404911,0.9930388803844111,101.75,put,0.14699542774817834
2026-10-30,0.18356164383561643,7450.0,7712.186511404911,0.9930388803844111,102.9,put,0.14652556277322143
2026-10-30,0.18356164383561643,7455.0,7712.186511404911,0.9930388803844111,103.65,put,0.14570343347108236
2026-10-30,0.18356164383561643,7470.0,7712.186511404911,0.9930388803844111,107.19999999999999,put,0.1442718051968653
2026-10-30,0.18356164383561643,7475.0,7712.186511404911,0.9930388803844111,108.3,put,0.14369987456718333
2026-10-30,0.18356164383561643,7480.0,7712.186511404911,0.9930388803844111,109.15,put,0.14290775189250177
2026-10-30,0.18356164383561643,7495.0,7712.186511404911,0.9930388803844111,112.94999999999999,put,0.14149766817298712
2026-10-30,0.18356164383561643,7510.0,7712.186511404911,0.9930388803844111,116.55000000000001,put,0.1398060655095876
2026-10-30,0.18356164383561643,7520.0,7712.186511404911,0.9930388803844111,119.05000000000001,put,0.138694737045229
2026-10-30,0.18356164383561643,7525.0,7712.186511404911,0.9930388803844111,120.30000000000001,put,0.13811915798099825
2026-10-30,0.18356164383561643,7530.0,7712.186511404911,0.9930388803844111,121.55000000000001,put,0.1375302225144748
2026-10-30,0.18356164383561643,7535.0,7712.186511404911,0.9930388803844111,122.80000000000001,put,0.1369278615001423
2026-10-30,0.18356164383561643,7545.0,7712.186511404911,0.9930388803844111,125.44999999999999,put,0.1358019150219409
2026-10-30,0.18356164383561643,7550.0,7712.186511404911,0.9930388803844111,126.85,put,0.13527745262767235
2026-10-30,0.18356164383561643,7555.0,7712.186511404911,0.9930388803844111,128.2,put,0.13469898853993378
2026-10-30,0.18356164383561643,7560.0,7712.186511404911,0.9930388803844111,129.6,put,0.13414567312498898
2026-10-30,0.18356164383561643,7565.0,7712.186511404911,0.9930388803844111,130.95,put,0.13353840906365505
2026-10-30,0.18356164383561643,7570.0,7712.186511404911,0.9930388803844111,132.39999999999998,put,0.1329951362009033
2026-10-30,0.18356164383561643,7575.0,7712.186511404911,0.9930388803844111,133.85,put,0.1324368675625305
2026-10-30,0.18356164383561643,7580.0,7712.186511404911,0.9930388803844111,135.25,put,0.1318244512208925
2026-10-30,0.18356164383561643,7585.0,7712.186511404911,0.9930388803844111,136.75,put,0.13127493903765963
2026-10-30,0.18356164383561643,7590.0,7712.186511404911,0.9930388803844111,138.25,put,0.130709932402541
2026-10-30,0.18356164383561643,7600.0,7712.186511404911,0.9930388803844111,141.35,put,0.12961040916493996
2026-10-30,0.18356164383561643,7605.0,7712.186511404911,0.9930388803844111,142.85,put,0.12899803215906952
2026-10-30,0.18356164383561643,7610.0,7712.186511404911,0.9930388803844111,144.5,put,0.1284854007140746
2026-10-30,0.18356164383561643,7620.0,7712.186511404911,0.9930388803844111,147.7,put,0.1273333999922209
2026-10-30,0.18356164383561643,7625.0,7712.186511404911,0.9930388803844111,149.35,put,0.12677079411296976
2026-10-30,0.18356164383561643,7630.0,7712.186511404911,0.9930388803844111,151.0,put,0.1261911814986742
2026-10-30,0.18356164383561643,7635.0,7712.186511404911,0.9930388803844111,152.7,put,0.12563271824643685
2026-10-30,0.18356164383561643,7640.0,7712.186511404911,0.9930388803844111,154.4,put,0.12505680986145523
2026-10-30,0.18356164383561643,7645.0,7712.186511404911,0.9930388803844111,156.1,put,0.12446326600518802
2026-10-30,0.18356164383561643,7650.0,7712.186511404911,0.9930388803844111,157.9,put,0.12392835953605909
2026-10-30,0.18356164383561643,7655.0,7712.186511404911,0.9930388803844111,159.6,put,0.12329886898698512
2026-10-30,0.18356164383561643,7660.0,7712.186511404911,0.9930388803844111,161.35,put,0.12268928919227466
2026-10-30,0.18356164383561643,7665.0,7712.186511404911,0.9930388803844111,163.3,put,0.12221393192724958
2026-10-30,0.18356164383561643,7670.0,7712.186511404911,0.9930388803844111,165.05,put,0.12156693975431773
2026-10-30,0.18356164383561643,7675.0,7712.186511404911,0.9930388803844111,167.0,put,0.12105366124606283
2026-10-30,0.18356164383561643,7680.0,7712.186511404911,0.9930388803844111,168.75,put,0.1203682259943645
2026-10-30,0.18356164383561643,7685.0,7712.186511404911,0.9930388803844111,170.7,put,0.11981601394042486
2026-10-30,0.18356164383561643,7690.0,7712.186511404911,0.9930388803844111,172.7,put,0.11928220412759773
2026-10-30,0.18356164383561643,7710.0,7712.186511404911,0.9930388803844111,180.6,put,0.11686622774338669
2026-11-20,0.2410958904109589,7730.0,7725.610966972866,0.9907336260586368,210.89999999999998,call,0.16399413009891564
2026-11-20,0.2410958904109589,7745.0,7725.610966972866,0.9907336260586368,202.25,call,0.1625238938787236
2026-11-20,0.2410958904109589,7750.0,7725.610966972866,0.9907336260586368,200.75,call,0.1629397561029229
2026-11-20,0.2410958904109589,7760.0,7725.610966972866,0.9907336260586368,195.2,call,0.1620263516234862
2026-11-20,0.2410958904109589,7765.0,7725.610966972866,0.9907336260586368,191.7,call,0.16106373037728527
2026-11-20,0.2410958904109589,7775.0,7725.610966972866,0.9907336260586368,187.1,call,0.16072034655734707
2026-11-20,0.2410958904109589,7785.0,7725.610966972866,0.9907336260586368,180.55,call,0.15901116260477557
2026-11-20,0.2410958904109589,7795.0,7725.610966972866,0.9907336260586368,175.25,call,0.15809792489813868
2026-11-20,0.2410958904109589,7800.0,7725.610966972866,0.9907336260586368,172.7,call,0.1576909071543701
2026-11-20,0.2410958904109589,7805.0,7725.610966972866,0.9907336260586368,170.45,call,0.15747634496684998
2026-11-20,0.2410958904109589,7810.0,7725.610966972866,0.9907336260586368,168.85,call,0.1576945423678832
2026-11-20,0.2410958904109589,7815.0,7725.610966972866,0.9907336260586368,165.1,call,0.15642992281338222
2026-11-20,0.2410958904109589,7820.0,7725.610966972866,0.9907336260586368,162.95,call,0.15624773525830932
2026-11-20,0.2410958904109589,7830.0,7725.610966972866,0.9907336260586368,157.7,call,0.1551930863044874
2026-11-20,0.2410958904109589,7835.0,7725.610966972866,0.9907336260586368,155.3,call,0.1548013477155709
2026-11-20,0.2410958904109589,7840.0,7725.610966972866,0.9907336260586368,152.85,call,0.1543621299391797
2026-11-20,0.2410958904109589,7845.0,7725.610966972866,0.9907336260586368,150.85,call,0.1542226043474295
2026-11-20,0.2410958904109589,7850.0,7725.610966972866,0.9907336260586368,149.5,call,0.15452435539678308
2026-11-20,0.2410958904109589,7855.0,7725.610966972866,0.9907336260586368,146.15,call,0.15341931837085185
2026-11-20,0.2410958904109589,7865.0,7725.610966972866,0.9907336260586368,141.3,call,0.15245759461542646
2026-11-20,0.2410958904109589,7900.0,7725.610966972866,0.9907336260586368,126.25,call,0.15002794072078585
2026-11-20,0.2410958904109589,7920.0,7725.610966972866,0.9907336260586368,117.80000000000001,call,0.14844685432706015
2026-11-20,0.2410958904109589,7950.0,7725.610966972866,0.9907336260586368,106.35,call,0.14655493279828868
2026-11-20,0.2410958904109589,7975.0,7725.610966972866,0.9907336260586368,98.25,call,0.145693630473209
2026-11-20,0.2410958904109589,7980.0,7725.610966972866,0.9907336260586368,95.75,call,0.14479976560075547
2026-11-20,0.2410958904109589,7990.0,7725.610966972866,0.9907336260586368,92.3,call,0.14416446868977728
2026-11-20,0.2410958904109589,8000.0,7725.610966972866,0.9907336260586368,89.85,call,0.14426354261203492
2026-11-20,0.2410958904109589,8030.0,7725.610966972866,0.9907336260586368,80.30000000000001,call,0.1424900256445063
2026-11-20,0.2410958904109589,8050.0,7725.610966972866,0.9907336260586368,73.55,call,0.14067333776693167
2026-11-20,0.2410958904109589,8075.0,7725.610966972866,0.9907336260586368,66.9,call,0.13956486472356058
2026-11-20,0.2410958904109589,8080.0,7725.610966972866,0.9907336260586368,66.35,call,0.1399909030707089
2026-11-20,0.2410958904109589,8100.0,7725.610966972866,0.9907336260586368,60.55,call,0.138351766645544
2026-11-20,0.2410958904109589,8125.0,7725.610966972866,0.9907336260586368,54.8,call,0.13731618579445365
2026-11-20,0.2410958904109589,8160.0,7725.610966972866,0.9907336260586368,48.099999999999994,call,0.13658123169045
2026-11-20,0.2410958904109589,8175.0,7725.610966972866,0.9907336260586368,44.6,call,0.13539842917784728
2026-11-20,0.2410958904109589,8180.0,7725.610966972866,0.9907336260586368,43.65,call,0.13519560613766995
2026-11-20,0.2410958904109589,8225.0,7725.610966972866,0.9907336260586368,35.95,call,0.13362027158159673
2026-11-20,0.2410958904109589,8230.0,7725.610966972866,0.9907336260586368,35.599999999999994,call,0.1339660321413299
2026-11-20,0.2410958904109589,8240.0,7725.610966972866,0.9907336260586368,34.099999999999994,call,0.133677145887973
2026-11-20,0.2410958904109589,8250.0,7725.610966972866,0.9907336260586368,32.0,call,0.13258286436381264
2026-11-20,0.2410958904109589,8260.0,7725.610966972866,0.9907336260586368,30.75,call,0.13247208709243483
2026-11-20,0.2410958904109589,8275.0,7725.610966972866,0.9907336260586368,29.15,call,0.13257046042163928
2026-11-20,0.2410958904109589,8280.0,7725.610966972866,0.9907336260586368,27.950000000000003,call,0.13169022639907343
2026-11-20,0.2410958904109589,8290.0,7725.610966972866,0.9907336260586368,26.75,call,0.13147440103338315
2026-11-20,0.2410958904109589,8300.0,7725.610966972866,0.9907336260586368,26.0,call,0.1318345280953323
2026-11-20,0.2410958904109589,8325.0,7725.610966972866,0.9907336260586368,22.7,call,0.13046954734999408
2026-11-20,0.2410958904109589,8350.0,7725.610966972866,0.9907336260586368,20.55,call,0.13046179719038364
2026-11-20,0.2410958904109589,8375.0,7725.610966972866,0.9907336260586368,17.9,call,0.12928269553877036
2026-11-20,0.2410958904109589,8425.0,7725.610966972866,0.9907336260586368,14.0,call,0.12820537251053318
2026-11-20,0.2410958904109589,8475.0,7725.610966972866,0.9907336260586368,10.899999999999999,call,0.12731890033547888
2026-11-20,0.2410958904109589,8500.0,7725.610966972866,0.9907336260586368,9.899999999999999,call,0.1277075204780321
2026-11-20,0.2410958904109589,8550.0,7725.610966972866,0.9907336260586368,7.55,call,0.12666148451893514
2026-11-20,0.2410958904109589,8575.0,7725.610966972866,0.9907336260586368,6.7,call,0.12660290907671132
2026-11-20,0.2410958904109589,8650.0,7725.610966972866,0.9907336260586368,4.800000000000001,call,0.12713122715781472
2026-11-20,0.2410958904109589,6200.0,7725.610966972866,0.9907336260586368,23.3,put,0.2740222169060968
2026-11-20,0.2410958904109589,6225.0,7725.610966972866,0.9907336260586368,23.8,put,0.2710321227141751
2026-11-20,0.2410958904109589,6250.0,7725.610966972866,0.9907336260586368,24.7,put,0.26897308687678817
2026-11-20,0.2410958904109589,6275.0,7725.610966972866,0.9907336260586368,25.2,put,0.26589650334943205
2026-11-20,0.2410958904109589,6375.0,7725.610966972866,0.9907336260586368,28.25,put,0.25552769511089835
2026-11-20,0.2410958904109589,6400.0,7725.610966972866,0.9907336260586368,29.1,put,0.2529782501220092
2026-11-20,0.2410958904109589,6425.0,7725.610966972866,0.9907336260586368,30.0,put,0.2504683960665794
2026-11-20,0.2410958904109589,6450.0,7725.610966972866,0.9907336260586368,31.2,put,0.24847996006029263
2026-11-20,0.2410958904109589,6475.0,7725.610966972866,0.9907336260586368,32.099999999999994,put,0.24582919359138475
2026-11-20,0.2410958904109589,6500.0,7725.610966972866,0.9907336260586368,32.8,put,0.24274818836001102
2026-11-20,0.2410958904109589,6550.0,7725.610966972866,0.9907336260586368,34.900000000000006,put,0.23770202480785668
2026-11-20,0.2410958904109589,6575.0,7725.610966972866,0.9907336260586368,36.0,put,0.23516114058332674
2026-11-20,0.2410958904109589,6650.0,7725.610966972866,0.9907336260586368,39.85,put,0.22799222359360974
2026-11-20,0.2410958904109589,6670.0,7725.610966972866,0.9907336260586368,40.95,put,0.22607021714159076
2026-11-20,0.2410958904109589,6700.0,7725.610966972866,0.9907336260586368,42.15,put,0.22241186592581447
2026-11-20,0.2410958904109589,6710.0,7725.610966972866,0.9907336260586368,42.7,put,0.22139773281784267
2026-11-20,0.2410958904109589,6720.0,7725.610966972866,0.9907336260586368,43.25,put,0.22037051223242704
2026-11-20,0.2410958904109589,6770.0,7725.610966972866,0.9907336260586368,46.2,put,0.21532169781633498
2026-11-20,0.2410958904109589,6780.0,7725.610966972866,0.9907336260586368,46.8,put,0.2142848488691768
2026-11-20,0.2410958904109589,6790.0,7725.610966972866,0.9907336260586368,47.4,put,0.21323441426924375
2026-11-20,0.2410958904109589,6800.0,7725.610966972866,0.9907336260586368,48.55,put,0.2129115272906851
2026-11-20,0.2410958904109589,6810.0,7725.610966972866,0.9907336260586368,49.25,put,0.21195981277271808
2026-11-20,0.2410958904109589,6825.0,7725.610966972866,0.9907336260586368,49.7,put,0.2097157982017687
2026-11-20,0.2410958904109589,6860.0,7725.610966972866,0.9907336260586368,52.1,put,0.2061455324385119
2026-11-20,0.2410958904109589,6880.0,7725.610966972866,0.9907336260586368,53.55,put,0.20412091118056785
2026-11-20,0.2410958904109589,6890.0,7725.610966972866,0.9907336260586368,54.3,put,0.2031158606896361
2026-11-20,0.2410958904109589,6900.0,7725.610966972866,0.9907336260586368,55.7,put,0.20288241870140034
2026-11-20,0.2410958904109589,6930.0,7725.610966972866,0.9907336260586368,57.4,put,0.1990541946287946
2026-11-20,0.2410958904109589,6940.0,7725.610966972866,0.9907336260586368,58.2,put,0.19802727760106506
2026-11-20,0.2410958904109589,6950.0,7725.610966972866,0.9907336260586368,59.0,put,0.19698378848683978
2026-11-20,0.2410958904109589,6970.0,7725.610966972866,0.9907336260586368,60.650000000000006,put,0.19490407709898297
2026-11-20,0.2410958904109589,6980.0,7725.610966972866,0.9907336260586368,61.6,put,0.1939786686976661
2026-11-20,0.2410958904109589,7000.0,7725.610966972866,0.9907336260586368,63.3,put,0.1918506608819701
2026-11-20,0.2410958904109589,7020.0,7725.610966972866,0.9907336260586368,65.9,put,0.1906183725554433
2026-11-20,0.2410958904109589,7025.0,7725.610966972866,0.9907336260586368,66.4,put,0.19013392894652648
2026-11-20,0.2410958904109589,7040.0,7725.610966972866,0.9907336260586368,67.05,put,0.18775991554480753
2026-11-20,0.2410958904109589,7050.0,7725.610966972866,0.9907336260586368,68.8,put,0.18753449936222355
2026-11-20,0.2410958904109589,7070.0,7725.610966972866,0.9907336260586368,70.85,put,0.1855034528456888
2026-11-20,0.2410958904109589,7075.0,7725.610966972866,0.9907336260586368,71.4,put,0.18502127204498967
2026-11-20,0.2410958904109589,7080.0,7725.610966972866,0.9907336260586368,71.9,put,0.18448355749352285
2026-11-20,0.2410958904109589,7100.0,7725.610966972866,0.9907336260586368,73.94999999999999,put,0.1823345848184988
2026-11-20,0.2410958904109589,7110.0,7725.610966972866,0.9907336260586368,75.15,put,0.1814018950033502
2026-11-20,0.2410958904109589,7120.0,7725.610966972866,0.9907336260586368,75.45,put,0.1795759308082544
2026-11-20,0.2410958904109589,7125.0,7725.610966972866,0.9907336260586368,76.05,put,0.1790942667682416
2026-11-20,0.2410958904109589,7140.0,7725.610966972866,0.9907336260586368,77.75,put,0.17752055798219663
2026-11-20,0.2410958904109589,7150.0,7725.610966972866,0.9907336260586368,78.95,put,0.1765077465260554
2026-11-20,0.2410958904109589,7160.0,7725.610966972866,0.9907336260586368,80.2,put,0.17551929106107497
2026-11-20,0.2410958904109589,7170.0,7725.610966972866,0.9907336260586368,81.35,put,0.17441557251639103
2026-11-20,0.2410958904109589,7190.0,7725.610966972866,0.9907336260586368,83.95,put,0.1724163006345424
2026-11-20,0.2410958904109589,7195.0,7725.610966972866,0.9907336260586368,84.65,put,0.1719467357281103
2026-11-20,0.2410958904109589,7200.0,7725.610966972866,0.9907336260586368,85.25,put,0.17138124163447863
2026-11-20,0.2410958904109589,7205.0,7725.610966972866,0.9907336260586368,85.95,put,0.17089949819157113
2026-11-20,0.2410958904109589,7215.0,7725.610966972866,0.9907336260586368,87.25,put,0.1698288198875418
2026-11-20,0.2410958904109589,7220.0,7725.610966972866,0.9907336260586368,87.95,put,0.16932868474148524
2026-11-20,0.2410958904109589,7225.0,7725.610966972866,0.9907336260586368,88.55,put,0.1687347612238557
2026-11-20,0.2410958904109589,7235.0,7725.610966972866,0.9907336260586368,90.05,put,0.16779083877034348
2026-11-20,0.2410958904109589,7245.0,7725.610966972866,0.9907336260586368,91.45,put,0.16673450594693479
2026-11-20,0.2410958904109589,7255.0,7725.610966972866,0.9907336260586368,92.75,put,0.1655681991578331
2026-11-20,0.2410958904109589,7260.0,7725.610966972866,0.9907336260586368,93.65,put,0.16518824611298386
2026-11-20,0.2410958904109589,7275.0,7725.610966972866,0.9907336260586368,95.75,put,0.16350035847039074
2026-11-20,0.2410958904109589,7290.0,7725.610966972866,0.9907336260586368,98.25,put,0.16208683598026866
2026-11-20,0.2410958904109589,7295.0,7725.610966972866,0.9907336260586368,99.0,put,0.16153288902448043
2026-11-20,0.2410958904109589,7300.0,7725.610966972866,0.9907336260586368,99.80000000000001,put,0.16101328367598097
2026-11-20,0.2410958904109589,7315.0,7725.610966972866,0.9907336260586368,102.25,put,0.15945340245587045
2026-11-20,0.2410958904109589,7320.0,7725.610966972866,0.9907336260586368,104.3,put,0.1599097172375656
2026-11-20,0.2410958904109589,7325.0,7725.610966972866,0.9907336260586368,105.05000000000001,put,0.15931128718655846
2026-11-20,0.2410958904109589,7335.0,7725.610966972866,0.9907336260586368,105.7,put,0.15742075997764857
2026-11-20,0.2410958904109589,7345.0,7725.610966972866,0.9907336260586368,107.45,put,0.15638011831903445
2026-11-20,0.2410958904109589,7350.0,7725.610966972866,0.9907336260586368,108.4,put,0.15590744224439038
2026-11-20,0.2410958904109589,7355.0,7725.610966972866,0.9907336260586368,109.35,put,0.15542685742470472
2026-11-20,0.2410958904109589,7365.0,7725.610966972866,0.9907336260586368,111.05,put,0.15428715807385052
2026-11-20,0.2410958904109589,7375.0,7725.610966972866,0.9907336260586368,114.25,put,0.1542694697120384
2026-11-20,0.2410958904109589,7380.0,7725.610966972866,0.9907336260586368,115.2,put,0.15374604033981615
2026-11-20,0.2410958904109589,7385.0,7725.610966972866,0.9907336260586368,114.85,put,0.1522249027727524
2026-11-20,0.2410958904109589,7390.0,7725.610966972866,0.9907336260586368,115.85,put,0.1517274526966976
2026-11-20,0.2410958904109589,7400.0,7725.610966972866,0.9907336260586368,117.95,put,0.15078311484111173
2026-11-20,0.2410958904109589,7410.0,7725.610966972866,0.9907336260586368,119.95,put,0.14972982694215775
2026-11-20,0.2410958904109589,7415.0,7725.610966972866,0.9907336260586368,120.85,put,0.14911627201465205
2026-11-20,0.2410958904109589,7435.0,7725.610966972866,0.9907336260586368,125.25,put,0.14717134835162177
2026-11-20,0.2410958904109589,7440.0,7725.610966972866,0.9907336260586368,126.15,put,0.14651655392136562
2026-11-20,0.2410958904109589,7450.0,7725.610966972866,0.9907336260586368,128.7,put,0.1457280577399784
2026-11-20,0.2410958904109589,7455.0,7725.610966972866,0.9907336260586368,129.5,put,0.1449751103038631
2026-11-20,0.2410958904109589,7500.0,7725.610966972866,0.9907336260586368,141.7,put,0.14136920336027547
2026-11-20,0.2410958904109589,7515.0,7725.610966972866,0.9907336260586368,144.1,put,0.13881804606884657
2026-11-20,0.2410958904109589,7525.0,7725.610966972866,0.9907336260586368,148.1,put,0.13874196452930296
2026-11-20,0.2410958904109589,7540.0,7725.610966972866,0.9907336260586368,152.15,put,0.1371873495188098
2026-11-20,0.2410958904109589,7545.0,7725.610966972866,0.9907336260586368,152.0,put,0.13561611706657964
2026-11-20,0.2410958904109589,7550.0,7725.610966972866,0.9907336260586368,154.75,put,0.13602892159512386
2026-11-20,0.2410958904109589,7555.0,7725.610966972866,0.9907336260586368,154.8,put,0.13457773656468136
2026-11-20,0.2410958904109589,7565.0,7725.610966972866,0.9907336260586368,157.7,put,0.13356301404586712
2026-11-20,0.2410958904109589,7575.0,7725.610966972866,0.9907336260586368,162.1,put,0.13352158220271315
2026-11-20,0.2410958904109589,7580.0,7725.610966972866,0.9907336260586368,162.05,put,0.13195506905768908
2026-11-20,0.2410958904109589,7590.0,7725.610966972866,0.9907336260586368,165.1,put,0.13092626498397775
2026-11-20,0.2410958904109589,7600.0,7725.610966972866,0.9907336260586368,169.64999999999998,put,0.13086003501770196
2026-11-20,0.2410958904109589,7605.0,7725.610966972866,0.9907336260586368,169.75,put,0.12934306769467527
2026-11-20,0.2410958904109589,7610.0,7725.610966972866,0.9907336260586368,172.7,put,0.12973151693136128
2026-11-20,0.2410958904109589,7620.0,7725.610966972866,0.9907336260586368,175.95,put,0.1286876215142899
2026-11-20,0.2410958904109589,7625.0,7725.610966972866,0.9907336260586368,176.2,put,0.12722563565138964
2026-11-20,0.2410958904109589,7630.0,7725.610966972866,0.9907336260586368,179.25,put,0.12762616466118154
2026-11-20,0.2410958904109589,7635.0,7725.610966972866,0.9907336260586368,179.55,put,0.12617326244773397
2026-11-20,0.2410958904109589,7645.0,7725.610966972866,0.9907336260586368,182.9,put,0.12506772273466524
2026-11-20,0.2410958904109589,7650.0,7725.610966972866,0.9907336260586368,186.15,put,0.12554593926866453
2026-11-20,0.2410958904109589,7655.0,7725.610966972866,0.9907336260586368,186.55,put,0.12410801133773423
2026-11-20,0.2410958904109589,7660.0,7725.610966972866,0.9907336260586368,188.15,put,0.123457198863409
2026-11-20,0.2410958904109589,7670.0,7725.610966972866,0.9907336260586368,191.95,put,0.12251334704047077
2026-11-20,0.2410958904109589,7675.0,7725.610966972866,0.9907336260586368,193.5,put,0.12178637387220223
2026-11-20,0.2410958904109589,7680.0,7725.610966972866,0.9907336260586368,195.4,put,0.12127821131284747
2026-11-20,0.2410958904109589,7685.0,7725.610966972866,0.9907336260586368,197.5,put,0.12088873309032978
2026-11-20,0.2410958904109589,7690.0,7725.610966972866,0.9907336260586368,200.6,put,0.12115217389741387
2026-11-20,0.2410958904109589,7695.0,7725.610966972866,0.9907336260586368,201.2,put,0.11973092755823483
2026-11-20,0.2410958904109589,7700.0,7725.610966972866,0.9907336260586368,203.0,put,0.11909551853055975
2026-11-20,0.2410958904109589,7705.0,7725.610966972866,0.9907336260586368,205.10000000000002,put,0.11864515788225091
2026-11-20,0.2410958904109589,7710.0,7725.610966972866,0.9907336260586368,207.15,put,0.11814568296987338
2026-11-20,0.2410958904109589,7720.0,7725.610966972866,0.9907336260586368,210.85,put,0.11683007740526512
2026-11-20,0.2410958904109589,7725.0,7725.610966972866,0.9907336260586368,214.5,put,0.11735830858353387
2026-11-30,0.2684931506849315,7740.0,7731.97390489783,0.9896493527571015,220.1,call,0.1645978655610073
2026-11-30,0.2684931506849315,7760.0,7731.97390489783,0.9896493527571015,208.6,call,0.16267284759183676
2026-11-30,0.2684931506849315,7775.0,7731.97390489783,0.9896493527571015,200.3,call,0.16132693358612663
2026-11-30,0.2684931506849315,7790.0,7731.97390489783,0.9896493527571015,192.3,call,0.1600776105546821
2026-11-30,0.2684931506849315,7810.0,7731.97390489783,0.9896493527571015,181.8,call,0.15836769197287198
2026-11-30,0.2684931506849315,7825.0,7731.97390489783,0.9896493527571015,174.35000000000002,call,0.15724441453891042
2026-11-30,0.2684931506849315,7830.0,7731.97390489783,0.9896493527571015,171.7,call,0.15673927574500596
2026-11-30,0.2684931506849315,7875.0,7731.97390489783,0.9896493527571015,150.25,call,0.15324158218186232
2026-11-30,0.2684931506849315,8000.0,7731.97390489783,0.9896493527571015,100.4,call,0.1449956024391263
2026-11-30,0.2684931506849315,8010.0,7731.97390489783,0.9896493527571015,96.94999999999999,call,0.14437565351738804
2026-11-30,0.2684931506849315,8030.0,7731.97390489783,0.9896493527571015,90.5,call,0.1433160852381018
2026-11-30,0.2684931506849315,8050.0,7731.97390489783,0.9896493527571015,84.35,call,0.14227779389988074
2026-11-30,0.2684931506849315,8075.0,7731.97390489783,0.9896493527571015,77.05000000000001,call,0.14098687215016262
2026-11-30,0.2684931506849315,8100.0,7731.97390489783,0.9896493527571015,70.30000000000001,call,0.13980802943781503
2026-11-30,0.2684931506849315,8150.0,7731.97390489783,0.9896493527571015,58.1,call,0.13754676008866865
2026-11-30,0.2684931506849315,8175.0,7731.97390489783,0.9896493527571015,52.7,call,0.13653513806996603
2026-11-30,0.2684931506849315,8250.0,7731.97390489783,0.9896493527571015,39.0,call,0.13392605183164114
2026-11-30,0.2684931506849315,8425.0,7731.97390489783,0.9896493527571015,18.0,call,0.1289865197919197
2026-11-30,0.2684931506849315,8450.0,7731.97390489783,0.9896493527571015,16.2,call,0.12877765996644822
2026-11-30,0.2684931506849315,8475.0,7731.97390489783,0.9896493527571015,14.35,call,0.12816895539986836
2026-11-30,0.2684931506849315,8525.0,7731.97390489783,0.9896493527571015,11.35,call,0.12738882428049128
2026-11-30,0.2684931506849315,8550.0,7731.97390489783,0.9896493527571015,10.100000000000001,call,0.1271011377483305
2026-11-30,0.2684931506849315,8575.0,7731.97390489783,0.9896493527571015,9.05,call,0.12703004428077896
2026-11-30,0.2684931506849315,8600.0,7731.97390489783,0.9896493527571015,8.05,call,0.12682183406810882
2026-11-30,0.2684931506849315,8650.0,7731.97390489783,0.9896493527571015,6.4,call,0.12663170461988826
2026-11-30,0.2684931506849315,8700.0,7731.97390489783,0.9896493527571015,5.25,call,0.1272119774172177
2026-11-30,0.2684931506849315,8800.0,7731.97390489783,0.9896493527571015,3.45,call,0.12802784999934042
2026-11-30,0.2684931506849315,6275.0,7731.97390489783,0.9896493527571015,28.6,put,0.25902465634960586
2026-11-30,0.2684931506849315,6375.0,7731.97390489783,0.9896493527571015,32.099999999999994,put,0.24934944151512403
2026-11-30,0.2684931506849315,6400.0,7731.97390489783,0.9896493527571015,33.0,put,0.24683745850016692
2026-11-30,0.2684931506849315,6575.0,7731.97390489783,0.9896493527571015,40.65,put,0.22989305438061883
2026-11-30,0.2684931506849315,6650.0,7731.97390489783,0.9896493527571015,44.55,put,0.22260351352612698
2026-11-30,0.2684931506849315,6800.0,7731.97390489783,0.9896493527571015,53.8,put,0.2079920645331327
2026-11-30,0.2684931506849315,6850.0,7731.97390489783,0.9896493527571015,57.45,put,0.2031724727982052
2026-11-30,0.2684931506849315,7100.0,7731.97390489783,0.9896493527571015,80.69999999999999,put,0.1786387844211955
2026-11-30,0.2684931506849315,7225.0,7731.97390489783,0.9896493527571015,96.80000000000001,put,0.1662679418441611
2026-11-30,0.2684931506849315,7250.0,7731.97390489783,0.9896493527571015,100.44999999999999,put,0.16374551205456922
2026-11-30,0.2684931506849315,7300.0,7731.97390489783,0.9896493527571015,108.35,put,0.15872652906179296
2026-11-30,0.2684931506849315,7310.0,7731.97390489783,0.9896493527571015,110.1,put,0.15777769175023995
2026-11-30,0.2684931506849315,7330.0,7731.97390489783,0.9896493527571015,113.55,put,0.15576273132620552
2026-11-30,0.2684931506849315,7350.0,7731.97390489783,0.9896493527571015,117.15,put,0.1537521108762175
2026-11-30,0.2684931506849315,7360.0,7731.97390489783,0.9896493527571015,118.94999999999999,put,0.15270576524268803
2026-11-30,0.2684931506849315,7375.0,7731.97390489783,0.9896493527571015,121.9,put,0.1512647092558574
2026-11-30,0.2684931506849315,7400.0,7731.97390489783,0.9896493527571015,126.80000000000001,put,0.14870425006683707
2026-11-30,0.2684931506849315,7430.0,7731.97390489783,0.9896493527571015,133.2,put,0.14574775939889284
2026-11-30,0.2684931506849315,7470.0,7731.97390489783,0.9896493527571015,142.25,put,0.14171023035291339
2026-11-30,0.2684931506849315,7500.0,7731.97390489783,0.9896493527571015,149.4,put,0.1385699348580201
2026-11-30,0.2684931506849315,7540.0,7731.97390489783,0.9896493527571015,160.0,put,0.1345771886998857
2026-11-30,0.2684931506849315,7550.0,7731.97390489783,0.9896493527571015,162.8,put,0.13357997629940369
2026-11-30,0.2684931506849315,7560.0,7731.97390489783,0.9896493527571015,165.6,put,0.13254245366481776
2026-11-30,0.2684931506849315,7570.0,7731.97390489783,0.9896493527571015,168.45,put,0.1314962763796342
2026-11-30,0.2684931506849315,7575.0,7731.97390489783,0.9896493527571015,169.9,put,0.13097366440233524
2026-11-30,0.2684931506849315,7580.0,7731.97390489783,0.9896493527571015,171.45,put,0.13050467381231265
2026-11-30,0.2684931506849315,7590.0,7731.97390489783,0.9896493527571015,174.45,put,0.1294701061258902
2026-11-30,0.2684931506849315,7600.0,7731.97390489783,0.9896493527571015,177.45,put,0.1283918958886878
2026-11-30,0.2684931506849315,7610.0,7731.97390489783,0.9896493527571015,180.64999999999998,put,0.12739656644937788
2026-11-30,0.2684931506849315,7620.0,7731.97390489783,0.9896493527571015,183.85000000000002,put,0.12635541096204608
2026-11-30,0.2684931506849315,7625.0,7731.97390489783,0.9896493527571015,185.45,put,0.1258173864655261
2026-11-30,0.2684931506849315,7630.0,7731.97390489783,0.9896493527571015,187.05,put,0.12526757680401585
2026-11-30,0.2684931506849315,7640.0,7731.97390489783,0.9896493527571015,190.45,put,0.12425873485495315
2026-11-30,0.2684931506849315,7650.0,7731.97390489783,0.9896493527571015,193.7,put,0.12310601517422251
2026-11-30,0.2684931506849315,7660.0,7731.97390489783,0.9896493527571015,197.35000000000002,put,0.12215623509015469
2026-11-30,0.2684931506849315,7670.0,7731.97390489783,0.9896493527571015,200.75,put,0.12099703784347951
2026-11-30,0.2684931506849315,7675.0,7731.97390489783,0.9896493527571015,202.55,put,0.12046101685923645
2026-11-30,0.2684931506849315,7680.0,7731.97390489783,0.9896493527571015,204.35000000000002,put,0.1199116770795021
2026-11-30,0.2684931506849315,7690.0,7731.97390489783,0.9896493527571015,208.05,put,0.11883561540668205
2026-11-30,0.2684931506849315,7700.0,7731.97390489783,0.9896493527571015,211.85000000000002,put,0.11776754545261994
2026-11-30,0.2684931506849315,7710.0,7731.97390489783,0.9896493527571015,215.8,put,0.11673791185336549
2026-11-30,0.2684931506849315,7720.0,7731.97390489783,0.9896493527571015,219.64999999999998,put,0.11558648773927947
2026-11-30,0.2684931506849315,7725.0,7731.97390489783,0.9896493527571015,221.64999999999998,put,0.11503608594701162
2026-11-30,0.2684931506849315,7730.0,7731.97390489783,0.9896493527571015,223.75,put,0.11453433700167213
2026-12-18,0.3178082191780822,7760.0,7744.225326036229,0.9877165470367948,243.15,call,0.17048511334009775
2026-12-18,0.3178082191780822,7800.0,7744.225326036229,0.9877165470367948,221.0,call,0.16712808207389773
2026-12-18,0.3178082191780822,7825.0,7744.225326036229,0.9877165470367948,208.9,call,0.1657805740332633
2026-12-18,0.3178082191780822,7830.0,7744.225326036229,0.9877165470367948,205.2,call,0.16472582453516482
2026-12-18,0.3178082191780822,7840.0,7744.225326036229,0.9877165470367948,200.15,call,0.16398251323003715
2026-12-18,0.3178082191780822,7870.0,7744.225326036229,0.9877165470367948,185.14999999999998,call,0.16162346843389894
2026-12-18,0.3178082191780822,7890.0,7744.225326036229,0.9877165470367948,175.7,call,0.16019564575868647
2026-12-18,0.3178082191780822,7910.0,7744.225326036229,0.9877165470367948,166.64999999999998,call,0.15886025028515213
2026-12-18,0.3178082191780822,7940.0,7744.225326036229,0.9877165470367948,153.45,call,0.1567989019853882
2026-12-18,0.3178082191780822,7970.0,7744.225326036229,0.9877165470367948,141.0,call,0.15485021288018366
2026-12-18,0.3178082191780822,8000.0,7744.225326036229,0.9877165470367948,129.55,call,0.15317949834146735
2026-12-18,0.3178082191780822,8010.0,7744.225326036229,0.9877165470367948,125.65,call,0.15248666353544682
2026-12-18,0.3178082191780822,8020.0,7744.225326036229,0.9877165470367948,121.95,call,0.15188290251456107
2026-12-18,0.3178082191780822,8025.0,7744.225326036229,0.9877165470367948,120.15,call,0.15159848995932104
2026-12-18,0.3178082191780822,8040.0,7744.225326036229,0.9877165470367948,115.05,call,0.1508843255431626
2026-12-18,0.3178082191780822,8050.0,7744.225326036229,0.9877165470367948,112.35,call,0.15083309950818477
2026-12-18,0.3178082191780822,8060.0,7744.225326036229,0.9877165470367948,108.3,call,0.1498226095361021
2026-12-18,0.3178082191780822,8075.0,7744.225326036229,0.9877165470367948,103.25,call,0.14892294143933535
2026-12-18,0.3178082191780822,8100.0,7744.225326036229,0.9877165470367948,96.3,call,0.14824735963848273
2026-12-18,0.3178082191780822,8110.0,7744.225326036229,0.9877165470367948,92.55,call,0.14720829565622878
2026-12-18,0.3178082191780822,8140.0,7744.225326036229,0.9877165470367948,84.1,call,0.1458459831482351
2026-12-18,0.3178082191780822,8150.0,7744.225326036229,0.9877165470367948,81.55,call,0.14550708963790762
2026-12-18,0.3178082191780822,8175.0,7744.225326036229,0.9877165470367948,75.15,call,0.14445814116048253
2026-12-18,0.3178082191780822,8180.0,7744.225326036229,0.9877165470367948,73.75,call,0.1441206668792842
2026-12-18,0.3178082191780822,8300.0,7744.225326036229,0.9877165470367948,48.95,call,0.1399596701387526
2026-12-18,0.3178082191780822,8325.0,7744.225326036229,0.9877165470367948,44.65,call,0.13909081327805042
2026-12-18,0.3178082191780822,8350.0,7744.225326036229,0.9877165470367948,40.75,call,0.13834788082939944
2026-12-18,0.3178082191780822,8400.0,7744.225326036229,0.9877165470367948,33.85,call,0.13701739480826464
2026-12-18,0.3178082191780822,8500.0,7744.225326036229,0.9877165470367948,22.9,call,0.13457240245183796
2026-12-18,0.3178082191780822,8550.0,7744.225326036229,0.9877165470367948,18.7,call,0.133533220704055
2026-12-18,0.3178082191780822,8600.0,7744.225326036229,0.9877165470367948,15.5,call,0.1331599116761536
2026-12-18,0.3178082191780822,8625.0,7744.225326036229,0.9877165470367948,13.7,call,0.13220937828452703
2026-12-18,0.3178082191780822,8650.0,7744.225326036229,0.9877165470367948,12.55,call,0.13229952434181944
2026-12-18,0.3178082191780822,8675.0,7744.225326036229,0.9877165470367948,11.100000000000001,call,0.13150256104013683
2026-12-18,0.3178082191780822,8700.0,7744.225326036229,0.9877165470367948,10.05,call,0.13136120456085323
2026-12-18,0.3178082191780822,8800.0,7744.225326036229,0.9877165470367948,6.7,call,0.13090057605169383
2026-12-18,0.3178082191780822,8850.0,7744.225326036229,0.9877165470367948,5.550000000000001,call,0.13112439688487193
2026-12-18,0.3178082191780822,8900.0,7744.225326036229,0.9877165470367948,4.65,call,0.13162851228613376
2026-12-18,0.3178082191780822,9000.0,7744.225326036229,0.9877165470367948,3.35,call,0.133190111512693
2026-12-18,0.3178082191780822,6200.0,7744.225326036229,0.9877165470367948,35.15,put,0.2614588407129477
2026-12-18,0.3178082191780822,6250.0,7744.225326036229,0.9877165470367948,37.0,put,0.2567802665929836
2026-12-18,0.3178082191780822,6300.0,7744.225326036229,0.9877165470367948,39.05,put,0.25224543859744575
2026-12-18,0.3178082191780822,6325.0,7744.225326036229,0.9877165470367948,40.099999999999994,put,0.2499416937662482
2026-12-18,0.3178082191780822,6400.0,7744.225326036229,0.9877165470367948,43.5,put,0.24310404159650528
2026-12-18,0.3178082191780822,6425.0,7744.225326036229,0.9877165470367948,44.900000000000006,put,0.2411054979248125
2026-12-18,0.3178082191780822,6475.0,7744.225326036229,0.9877165470367948,47.2,put,0.23621408492326212
2026-12-18,0.3178082191780822,6550.0,7744.225326036229,0.9877165470367948,51.599999999999994,put,0.2297414200533192
2026-12-18,0.3178082191780822,6575.0,7744.225326036229,0.9877165470367948,52.8,put,0.22711817297789946
2026-12-18,0.3178082191780822,6600.0,7744.225326036229,0.9877165470367948,54.3,put,0.22481828388514488
2026-12-18,0.3178082191780822,6630.0,7744.225326036229,0.9877165470367948,56.2,put,0.22209623153712624
2026-12-18,0.3178082191780822,6640.0,7744.225326036229,0.9877165470367948,56.85,put,0.2211877198155513
2026-12-18,0.3178082191780822,6650.0,7744.225326036229,0.9877165470367948,57.75,put,0.2205630336367795
2026-12-18,0.3178082191780822,6660.0,7744.225326036229,0.9877165470367948,58.2,put,0.21939714155176115
2026-12-18,0.3178082191780822,6675.0,7744.225326036229,0.9877165470367948,59.2,put,0.21801084170118368
2026-12-18,0.3178082191780822,6680.0,7744.225326036229,0.9877165470367948,59.5,put,0.21750514128596
2026-12-18,0.3178082191780822,6690.0,7744.225326036229,0.9877165470367948,60.2,put,0.21660049027339723
2026-12-18,0.3178082191780822,6700.0,7744.225326036229,0.9877165470367948,60.900000000000006,put,0.21568460262454456
2026-12-18,0.3178082191780822,6710.0,7744.225326036229,0.9877165470367948,61.65,put,0.2148133930591259
2026-12-18,0.3178082191780822,6740.0,7744.225326036229,0.9877165470367948,63.8,put,0.2120193205268221
2026-12-18,0.3178082191780822,6750.0,7744.225326036229,0.9877165470367948,64.55000000000001,put,0.21110156897699311
2026-12-18,0.3178082191780822,6760.0,7744.225326036229,0.9877165470367948,65.35,put,0.21022552820755266
2026-12-18,0.3178082191780822,6770.0,7744.225326036229,0.9877165470367948,66.05000000000001,put,0.20923126549863977
2026-12-18,0.3178082191780822,6775.0,7744.225326036229,0.9877165470367948,66.85,put,0.20920347124237346
2026-12-18,0.3178082191780822,6780.0,7744.225326036229,0.9877165470367948,66.85,put,0.20833130328361557
2026-12-18,0.3178082191780822,6790.0,7744.225326036229,0.9877165470367948,67.65,put,0.207419049976002
2026-12-18,0.3178082191780822,6800.0,7744.225326036229,0.9877165470367948,68.44999999999999,put,0.20649460777368847
2026-12-18,0.3178082191780822,6820.0,7744.225326036229,0.9877165470367948,70.15,put,0.20471063555472196
2026-12-18,0.3178082191780822,6830.0,7744.225326036229,0.9877165470367948,70.94999999999999,put,0.20374930174357728
2026-12-18,0.3178082191780822,6840.0,7744.225326036229,0.9877165470367948,71.85,put,0.20287545216227093
2026-12-18,0.3178082191780822,6850.0,7744.225326036229,0.9877165470367948,72.69999999999999,put,0.20193890581333804
2026-12-18,0.3178082191780822,6860.0,7744.225326036229,0.9877165470367948,73.5,put,0.20094106068865855
2026-12-18,0.3178082191780822,6875.0,7744.225326036229,0.9877165470367948,75.2,put,0.1999037768322374
2026-12-18,0.3178082191780822,6890.0,7744.225326036229,0.9877165470367948,76.30000000000001,put,0.1982584125966479
2026-12-18,0.3178082191780822,6920.0,7744.225326036229,0.9877165470367948,79.1,put,0.1954536193828816
2026-12-18,0.3178082191780822,6925.0,7744.225326036229,0.9877165470367948,79.6,put,0.1950051591476384
2026-12-18,0.3178082191780822,6940.0,7744.225326036229,0.9877165470367948,81.05,put,0.1935928614980453
2026-12-18,0.3178082191780822,6950.0,7744.225326036229,0.9877165470367948,82.1,put,0.19270933829793005
2026-12-18,0.3178082191780822,6975.0,7744.225326036229,0.9877165470367948,84.65,put,0.19036943250711727
2026-12-18,0.3178082191780822,7010.0,7744.225326036229,0.9877165470367948,88.35,put,0.18705580392729895
2026-12-18,0.3178082191780822,7040.0,7744.225326036229,0.9877165470367948,91.75,put,0.18426463834943355
2026-12-18,0.3178082191780822,7050.0,7744.225326036229,0.9877165470367948,93.4,put,0.18373077043936886
2026-12-18,0.3178082191780822,7060.0,7744.225326036229,0.9877165470367948,94.0,put,0.18231303032267818
2026-12-18,0.3178082191780822,7070.0,7744.225326036229,0.9877165470367948,95.25,put,0.1814162176225174
2026-12-18,0.3178082191780822,7090.0,7744.225326036229,0.9877165470367948,97.75,put,0.17957223750086118
2026-12-18,0.3178082191780822,7100.0,7744.225326036229,0.9877165470367948,99.1,put,0.178704626640032
2026-12-18,0.3178082191780822,7110.0,7744.225326036229,0.9877165470367948,100.25,put,0.17766157216944536
2026-12-18,0.3178082191780822,7125.0,7744.225326036229,0.9877165470367948,102.30000000000001,put,0.17632126503609952
2026-12-18,0.3178082191780822,7130.0,7744.225326036229,0.9877165470367948,102.9,put,0.17580091660855726
2026-12-18,0.3178082191780822,7160.0,7744.225326036229,0.9877165470367948,106.9,put,0.17289832787943082
2026-12-18,0.3178082191780822,7180.0,7744.225326036229,0.9877165470367948,109.7,put,0.17097549386923694
2026-12-18,0.3178082191780822,7190.0,7744.225326036229,0.9877165470367948,111.15,put,0.17002380762917105
2026-12-18,0.3178082191780822,7220.0,7744.225326036229,0.9877165470367948,115.65,put,0.16716497114131437
2026-12-18,0.3178082191780822,7225.0,7744.225326036229,0.9877165470367948,117.2,put,0.1672472531100589
2026-12-18,0.3178082191780822,7230.0,7744.225326036229,0.9877165470367948,117.3,put,0.16628114606792666
2026-12-18,0.3178082191780822,7240.0,7744.225326036229,0.9877165470367948,118.9,put,0.1653409062520547
2026-12-18,0.3178082191780822,7250.0,7744.225326036229,0.9877165470367948,121.2,put,0.16487469493782805
2026-12-18,0.3178082191780822,7260.0,7744.225326036229,0.9877165470367948,122.0,put,0.16332946416184985
2026-12-18,0.3178082191780822,7270.0,7744.225326036229,0.9877165470367948,123.8,put,0.16246815619739943
2026-12-18,0.3178082191780822,7275.0,7744.225326036229,0.9877165470367948,125.4,put,0.16251450590911126
2026-12-18,0.3178082191780822,7280.0,7744.225326036229,0.9877165470367948,125.5,put,0.16151539072538512
2026-12-18,0.3178082191780822,7300.0,7744.225326036229,0.9877165470367948,129.85,put,0.16019304011339014
2026-12-18,0.3178082191780822,7310.0,7744.225326036229,0.9877165470367948,130.7,put,0.15859665570702508
2026-12-18,0.3178082191780822,7320.0,7744.225326036229,0.9877165470367948,132.64999999999998,put,0.15772591865440058
2026-12-18,0.3178082191780822,7325.0,7744.225326036229,0.9877165470367948,134.39999999999998,put,0.15780057816121118
2026-12-18,0.3178082191780822,7330.0,7744.225326036229,0.9877165470367948,134.4,put,0.15669783661715803
2026-12-18,0.3178082191780822,7340.0,7744.225326036229,0.9877165470367948,136.25,put,0.15571402373904197
2026-12-18,0.3178082191780822,7370.0,7744.225326036229,0.9877165470367948,142.14999999999998,put,0.15285173801314184
2026-12-18,0.3178082191780822,7390.0,7744.225326036229,0.9877165470367948,146.3,put,0.15096146818804757
2026-12-18,0.3178082191780822,7400.0,7744.225326036229,0.9877165470367948,148.64999999999998,put,0.15015394827726003
2026-12-18,0.3178082191780822,7410.0,7744.225326036229,0.9877165470367948,150.55,put,0.1490331812253734
2026-12-18,0.3178082191780822,7420.0,7744.225326036229,0.9877165470367948,152.75,put,0.14807741824606563
2026-12-18,0.3178082191780822,7425.0,7744.225326036229,0.9877165470367948,154.9,put,0.1482502671599625
2026-12-18,0.3178082191780822,7430.0,7744.225326036229,0.9877165470367948,155.14999999999998,put,0.14722046498468547
2026-12-18,0.3178082191780822,7450.0,7744.225326036229,0.9877165470367948,159.55,put,0.1451732507667223
2026-12-18,0.3178082191780822,7460.0,7744.225326036229,0.9877165470367948,161.9,put,0.14420144994036457
2026-12-18,0.3178082191780822,7475.0,7744.225326036229,0.9877165470367948,166.55,put,0.143379838592819
2026-12-18,0.3178082191780822,7480.0,7744.225326036229,0.9877165470367948,166.95,put,0.14238614477007192
2026-12-18,0.3178082191780822,7490.0,7744.225326036229,0.9877165470367948,169.3,put,0.14132705025603895
2026-12-18,0.3178082191780822,7500.0,7744.225326036229,0.9877165470367948,172.9,put,0.140996016031395
2026-12-18,0.3178082191780822,7510.0,7744.225326036229,0.9877165470367948,174.35000000000002,put,0.13933172744392278
2026-12-18,0.3178082191780822,7525.0,7744.225326036229,0.9877165470367948,178.4,put,0.1379115844760146
2026-12-18,0.3178082191780822,7530.0,7744.225326036229,0.9877165470367948,179.7,put,0.13739218047735433
2026-12-18,0.3178082191780822,7540.0,7744.225326036229,0.9877165470367948,182.6,put,0.1365081542715791
2026-12-18,0.3178082191780822,7550.0,7744.225326036229,0.9877165470367948,186.35,put,0.13609533836294707
2026-12-18,0.3178082191780822,7560.0,7744.225326036229,0.9877165470367948,188.14999999999998,put,0.1344904224759151
2026-12-18,0.3178082191780822,7570.0,7744.225326036229,0.9877165470367948,191.2,put,0.13359296082587974
2026-12-18,0.3178082191780822,7575.0,7744.225326036229,0.9877165470367948,193.65,put,0.1336761696842279
2026-12-18,0.3178082191780822,7580.0,7744.225326036229,0.9877165470367948,194.14999999999998,put,0.13260105548897655
2026-12-18,0.3178082191780822,7600.0,7744.225326036229,0.9877165470367948,200.0,put,0.13048011989866107
2026-12-18,0.3178082191780822,7620.0,7744.225326036229,0.9877165470367948,206.55,put,0.12861988007992708
2026-12-18,0.3178082191780822,7625.0,7744.225326036229,0.9877165470367948,208.1,put,0.1280796009515285
2026-12-18,0.3178082191780822,7640.0,7744.225326036229,0.9877165470367948,213.1,put,0.12660341907277767
2026-12-18,0.3178082191780822,7650.0,7744.225326036229,0.9877165470367948,216.25,put,0.12546204122326665
2026-12-18,0.3178082191780822,7660.0,7744.225326036229,0.9877165470367948,219.9,put,0.12456993975395589
2026-12-18,0.3178082191780822,7680.0,7744.225326036229,0.9877165470367948,226.95,put,0.12251184849998764
2026-12-18,0.3178082191780822,7690.0,7744.225326036229,0.9877165470367948,230.5,put,0.1214310754352044
2026-12-18,0.3178082191780822,7700.0,7744.225326036229,0.9877165470367948,235.45,put,0.12112004591700992
2026-12-18,0.3178082191780822,7710.0,7744.225326036229,0.9877165470367948,238.15,put,0.11945192900469781
2026-12-18,0.3178082191780822,7725.0,7744.225326036229,0.9877165470367948,245.0,put,0.11849358115932479
2026-12-31,0.35342465753424657,7780.0,7756.690994806743,0.98631462582089,253.64999999999998,call,0.17175895910641295
2026-12-31,0.35342465753424657,7795.0,7756.690994806743,0.98631462582089,245.3,call,0.17054454586707665
2026-12-31,0.35342465753424657,7800.0,7756.690994806743,0.98631462582089,242.5,call,0.17011541951070053
2026-12-31,0.35342465753424657,7825.0,7756.690994806743,0.98631462582089,229.1,call,0.16818954593028979
2026-12-31,0.35342465753424657,7850.0,7756.690994806743,0.98631462582089,216.05,call,0.16626519078578456
2026-12-31,0.35342465753424657,7875.0,7756.690994806743,0.98631462582089,203.6,call,0.1644798842119569
2026-12-31,0.35342465753424657,7895.0,7756.690994806743,0.98631462582089,193.75,call,0.16296706848555595
2026-12-31,0.35342465753424657,7900.0,7756.690994806743,0.98631462582089,191.35000000000002,call,0.16260371434502763
2026-12-31,0.35342465753424657,7920.0,7756.690994806743,0.98631462582089,182.14999999999998,call,0.16129670579651642
2026-12-31,0.35342465753424657,7935.0,7756.690994806743,0.98631462582089,175.25,call,0.16022744626880037
2026-12-31,0.35342465753424657,7960.0,7756.690994806743,0.98631462582089,164.2,call,0.1585343828552926
2026-12-31,0.35342465753424657,7980.0,7756.690994806743,0.98631462582089,155.95,call,0.15737163169707527
2026-12-31,0.35342465753424657,8000.0,7756.690994806743,0.98631462582089,147.85000000000002,call,0.1561581115300687
2026-12-31,0.35342465753424657,8015.0,7756.690994806743,0.98631462582089,141.85000000000002,call,0.15519855681426875
2026-12-31,0.35342465753424657,8060.0,7756.690994806743,0.98631462582089,125.15,call,0.1526257153729356
2026-12-31,0.35342465753424657,8070.0,7756.690994806743,0.98631462582089,121.65,call,0.15208504788044036
2026-12-31,0.35342465753424657,8080.0,7756.690994806743,0.98631462582089,118.25,call,0.15157124655317544
2026-12-31,0.35342465753424657,8090.0,7756.690994806743,0.98631462582089,114.9,call,0.15105250628004926
2026-12-31,0.35342465753424657,8100.0,7756.690994806743,0.98631462582089,111.6,call,0.1505287208591081
2026-12-31,0.35342465753424657,8105.0,7756.690994806743,0.98631462582089,110.1,call,0.15035156078717285
2026-12-31,0.35342465753424657,8115.0,7756.690994806743,0.98631462582089,106.85,call,0.14980420169486033
2026-12-31,0.35342465753424657,8125.0,7756.690994806743,0.98631462582089,103.85,call,0.14938593435333442
2026-12-31,0.35342465753424657,8130.0,7756.690994806743,0.98631462582089,102.30000000000001,call,0.1491291647183429
2026-12-31,0.35342465753424657,8135.0,7756.690994806743,0.98631462582089,100.69999999999999,call,0.14882864597548043
2026-12-31,0.35342465753424657,8140.0,7756.690994806743,0.98631462582089,99.25,call,0.1486205321837388
2026-12-31,0.35342465753424657,8150.0,7756.690994806743,0.98631462582089,96.4,call,0.14821091628222102
2026-12-31,0.35342465753424657,8190.0,7756.690994806743,0.98631462582089,85.35,call,0.14644025370659117
2026-12-31,0.35342465753424657,8200.0,7756.690994806743,0.98631462582089,82.75,call,0.14601805926069666
2026-12-31,0.35342465753424657,8210.0,7756.690994806743,0.98631462582089,80.25,call,0.14563106586140248
2026-12-31,0.35342465753424657,8220.0,7756.690994806743,0.98631462582089,77.80000000000001,call,0.14524327141067392
2026-12-31,0.35342465753424657,8225.0,7756.690994806743,0.98631462582089,76.5,call,0.14497817772400248
2026-12-31,0.35342465753424657,8240.0,7756.690994806743,0.98631462582089,73.0,call,0.14442761832814371
2026-12-31,0.35342465753424657,8250.0,7756.690994806743,0.98631462582089,70.69999999999999,call,0.14403836833996383
2026-12-31,0.35342465753424657,8270.0,7756.690994806743,0.98631462582089,66.30000000000001,call,0.14330121659848902
2026-12-31,0.35342465753424657,8275.0,7756.690994806743,0.98631462582089,65.30000000000001,call,0.1431735487256712
2026-12-31,0.35342465753424657,8280.0,7756.690994806743,0.98631462582089,64.19999999999999,call,0.1429551942927458
2026-12-31,0.35342465753424657,8300.0,7756.690994806743,0.98631462582089,60.2,call,0.14231350442229795
2026-12-31,0.35342465753424657,8350.0,7756.690994806743,0.98631462582089,50.9,call,0.1406362115619902
2026-12-31,0.35342465753424657,8425.0,7756.690994806743,0.98631462582089,39.3,call,0.13848494421403856
2026-12-31,0.35342465753424657,8450.0,7756.690994806743,0.98631462582089,35.9,call,0.137755620527019
2026-12-31,0.35342465753424657,8500.0,7756.690994806743,0.98631462582089,30.0,call,0.13657913615857137
2026-12-31,0.35342465753424657,8550.0,7756.690994806743,0.98631462582089,24.9,call,0.13542771474392526
2026-12-31,0.35342465753424657,8700.0,7756.690994806743,0.98631462582089,13.95,call,0.13271492048144465
2026-12-31,0.35342465753424657,8800.0,7756.690994806743,0.98631462582089,9.399999999999999,call,0.13157042847780906
2026-12-31,0.35342465753424657,9000.0,7756.690994806743,0.98631462582089,4.5,call,0.13169565771509212
2026-12-31,0.35342465753424657,6215.0,7756.690994806743,0.98631462582089,40.35,put,0.2543243984488724
2026-12-31,0.35342465753424657,6220.0,7756.690994806743,0.98631462582089,40.55,put,0.2538740998350067
2026-12-31,0.35342465753424657,6230.0,7756.690994806743,0.98631462582089,40.95,put,0.2529682590325696
2026-12-31,0.35342465753424657,6235.0,7756.690994806743,0.98631462582089,64.05,put,0.2844485556023151
2026-12-31,0.35342465753424657,6255.0,7756.690994806743,0.98631462582089,42.05,put,0.2508257624588048
2026-12-31,0.35342465753424657,6280.0,7756.690994806743,0.98631462582089,67.05,put,0.2807153335117405
2026-12-31,0.35342465753424657,6285.0,7756.690994806743,0.98631462582089,67.35,put,0.280248803185906
2026-12-31,0.35342465753424657,6290.0,7756.690994806743,0.98631462582089,43.5,put,0.2476119672426733
2026-12-31,0.35342465753424657,6320.0,7756.690994806743,0.98631462582089,69.75,put,0.2772898867535972
2026-12-31,0.35342465753424657,6340.0,7756.690994806743,0.98631462582089,45.85,put,0.2432699639271343
2026-12-31,0.35342465753424657,6355.0,7756.690994806743,0.98631462582089,46.55,put,0.2419217651639583
2026-12-31,0.35342465753424657,6365.0,7756.690994806743,0.98631462582089,75.35,put,0.27620502397391317
2026-12-31,0.35342465753424657,6375.0,7756.690994806743,0.98631462582089,47.599999999999994,put,0.24025723812143954
2026-12-31,0.35342465753424657,6390.0,7756.690994806743,0.98631462582089,48.3,put,0.2388674358271533
2026-12-31,0.35342465753424657,6415.0,7756.690994806743,0.98631462582089,49.599999999999994,put,0.2366907449669733
2026-12-31,0.35342465753424657,6450.0,7756.690994806743,0.98631462582089,51.5,put,0.23365833458043864
2026-12-31,0.35342465753424657,6470.0,7756.690994806743,0.98631462582089,52.65,put,0.23195900871027628
2026-12-31,0.35342465753424657,6500.0,7756.690994806743,0.98631462582089,54.400000000000006,put,0.22937263674525943
2026-12-31,0.35342465753424657,6540.0,7756.690994806743,0.98631462582089,56.8,put,0.22587741541440703
2026-12-31,0.35342465753424657,6550.0,7756.690994806743,0.98631462582089,57.400000000000006,put,0.2249809232678486
2026-12-31,0.35342465753424657,6590.0,7756.690994806743,0.98631462582089,60.0,put,0.2215329916560728
2026-12-31,0.35342465753424657,6610.0,7756.690994806743,0.98631462582089,61.3,put,0.21975136290432423
2026-12-31,0.35342465753424657,6620.0,7756.690994806743,0.98631462582089,62.0,put,0.2189015236705387
2026-12-31,0.35342465753424657,6635.0,7756.690994806743,0.98631462582089,63.0,put,0.21755321649036083
2026-12-31,0.35342465753424657,6645.0,7756.690994806743,0.98631462582089,63.7,put,0.21667840677187644
2026-12-31,0.35342465753424657,6665.0,7756.690994806743,0.98631462582089,65.1,put,0.21489880929092653
2026-12-31,0.35342465753424657,6700.0,7756.690994806743,0.98631462582089,67.65,put,0.21179287682443965
2026-12-31,0.35342465753424657,6720.0,7756.690994806743,0.98631462582089,69.3,put,0.21015724598321212
2026-12-31,0.35342465753424657,6735.0,7756.690994806743,0.98631462582089,70.44999999999999,put,0.20881284762886435
2026-12-31,0.35342465753424657,6755.0,7756.690994806743,0.98631462582089,72.05000000000001,put,0.20704917778034207
2026-12-31,0.35342465753424657,6765.0,7756.690994806743,0.98631462582089,110.15,put,0.2399039360747525
2026-12-31,0.35342465753424657,6790.0,7756.690994806743,0.98631462582089,176.89999999999998,put,0.28802425617519833
2026-12-31,0.35342465753424657,6800.0,7756.690994806743,0.98631462582089,75.8,put,0.20306493194894445
2026-12-31,0.35342465753424657,6810.0,7756.690994806743,0.98631462582089,76.75,put,0.2022580925342648
2026-12-31,0.35342465753424657,6820.0,7756.690994806743,0.98631462582089,77.6,put,0.20134576674706423
2026-12-31,0.35342465753424657,6825.0,7756.690994806743,0.98631462582089,78.05000000000001,put,0.2009085098281071
2026-12-31,0.35342465753424657,6830.0,7756.690994806743,0.98631462582089,78.44999999999999,put,0.2004223211391718
2026-12-31,0.35342465753424657,6875.0,7756.690994806743,0.98631462582089,82.65,put,0.1964630774319496
2026-12-31,0.35342465753424657,6880.0,7756.690994806743,0.98631462582089,83.19999999999999,put,0.1960815254039423
2026-12-31,0.35342465753424657,6885.0,7756.690994806743,0.98631462582089,83.65,put,0.19560860618683934
2026-12-31,0.35342465753424657,6895.0,7756.690994806743,0.98631462582089,84.5,put,0.19461067170892463
2026-12-31,0.35342465753424657,6900.0,7756.690994806743,0.98631462582089,85.0,put,0.1941727478530241
2026-12-31,0.35342465753424657,6905.0,7756.690994806743,0.98631462582089,85.5,put,0.19373163398436305
2026-12-31,0.35342465753424657,6925.0,7756.690994806743,0.98631462582089,87.65,put,0.1920628641887377
2026-12-31,0.35342465753424657,6930.0,7756.690994806743,0.98631462582089,88.15,put,0.19160542268685998
2026-12-31,0.35342465753424657,6935.0,7756.690994806743,0.98631462582089,88.65,put,0.19114484892212735
2026-12-31,0.35342465753424657,6940.0,7756.690994806743,0.98631462582089,89.19999999999999,put,0.19072308791401635
2026-12-31,0.35342465753424657,6955.0,7756.690994806743,0.98631462582089,90.69999999999999,put,0.18931281358228028
2026-12-31,0.35342465753424657,6965.0,7756.690994806743,0.98631462582089,91.9,put,0.1885215115604024
2026-12-31,0.35342465753424657,6970.0,7756.690994806743,0.98631462582089,92.30000000000001,put,0.18795654308727322
2026-12-31,0.35342465753424657,6975.0,7756.690994806743,0.98631462582089,93.0,put,0.1876337126080578
2026-12-31,0.35342465753424657,6980.0,7756.690994806743,0.98631462582089,93.4,put,0.18706294177921692
2026-12-31,0.35342465753424657,6985.0,7756.690994806743,0.98631462582089,94.05000000000001,put,0.1866919179464139
2026-12-31,0.35342465753424657,7000.0,7756.690994806743,0.98631462582089,95.75,put,0.18535497409520538
2026-12-31,0.35342465753424657,7010.0,7756.690994806743,0.98631462582089,96.9,put,0.18445955909673106
2026-12-31,0.35342465753424657,7035.0,7756.690994806743,0.98631462582089,99.9,put,0.1822569855213719
2026-12-31,0.35342465753424657,7050.0,7756.690994806743,0.98631462582089,101.65,put,0.18085358011787112
2026-12-31,0.35342465753424657,7060.0,7756.690994806743,0.98631462582089,102.9,put,0.17996393982063538
2026-12-31,0.35342465753424657,7090.0,7756.690994806743,0.98631462582089,106.75,put,0.17727994193476787
2026-12-31,0.35342465753424657,7105.0,7756.690994806743,0.98631462582089,108.6,put,0.17583143055333753
2026-12-31,0.35342465753424657,7110.0,7756.690994806743,0.98631462582089,109.4,put,0.17547563502117702
2026-12-31,0.35342465753424657,7115.0,7756.690994806743,0.98631462582089,110.1,put,0.17504217745987388
2026-12-31,0.35342465753424657,7120.0,7756.690994806743,0.98631462582089,110.75,put,0.1745682694960036
2026-12-31,0.35342465753424657,7130.0,7756.690994806743,0.98631462582089,112.1,put,0.17364508358139033
2026-12-31,0.35342465753424657,7140.0,7756.690994806743,0.98631462582089,113.45,put,0.17270610695424385
2026-12-31,0.35342465753424657,7150.0,7756.690994806743,0.98631462582089,114.9,put,0.17182245362819956
2026-12-31,0.35342465753424657,7160.0,7756.690994806743,0.98631462582089,167.6,put,0.20580680819415267
2026-12-31,0.35342465753424657,7165.0,7756.690994806743,0.98631462582089,117.1,put,0.17048305171154343
2026-12-31,0.35342465753424657,7170.0,7756.690994806743,0.98631462582089,117.80000000000001,put,0.1700047681973313
2026-12-31,0.35342465753424657,7175.0,7756.690994806743,0.98631462582089,118.5,put,0.16952242468573184
2026-12-31,0.35342465753424657,7180.0,7756.690994806743,0.98631462582089,119.25,put,0.1690707887140478
2026-12-31,0.35342465753424657,7185.0,7756.690994806743,0.98631462582089,120.1,put,0.1686841150973851
2026-12-31,0.35342465753424657,7195.0,7756.690994806743,0.98631462582089,121.6,put,0.16775879605068225
2026-12-31,0.35342465753424657,7205.0,7756.690994806743,0.98631462582089,123.15,put,0.16685039869535875
2026-12-31,0.35342465753424657,7215.0,7756.690994806743,0.98631462582089,124.69999999999999,put,0.16592430093240648
2026-12-31,0.35342465753424657,7225.0,7756.690994806743,0.98631462582089,126.30000000000001,put,0.16501416229250668
2026-12-31,0.35342465753424657,7245.0,7756.690994806743,0.98631462582089,129.6,put,0.16320573278187098
2026-12-31,0.35342465753424657,7255.0,7756.690994806743,0.98631462582089,131.2,put,0.1622405850136785
2026-12-31,0.35342465753424657,7275.0,7756.690994806743,0.98631462582089,134.75,put,0.16048321737379131
2026-12-31,0.35342465753424657,7295.0,7756.690994806743,0.98631462582089,138.2,put,0.15858242416289814
2026-12-31,0.35342465753424657,7310.0,7756.690994806743,0.98631462582089,140.95,put,0.1572090472060102
2026-12-31,0.35342465753424657,7325.0,7756.690994806743,0.98631462582089,143.8,put,0.15585265189411704
2026-12-31,0.35342465753424657,7335.0,7756.690994806743,0.98631462582089,145.7,put,0.15492209653774167
2026-12-31,0.35342465753424657,7340.0,7756.690994806743,0.98631462582089,146.7,put,0.15448008967506566
2026-12-31,0.35342465753424657,7365.0,7756.690994806743,0.98631462582089,151.7,put,0.152187733698686
2026-12-31,0.35342465753424657,7370.0,7756.690994806743,0.98631462582089,152.75,put,0.15174335297461208
2026-12-31,0.35342465753424657,7375.0,7756.690994806743,0.98631462582089,153.7,put,0.15123219214460334
2026-12-31,0.35342465753424657,7380.0,7756.690994806743,0.98631462582089,154.8,put,0.1508069886672477
2026-12-31,0.35342465753424657,7395.0,7756.690994806743,0.98631462582089,157.9,put,0.14937510071845184
2026-12-31,0.35342465753424657,7415.0,7756.690994806743,0.98631462582089,162.3,put,0.14754485247412713
2026-12-31,0.35342465753424657,7425.0,7756.690994806743,0.98631462582089,164.45,put,0.14656399708728046
2026-12-31,0.35342465753424657,7430.0,7756.690994806743,0.98631462582089,165.6,put,0.14610904307188013
2026-12-31,0.35342465753424657,7435.0,7756.690994806743,0.98631462582089,166.8,put,0.14567740214151714
2026-12-31,0.35342465753424657,7440.0,7756.690994806743,0.98631462582089,167.9,put,0.145180419950655
2026-12-31,0.35342465753424657,7445.0,7756.690994806743,0.98631462582089,169.14999999999998,put,0.1447655010727822
2026-12-31,0.35342465753424657,7450.0,7756.690994806743,0.98631462582089,170.3,put,0.14428534904136828
2026-12-31,0.35342465753424657,7465.0,7756.690994806743,0.98631462582089,173.85000000000002,put,0.14286509680545326
2026-12-31,0.35342465753424657,7470.0,7756.690994806743,0.98631462582089,175.1,put,0.14241745759583935
2026-12-31,0.35342465753424657,7485.0,7756.690994806743,0.98631462582089,178.75,put,0.14097654024288248
2026-12-31,0.35342465753424657,7515.0,7756.690994806743,0.98631462582089,186.55,put,0.13819767314990097
2026-12-31,0.35342465753424657,7520.0,7756.690994806743,0.98631462582089,187.85000000000002,put,0.1377098488375412
2026-12-31,0.35342465753424657,7525.0,7756.690994806743,0.98631462582089,189.2,put,0.1372432571389627
2026-12-31,0.35342465753424657,7530.0,7756.690994806743,0.98631462582089,190.55,put,0.1367693651653071
2026-12-31,0.35342465753424657,7535.0,7756.690994806743,0.98631462582089,191.9,put,0.1362881312213959
2026-12-31,0.35342465753424657,7540.0,7756.690994806743,0.98631462582089,193.25,put,0.1357995110675234
2026-12-31,0.35342465753424657,7550.0,7756.690994806743,0.98631462582089,195.95,put,0.13479992199278112
2026-12-31,0.35342465753424657,7555.0,7756.690994806743,0.98631462582089,197.35000000000002,put,0.1343169490387202
2026-12-31,0.35342465753424657,7570.0,7756.690994806743,0.98631462582089,201.8,put,0.1329616284225266
2026-12-31,0.35342465753424657,7575.0,7756.690994806743,0.98631462582089,203.25,put,0.13247536510300043
2026-12-31,0.35342465753424657,7580.0,7756.690994806743,0.98631462582089,204.64999999999998,put,0.13195322967741574
2026-12-31,0.35342465753424657,7595.0,7756.690994806743,0.98631462582089,209.1,put,0.13047775428741723
2026-12-31,0.35342465753424657,7600.0,7756.690994806743,0.98631462582089,210.8,put,0.13008980205821924
2026-12-31,0.35342465753424657,7610.0,7756.690994806743,0.98631462582089,213.85000000000002,put,0.12909405894767365
2026-12-31,0.35342465753424657,7615.0,7756.690994806743,0.98631462582089,215.3,put,0.1285418834298412
2026-12-31,0.35342465753424657,7625.0,7756.690994806743,0.98631462582089,218.5,put,0.12757769176977046
2026-12-31,0.35342465753424657,7645.0,7756.690994806743,0.98631462582089,225.2,put,0.12570802854136587
2026-12-31,0.35342465753424657,7650.0,7756.690994806743,0.98631462582089,226.85000000000002,put,0.12520397494049562
2026-12-31,0.35342465753424657,7655.0,7756.690994806743,0.98631462582089,228.35000000000002,put,0.12460790694361487
2026-12-31,0.35342465753424657,7675.0,7756.690994806743,0.98631462582089,235.25,put,0.12262460654714495
2026-12-31,0.35342465753424657,7680.0,7756.690994806743,0.98631462582089,237.2,put,0.12222842385862705
2026-12-31,0.35342465753424657,7700.0,7756.690994806743,0.98631462582089,244.35000000000002,put,0.12018463927486127
2026-12-31,0.35342465753424657,7715.0,7756.690994806743,0.98631462582089,250.0,put,0.11870128861877556
2026-12-31,0.35342465753424657,7725.0,7756.690994806743,0.98631462582089,253.75,put,0.11764925641495522
2026-12-31,0.35342465753424657,7730.0,7756.690994806743,0.98631462582089,255.65,put,0.11712046542512816
2026-12-31,0.35342465753424657,7740.0,7756.690994806743,0.98631462582089,259.45,put,0.1160288460410228
2027-01-15,0.39452054794520547,7800.0,7772.5826327382565,0.9846908047279891,269.95000000000005,call,0.17472714804613573
2027-01-15,0.39452054794520547,7825.0,7772.5826327382565,0.9846908047279891,255.85000000000002,call,0.17262291194967738
2027-01-15,0.39452054794520547,7850.0,7772.5826327382565,0.9846908047279891,242.75,call,0.17087846758404152
2027-01-15,0.39452054794520547,7900.0,7772.5826327382565,0.9846908047279891,217.15,call,0.1671907264345134
2027-01-15,0.39452054794520547,7975.0,7772.5826327382565,0.9846908047279891,182.55,call,0.16235607591167536
2027-01-15,0.39452054794520547,7990.0,7772.5826327382565,0.9846908047279891,175.60000000000002,call,0.16116677847606456
2027-01-15,0.39452054794520547,8000.0,7772.5826327382565,0.9846908047279891,171.05,call,0.1603797681331359
2027-01-15,0.39452054794520547,8025.0,7772.5826327382565,0.9846908047279891,161.0,call,0.15902139746685745
2027-01-15,0.39452054794520547,8030.0,7772.5826327382565,0.9846908047279891,159.10000000000002,call,0.15878945416944343
2027-01-15,0.39452054794520547,8050.0,7772.5826327382565,0.9846908047279891,150.9,call,0.1574376812359623
2027-01-15,0.39452054794520547,8090.0,7772.5826327382565,0.9846908047279891,136.39999999999998,call,0.15545454818431473
2027-01-15,0.39452054794520547,8100.0,7772.5826327382565,0.9846908047279891,132.55,call,0.1547429911336215
2027-01-15,0.39452054794520547,8110.0,7772.5826327382565,0.9846908047279891,129.25,call,0.1543289612139394
2027-01-15,0.39452054794520547,8120.0,7772.5826327382565,0.9846908047279891,125.85,call,0.15382240462431948
2027-01-15,0.39452054794520547,8125.0,7772.5826327382565,0.9846908047279891,124.55,call,0.15380222794570017
2027-01-15,0.39452054794520547,8130.0,7772.5826327382565,0.9846908047279891,122.55000000000001,call,0.15334432381604707
2027-01-15,0.39452054794520547,8140.0,7772.5826327382565,0.9846908047279891,119.3,call,0.15286439463280135
2027-01-15,0.39452054794520547,8225.0,7772.5826327382565,0.9846908047279891,94.5,call,0.1492570010555669
2027-01-15,0.39452054794520547,8250.0,7772.5826327382565,0.9846908047279891,87.5,call,0.14791928687967038
2027-01-15,0.39452054794520547,8325.0,7772.5826327382565,0.9846908047279891,70.15,call,0.14518779813708624
2027-01-15,0.39452054794520547,8375.0,7772.5826327382565,0.9846908047279891,60.25,call,0.14357664520639393
2027-01-15,0.39452054794520547,8400.0,7772.5826327382565,0.9846908047279891,55.95,call,0.14299162572719415
2027-01-15,0.39452054794520547,8425.0,7772.5826327382565,0.9846908047279891,51.25,call,0.14184556621973182
2027-01-15,0.39452054794520547,8450.0,7772.5826327382565,0.9846908047279891,47.55,call,0.14136941009088608
2027-01-15,0.39452054794520547,8475.0,7772.5826327382565,0.9846908047279891,43.8,call,0.14064391852759545
2027-01-15,0.39452054794520547,8500.0,7772.5826327382565,0.9846908047279891,40.2,call,0.13984438511749678
2027-01-15,0.39452054794520547,8575.0,7772.5826327382565,0.9846908047279891,31.3,call,0.1381414679427625
2027-01-15,0.39452054794520547,8675.0,7772.5826327382565,0.9846908047279891,21.95,call,0.13593523326435533
2027-01-15,0.39452054794520547,8700.0,7772.5826327382565,0.9846908047279891,20.1,call,0.13553470696039577
2027-01-15,0.39452054794520547,8775.0,7772.5826327382565,0.9846908047279891,15.3,call,0.13433340527784135
2027-01-15,0.39452054794520547,8800.0,7772.5826327382565,0.9846908047279891,13.899999999999999,call,0.13387859397709498
2027-01-15,0.39452054794520547,8850.0,7772.5826327382565,0.9846908047279891,11.600000000000001,call,0.1333737686858247
2027-01-15,0.39452054794520547,8900.0,7772.5826327382565,0.9846908047279891,9.600000000000001,call,0.13278506448244096
2027-01-15,0.39452054794520547,9100.0,7772.5826327382565,0.9846908047279891,4.85,call,0.13293484622119126
2027-01-15,0.39452054794520547,6275.0,7772.5826327382565,0.9846908047279891,49.3,put,0.2448219896845939
2027-01-15,0.39452054794520547,6300.0,7772.5826327382565,0.9846908047279891,50.5,put,0.2426640220529803
2027-01-15,0.39452054794520547,6325.0,7772.5826327382565,0.9846908047279891,51.8,put,0.24059087310365704
2027-01-15,0.39452054794520547,6375.0,7772.5826327382565,0.9846908047279891,54.400000000000006,put,0.2363050554057647
2027-01-15,0.39452054794520547,6425.0,7772.5826327382565,0.9846908047279891,57.25,put,0.23213408996463558
2027-01-15,0.39452054794520547,6525.0,7772.5826327382565,0.9846908047279891,63.5,put,0.2238126526940631
2027-01-15,0.39452054794520547,6550.0,7772.5826327382565,0.9846908047279891,65.15,put,0.22169642343895993
2027-01-15,0.39452054794520547,6625.0,7772.5826327382565,0.9846908047279891,70.45,put,0.21538255241968143
2027-01-15,0.39452054794520547,6675.0,7772.5826327382565,0.9846908047279891,74.25,put,0.21115386505038952
2027-01-15,0.39452054794520547,6700.0,7772.5826327382565,0.9846908047279891,76.44999999999999,put,0.2092328324264972
2027-01-15,0.39452054794520547,6725.0,7772.5826327382565,0.9846908047279891,78.35,put,0.20697002026975547
2027-01-15,0.39452054794520547,6900.0,7772.5826327382565,0.9846908047279891,94.85,put,0.19216881594398905
2027-01-15,0.39452054794520547,6925.0,7772.5826327382565,0.9846908047279891,97.35,put,0.18990077571537656
2027-01-15,0.39452054794520547,6975.0,7772.5826327382565,0.9846908047279891,103.0,put,0.1856489102461061
2027-01-15,0.39452054794520547,7000.0,7772.5826327382565,0.9846908047279891,106.4,put,0.1838319678861873
2027-01-15,0.39452054794520547,7025.0,7772.5826327382565,0.9846908047279891,109.4,put,0.1816346485373861
2027-01-15,0.39452054794520547,7075.0,7772.5826327382565,0.9846908047279891,115.5,put,0.17707192653247955
2027-01-15,0.39452054794520547,7100.0,7772.5826327382565,0.9846908047279891,118.95,put,0.1749444474806127
2027-01-15,0.39452054794520547,7125.0,7772.5826327382565,0.9846908047279891,122.35,put,0.1726939284885497
2027-01-15,0.39452054794520547,7175.0,7772.5826327382565,0.9846908047279891,129.6,put,0.16822170519139745
2027-01-15,0.39452054794520547,7200.0,7772.5826327382565,0.9846908047279891,133.5,put,0.16602199945293994
2027-01-15,0.39452054794520547,7225.0,7772.5826327382565,0.9846908047279891,137.5,put,0.16378624943990885
2027-01-15,0.39452054794520547,7250.0,7772.5826327382565,0.9846908047279891,141.75,put,0.16160396373821442
2027-01-15,0.39452054794520547,7300.0,7772.5826327382565,0.9846908047279891,151.4,put,0.15760873478754014
2027-01-15,0.39452054794520547,7350.0,7772.5826327382565,0.9846908047279891,160.3,put,0.15270476914265013
2027-01-15,0.39452054794520547,7375.0,7772.5826327382565,0.9846908047279891,165.39999999999998,put,0.1504558050457605
2027-01-15,0.39452054794520547,7400.0,7772.5826327382565,0.9846908047279891,170.8,put,0.14825076219143063
2027-01-15,0.39452054794520547,7425.0,7772.5826327382565,0.9846908047279891,177.1,put,0.1464170243639507
2027-01-15,0.39452054794520547,7475.0,7772.5826327382565,0.9846908047279891,188.9,put,0.14187079018836382
2027-01-15,0.39452054794520547,7525.0,7772.5826327382565,0.9846908047279891,201.2,put,0.13700559395610593
2027-01-15,0.39452054794520547,7550.0,7772.5826327382565,0.9846908047279891,207.7,put,0.13452451215864625
2027-01-15,0.39452054794520547,7575.0,7772.5826327382565,0.9846908047279891,215.8,put,0.1327222387250862
2027-01-15,0.39452054794520547,7600.0,7772.5826327382565,0.9846908047279891,222.2,put,0.1298426905335612
2027-01-15,0.39452054794520547,7625.0,7772.5826327382565,0.9846908047279891,229.89999999999998,put,0.1274621399192773
2027-01-15,0.39452054794520547,7650.0,7772.5826327382565,0.9846908047279891,238.85000000000002,put,0.12553765568223277
2027-01-15,0.39452054794520547,7675.0,7772.5826327382565,0.9846908047279891,246.39999999999998,put,0.12267502654632749
2027-01-15,0.39452054794520547,7750.0,7772.5826327382565,0.9846908047279891,273.95,put,0.11527989755950284
2027-01-29,0.4328767123287671,7790.0,7785.753132925058,0.9831692610935583,299.29999999999995,call,0.17916479243110245
2027-01-29,0.4328767123287671,7825.0,7785.753132925058,0.9831692610935583,279.65,call,0.1765113013120683
2027-01-29,0.4328767123287671,7830.0,7785.753132925058,0.9831692610935583,276.95000000000005,call,0.17616259446916582
2027-01-29,0.4328767123287671,7840.0,7785.753132925058,0.9831692610935583,271.35,call,0.17534676583981754
2027-01-29,0.4328767123287671,7880.0,7785.753132925058,0.9831692610935583,250.05,call,0.17239442988792938
2027-01-29,0.4328767123287671,7910.0,7785.753132925058,0.9831692610935583,234.9,call,0.17033788220303955
2027-01-29,0.4328767123287671,7950.0,7785.753132925058,0.9831692610935583,215.64999999999998,call,0.1677250828435172
2027-01-29,0.4328767123287671,7975.0,7785.753132925058,0.9831692610935583,204.1,call,0.16612850989972386
2027-01-29,0.4328767123287671,8000.0,7785.753132925058,0.9831692610935583,192.8,call,0.1644944091566216
2027-01-29,0.4328767123287671,8025.0,7785.753132925058,0.9831692610935583,182.1,call,0.1630068543772538
2027-01-29,0.4328767123287671,8050.0,7785.753132925058,0.9831692610935583,171.85000000000002,call,0.16158805164639412
2027-01-29,0.4328767123287671,8100.0,7785.753132925058,0.9831692610935583,152.45,call,0.15882312925448694
2027-01-29,0.4328767123287671,8125.0,7785.753132925058,0.9831692610935583,143.3,call,0.1574773143181927
2027-01-29,0.4328767123287671,8150.0,7785.753132925058,0.9831692610935583,134.6,call,0.15620527297035172
2027-01-29,0.4328767123287671,8175.0,7785.753132925058,0.9831692610935583,126.3,call,0.15498152728542666
2027-01-29,0.4328767123287671,8200.0,7785.753132925058,0.9831692610935583,118.5,call,0.1538700781349036
2027-01-29,0.4328767123287671,8225.0,7785.753132925058,0.9831692610935583,111.0,call,0.15275520336646245
2027-01-29,0.4328767123287671,8275.0,7785.753132925058,0.9831692610935583,97.25,call,0.1507477479921452
2027-01-29,0.4328767123287671,8300.0,7785.753132925058,0.9831692610935583,90.85,call,0.1497702166797752
2027-01-29,0.4328767123287671,8325.0,7785.753132925058,0.9831692610935583,84.75,call,0.14880381466406611
2027-01-29,0.4328767123287671,8350.0,7785.753132925058,0.9831692610935583,79.05,call,0.1479234938115086
2027-01-29,0.4328767123287671,8375.0,7785.753132925058,0.9831692610935583,73.65,call,0.14706734315515788
2027-01-29,0.4328767123287671,8400.0,7785.753132925058,0.9831692610935583,68.65,call,0.1463173066100789
2027-01-29,0.4328767123287671,8450.0,7785.753132925058,0.9831692610935583,59.3,call,0.1447519347159243
2027-01-29,0.4328767123287671,8475.0,7785.753132925058,0.9831692610935583,54.95,call,0.14394138739259282
2027-01-29,0.4328767123287671,8500.0,7785.753132925058,0.9831692610935583,51.05,call,0.14332097511322134
2027-01-29,0.4328767123287671,8550.0,7785.753132925058,0.9831692610935583,43.8,call,0.1420107013974161
2027-01-29,0.4328767123287671,8700.0,7785.753132925058,0.9831692610935583,27.0,call,0.13854171268065676
2027-01-29,0.4328767123287671,8800.0,7785.753132925058,0.9831692610935583,19.25,call,0.13668749219834342
2027-01-29,0.4328767123287671,9000.0,7785.753132925058,0.9831692610935583,9.7,call,0.13444497278655562
2027-01-29,0.4328767123287671,6350.0,7785.753132925058,0.9831692610935583,60.0,put,0.23579741899667095
2027-01-29,0.4328767123287671,6375.0,7785.753132925058,0.9831692610935583,61.45,put,0.23374058053952484
2027-01-29,0.4328767123287671,6425.0,7785.753132925058,0.9831692610935583,64.44999999999999,put,0.22960323746896155
2027-01-29,0.4328767123287671,6450.0,7785.753132925058,0.9831692610935583,66.19999999999999,put,0.22772955542079834
2027-01-29,0.4328767123287671,6600.0,7785.753132925058,0.9831692610935583,76.85,put,0.21555004017629636
2027-01-29,0.4328767123287671,6650.0,7785.753132925058,0.9831692610935583,80.85,put,0.2114996659628899
2027-01-29,0.4328767123287671,6750.0,7785.753132925058,0.9831692610935583,89.69999999999999,put,0.20346336891257194
2027-01-29,0.4328767123287671,6800.0,7785.753132925058,0.9831692610935583,94.4,put,0.19931880220206458
2027-01-29,0.4328767123287671,6850.0,7785.753132925058,0.9831692610935583,99.5,put,0.19524321817229148
2027-01-29,0.4328767123287671,6875.0,7785.753132925058,0.9831692610935583,102.25,put,0.193260185666602
2027-01-29,0.4328767123287671,7000.0,7785.753132925058,0.9831692610935583,116.80000000000001,put,0.18288658707127795
2027-01-29,0.4328767123287671,7025.0,7785.753132925058,0.9831692610935583,120.0,put,0.18079858224027864
2027-01-29,0.4328767123287671,7050.0,7785.753132925058,0.9831692610935583,123.25,put,0.17866836083670684
2027-01-29,0.4328767123287671,7075.0,7785.753132925058,0.9831692610935583,126.75,put,0.17662514572280186
2027-01-29,0.4328767123287671,7100.0,7785.753132925058,0.9831692610935583,130.35000000000002,put,0.17456479714406212
2027-01-29,0.4328767123287671,7125.0,7785.753132925058,0.9831692610935583,134.05,put,0.17248448982214568
2027-01-29,0.4328767123287671,7150.0,7785.753132925058,0.9831692610935583,137.75,put,0.17031931987800744
2027-01-29,0.4328767123287671,7160.0,7785.753132925058,0.9831692610935583,139.4,put,0.16953436695351162
2027-01-29,0.4328767123287671,7175.0,7785.753132925058,0.9831692610935583,141.75,put,0.16825265036735354
2027-01-29,0.4328767123287671,7190.0,7785.753132925058,0.9831692610935583,144.14999999999998,put,0.16696915634636858
2027-01-29,0.4328767123287671,7225.0,7785.753132925058,0.9831692610935583,150.05,put,0.16402504155371464
2027-01-29,0.4328767123287671,7240.0,7785.753132925058,0.9831692610935583,152.7,put,0.16277767806763796
2027-01-29,0.4328767123287671,7250.0,7785.753132925058,0.9831692610935583,154.45,put,0.16191667719246422
2027-01-29,0.4328767123287671,7260.0,7785.753132925058,0.9831692610935583,156.25,put,0.16106899418560447
2027-01-29,0.4328767123287671,7270.0,7785.753132925058,0.9831692610935583,158.05,put,0.16020526863479115
2027-01-29,0.4328767123287671,7300.0,7785.753132925058,0.9831692610935583,163.64999999999998,put,0.15763079257003226
2027-01-29,0.4328767123287671,7360.0,7785.753132925058,0.9831692610935583,175.75,put,0.15252423999183917
2027-01-29,0.4328767123287671,7375.0,7785.753132925058,0.9831692610935583,178.85000000000002,put,0.15118808494122535
2027-01-29,0.4328767123287671,7425.0,7785.753132925058,0.9831692610935583,189.75,put,0.14673445214647293
2027-01-29,0.4328767123287671,7430.0,7785.753132925058,0.9831692610935583,191.2,put,0.14645342631464683
2027-01-29,0.4328767123287671,7450.0,7785.753132925058,0.9831692610935583,196.0,put,0.1447456599407021
2027-01-29,0.4328767123287671,7470.0,7785.753132925058,0.9831692610935583,200.8,put,0.14295395429794006
2027-01-29,0.4328767123287671,7475.0,7785.753132925058,0.9831692610935583,202.0,put,0.14249275146743132
2027-01-29,0.4328767123287671,7480.0,7785.753132925058,0.9831692610935583,203.3,put,0.14207815484849903
2027-01-29,0.4328767123287671,7500.0,7785.753132925058,0.9831692610935583,208.4,put,0.14031211661865348
2027-01-29,0.4328767123287671,7525.0,7785.753132925058,0.9831692610935583,215.0,put,0.13809252606630235
2027-01-29,0.4328767123287671,7550.0,7785.753132925058,0.9831692610935583,221.9,put,0.13587838196408644
2027-01-29,0.4328767123287671,7575.0,7785.753132925058,0.9831692610935583,229.05,put,0.13363670335728003
2027-01-29,0.4328767123287671,7580.0,7785.753132925058,0.9831692610935583,230.4,put,0.13312899119823904
2027-01-29,0.4328767123287671,7600.0,7785.753132925058,0.9831692610935583,236.4,put,0.13133487265004942
2027-01-29,0.4328767123287671,7620.0,7785.753132925058,0.9831692610935583,242.55,put,0.12950796362479305
2027-01-29,0.4328767123287671,7625.0,7785.753132925058,0.9831692610935583,244.05,put,0.1290151747133254
2027-01-29,0.4328767123287671,7640.0,7785.753132925058,0.9831692610935583,248.8,put,0.12761908617141798
2027-01-29,0.4328767123287671,7650.0,7785.753132925058,0.9831692610935583,252.2,put,0.12676839131456616
2027-01-29,0.4328767123287671,7660.0,7785.753132925058,0.9831692610935583,255.3,put,0.12573849971469983
2027-01-29,0.4328767123287671,7690.0,7785.753132925058,0.9831692610935583,265.70000000000005,put,0.12301220765245306
2027-01-29,0.4328767123287671,7700.0,7785.753132925058,0.9831692610935583,269.20000000000005,put,0.12205638048925516
2027-01-29,0.4328767123287671,7710.0,7785.753132925058,0.9831692610935583,272.85,put,0.12114230056538396
2027-01-29,0.4328767123287671,7775.0,7785.753132925058,0.9831692610935583,297.35,put,0.11473058230875863
2027-02-19,0.4904109589041096,7825.0,7800.461194449743,0.9808762005446787,312.20000000000005,call,0.1819009137831019
2027-02-19,0.4904109589041096,7850.0,7800.461194449743,0.9808762005446787,298.3,call,0.18006282735175166
2027-02-19,0.4904109589041096,7900.0,7800.461194449743,0.9808762005446787,271.65,call,0.17654286231092348
2027-02-19,0.4904109589041096,7925.0,7800.461194449743,0.9808762005446787,258.85,call,0.17483314916629264
2027-02-19,0.4904109589041096,7950.0,7800.461194449743,0.9808762005446787,246.45,call,0.1731785092750252
2027-02-19,0.4904109589041096,7975.0,7800.461194449743,0.9808762005446787,234.3,call,0.1715046938718821
2027-02-19,0.4904109589041096,8000.0,7800.461194449743,0.9808762005446787,222.65,call,0.16993177170772633
2027-02-19,0.4904109589041096,8025.0,7800.461194449743,0.9808762005446787,211.3,call,0.16836116673003484
2027-02-19,0.4904109589041096,8125.0,7800.461194449743,0.9808762005446787,170.2,call,0.1627438968961544
2027-02-19,0.4904109589041096,8175.0,7800.461194449743,0.9808762005446787,152.15,call,0.16031260092761782
2027-02-19,0.4904109589041096,8200.0,7800.461194449743,0.9808762005446787,143.5,call,0.15906253739752005
2027-02-19,0.4904109589041096,8225.0,7800.461194449743,0.9808762005446787,135.25,call,0.1578715881800132
2027-02-19,0.4904109589041096,8250.0,7800.461194449743,0.9808762005446787,127.35,call,0.15671486716045505
2027-02-19,0.4904109589041096,8300.0,7800.461194449743,0.9808762005446787,112.9,call,0.15469422578885522
2027-02-19,0.4904109589041096,8350.0,7800.461194449743,0.9808762005446787,99.55,call,0.15268043897649555
2027-02-19,0.4904109589041096,8375.0,7800.461194449743,0.9808762005446787,93.5,call,0.15181704056239526
2027-02-19,0.4904109589041096,8400.0,7800.461194449743,0.9808762005446787,87.65,call,0.15091941378528798
2027-02-19,0.4904109589041096,8425.0,7800.461194449743,0.9808762005446787,82.25,call,0.15015696993846367
2027-02-19,0.4904109589041096,8450.0,7800.461194449743,0.9808762005446787,76.85,call,0.14922973449094268
2027-02-19,0.4904109589041096,8500.0,7800.461194449743,0.9808762005446787,67.25,call,0.1477241848927613
2027-02-19,0.4904109589041096,8525.0,7800.461194449743,0.9808762005446787,62.849999999999994,call,0.14702240964494068
2027-02-19,0.4904109589041096,8550.0,7800.461194449743,0.9808762005446787,58.650000000000006,call,0.14631151353580732
2027-02-19,0.4904109589041096,8575.0,7800.461194449743,0.9808762005446787,54.75,call,0.14567740667456489
2027-02-19,0.4904109589041096,8600.0,7800.461194449743,0.9808762005446787,50.95,call,0.14496188792103148
2027-02-19,0.4904109589041096,8625.0,7800.461194449743,0.9808762005446787,47.5,call,0.14438290180644112
2027-02-19,0.4904109589041096,8650.0,7800.461194449743,0.9808762005446787,44.2,call,0.14377683449772494
2027-02-19,0.4904109589041096,8675.0,7800.461194449743,0.9808762005446787,41.0,call,0.14309748984370638
2027-02-19,0.4904109589041096,8725.0,7800.461194449743,0.9808762005446787,35.400000000000006,call,0.14202849096184458
2027-02-19,0.4904109589041096,8775.0,7800.461194449743,0.9808762005446787,30.3,call,0.14083070753866556
2027-02-19,0.4904109589041096,8850.0,7800.461194449743,0.9808762005446787,24.1,call,0.1395136209387255
2027-02-19,0.4904109589041096,9000.0,7800.461194449743,0.9808762005446787,14.85,call,0.1370440943563293
2027-02-19,0.4904109589041096,9100.0,7800.461194449743,0.9808762005446787,10.8,call,0.13609328276432633
2027-02-19,0.4904109589041096,6275.0,7800.461194449743,0.9808762005446787,65.05,put,0.23699063467179313
2027-02-19,0.4904109589041096,6300.0,7800.461194449743,0.9808762005446787,66.6,put,0.23508839855660885
2027-02-19,0.4904109589041096,6325.0,7800.461194449743,0.9808762005446787,68.05000000000001,put,0.2330429150714531
2027-02-19,0.4904109589041096,6350.0,7800.461194449743,0.9808762005446787,69.8,put,0.23126080227775767
2027-02-19,0.4904109589041096,6375.0,7800.461194449743,0.9808762005446787,71.4,put,0.22928453111955677
2027-02-19,0.4904109589041096,6400.0,7800.461194449743,0.9808762005446787,73.05000000000001,put,0.2273159550329031
2027-02-19,0.4904109589041096,6425.0,7800.461194449743,0.9808762005446787,74.85,put,0.22544771201272742
2027-02-19,0.4904109589041096,6475.0,7800.461194449743,0.9808762005446787,78.5,put,0.22162039198461597
2027-02-19,0.4904109589041096,6500.0,7800.461194449743,0.9808762005446787,80.35,put,0.21966153969144367
2027-02-19,0.4904109589041096,6550.0,7800.461194449743,0.9808762005446787,84.45,put,0.21595485894392535
2027-02-19,0.4904109589041096,6575.0,7800.461194449743,0.9808762005446787,86.4,put,0.21394278797512276
2027-02-19,0.4904109589041096,6600.0,7800.461194449743,0.9808762005446787,88.5,put,0.21200984401824277
2027-02-19,0.4904109589041096,6650.0,7800.461194449743,0.9808762005446787,92.95,put,0.20819774239155944
2027-02-19,0.4904109589041096,6725.0,7800.461194449743,0.9808762005446787,100.0,put,0.20238369240119242
2027-02-19,0.4904109589041096,6750.0,7800.461194449743,0.9808762005446787,102.55,put,0.20048949022894993
2027-02-19,0.4904109589041096,6775.0,7800.461194449743,0.9808762005446787,105.15,put,0.19857536020917146
2027-02-19,0.4904109589041096,6875.0,7800.461194449743,0.9808762005446787,116.25,put,0.1908336246033646
2027-02-19,0.4904109589041096,6900.0,7800.461194449743,0.9808762005446787,119.15,put,0.1888343199759027
2027-02-19,0.4904109589041096,6950.0,7800.461194449743,0.9808762005446787,125.35,put,0.18491328321604078
2027-02-19,0.4904109589041096,6975.0,7800.461194449743,0.9808762005446787,128.65,put,0.1829839287888771
2027-02-19,0.4904109589041096,7000.0,7800.461194449743,0.9808762005446787,131.9,put,0.18095550480407124
2027-02-19,0.4904109589041096,7025.0,7800.461194449743,0.9808762005446787,135.45,put,0.17904590746426802
2027-02-19,0.4904109589041096,7075.0,7800.461194449743,0.9808762005446787,142.55,put,0.17501161238716192
2027-02-19,0.4904109589041096,7150.0,7800.461194449743,0.9808762005446787,154.25,put,0.16902532681823107
2027-02-19,0.4904109589041096,7175.0,7800.461194449743,0.9808762005446787,158.45,put,0.16704420775185289
2027-02-19,0.4904109589041096,7200.0,7800.461194449743,0.9808762005446787,162.5,put,0.1648975729582193
2027-02-19,0.4904109589041096,7225.0,7800.461194449743,0.9808762005446787,166.89999999999998,put,0.16286223464402697
2027-02-19,0.4904109589041096,7275.0,7800.461194449743,0.9808762005446787,176.2,put,0.15879941528551303
2027-02-19,0.4904109589041096,7350.0,7800.461194449743,0.9808762005446787,191.39999999999998,put,0.15266351923689334
2027-02-19,0.4904109589041096,7375.0,7800.461194449743,0.9808762005446787,196.75,put,0.15056532206497486
2027-02-19,0.4904109589041096,7400.0,7800.461194449743,0.9808762005446787,202.45,put,0.1485388632889504
2027-02-19,0.4904109589041096,7475.0,7800.461194449743,0.9808762005446787,220.35,put,0.14218551600202162
2027-02-19,0.4904109589041096,7500.0,7800.461194449743,0.9808762005446787,226.75,put,0.14004316218915033
2027-02-19,0.4904109589041096,7525.0,7800.461194449743,0.9808762005446787,233.45,put,0.1379192728421882
2027-02-19,0.4904109589041096,7600.0,7800.461194449743,0.9808762005446787,254.75,put,0.13130926134965454
2027-02-19,0.4904109589041096,7625.0,7800.461194449743,0.9808762005446787,262.35,put,0.129052507893153
2027-02-19,0.4904109589041096,7650.0,7800.461194449743,0.9808762005446787,270.4,put,0.12685064524034653
2027-02-19,0.4904109589041096,7675.0,7800.461194449743,0.9808762005446787,278.75,put,0.12462517809562258
2027-02-19,0.4904109589041096,7700.0,7800.461194449743,0.9808762005446787,287.2,put,0.12227419006383508
2027-02-19,0.4904109589041096,7725.0,7800.461194449743,0.9808762005446787,296.05,put,0.11992885772167242
2027-02-19,0.4904109589041096,7750.0,7800.461194449743,0.9808762005446787,305.25,put,0.11755591142746905
2027-02-19,0.4904109589041096,7775.0,7800.461194449743,0.9808762005446787,314.54999999999995,put,0.11502619894540551
2027-02-19,0.4904109589041096,7800.0,7800.461194449743,0.9808762005446787,324.35,put,0.11251600777925695
2027-03-19,0.5671232876712329,7825.0,7818.610970163602,0.9778659099734914,356.65,call,0.18974878801631267
2027-03-19,0.5671232876712329,7850.0,7818.610970163602,0.9778659099734914,342.35,call,0.18789998063335725
2027-03-19,0.5671232876712329,7875.0,7818.610970163602,0.9778659099734914,328.54999999999995,call,0.1861653278801328
2027-03-19,0.5671232876712329,7900.0,7818.610970163602,0.9778659099734914,314.95,call,0.18441138041177355
2027-03-19,0.5671232876712329,7950.0,7818.610970163602,0.9778659099734914,288.9,call,0.18108101941205781
2027-03-19,0.5671232876712329,7975.0,7818.610970163602,0.9778659099734914,276.3,call,0.17943508892059284
2027-03-19,0.5671232876712329,8000.0,7818.610970163602,0.9778659099734914,264.2,call,0.17789754253232293
2027-03-19,0.5671232876712329,8025.0,7818.610970163602,0.9778659099734914,252.35,call,0.1763551657409844
2027-03-19,0.5671232876712329,8050.0,7818.610970163602,0.9778659099734914,241.0,call,0.17492093628040092
2027-03-19,0.5671232876712329,8075.0,7818.610970163602,0.9778659099734914,229.55,call,0.17331824828098588
2027-03-19,0.5671232876712329,8100.0,7818.610970163602,0.9778659099734914,218.85,call,0.17193849057774876
2027-03-19,0.5671232876712329,8150.0,7818.610970163602,0.9778659099734914,198.3,call,0.16920162420880389
2027-03-19,0.5671232876712329,8175.0,7818.610970163602,0.9778659099734914,188.55,call,0.16789152995726878
2027-03-19,0.5671232876712329,8200.0,7818.610970163602,0.9778659099734914,179.45,call,0.16676889423407973
2027-03-19,0.5671232876712329,8275.0,7818.610970163602,0.9778659099734914,153.2,call,0.1631399344777102
2027-03-19,0.5671232876712329,8375.0,7818.610970163602,0.9778659099734914,123.25,call,0.15904550789558616
2027-03-19,0.5671232876712329,8400.0,7818.610970163602,0.9778659099734914,116.6,call,0.15814285859386265
2027-03-19,0.5671232876712329,8425.0,7818.610970163602,0.9778659099734914,110.30000000000001,call,0.15730572425025835
2027-03-19,0.5671232876712329,8450.0,7818.610970163602,0.9778659099734914,104.1,call,0.156391382892353
2027-03-19,0.5671232876712329,8475.0,7818.610970163602,0.9778659099734914,98.1,call,0.1554567205333912
2027-03-19,0.5671232876712329,8500.0,7818.610970163602,0.9778659099734914,92.45,call,0.15459571136062247
2027-03-19,0.5671232876712329,8525.0,7818.610970163602,0.9778659099734914,87.3,call,0.15391249582935193
2027-03-19,0.5671232876712329,8575.0,7818.610970163602,0.9778659099734914,77.4,call,0.15240260541863776
2027-03-19,0.5671232876712329,8600.0,7818.610970163602,0.9778659099734914,72.75,call,0.15164253277229073
2027-03-19,0.5671232876712329,8625.0,7818.610970163602,0.9778659099734914,68.35,call,0.15091833408607858
2027-03-19,0.5671232876712329,8700.0,7818.610970163602,0.9778659099734914,56.5,call,0.14891105831099016
2027-03-19,0.5671232876712329,8775.0,7818.610970163602,0.9778659099734914,46.5,call,0.14714272546098517
2027-03-19,0.5671232876712329,8850.0,7818.610970163602,0.9778659099734914,37.9,call,0.14537696267702038
2027-03-19,0.5671232876712329,8900.0,7818.610970163602,0.9778659099734914,33.099999999999994,call,0.14443437194275144
2027-03-19,0.5671232876712329,9000.0,7818.610970163602,0.9778659099734914,24.85,call,0.14243079071416156
2027-03-19,0.5671232876712329,9100.0,7818.610970163602,0.9778659099734914,18.65,call,0.14092725635523265
2027-03-19,0.5671232876712329,9200.0,7818.610970163602,0.9778659099734914,13.899999999999999,call,0.13963822487203081
2027-03-19,0.5671232876712329,6300.0,7818.610970163602,0.9778659099734914,80.1,put,0.2305715713621438
2027-03-19,0.5671232876712329,6325.0,7818.610970163602,0.9778659099734914,81.85,put,0.22871630772449625
2027-03-19,0.5671232876712329,6400.0,7818.610970163602,0.9778659099734914,87.65,put,0.22339182623091638
2027-03-19,0.5671232876712329,6425.0,7818.610970163602,0.9778659099734914,89.65,put,0.221590766066223
2027-03-19,0.5671232876712329,6475.0,7818.610970163602,0.9778659099734914,93.85,put,0.21802485773932873
2027-03-19,0.5671232876712329,6500.0,7818.610970163602,0.9778659099734914,95.95,put,0.21617822938960474
2027-03-19,0.5671232876712329,6525.0,7818.610970163602,0.9778659099734914,98.15,put,0.2143667306343745
2027-03-19,0.5671232876712329,6575.0,7818.610970163602,0.9778659099734914,102.8,put,0.21079950662604213
2027-03-19,0.5671232876712329,6600.0,7818.610970163602,0.9778659099734914,105.2,put,0.20900261833113806
2027-03-19,0.5671232876712329,6625.0,7818.610970163602,0.9778659099734914,107.7,put,0.20723118629717452
2027-03-19,0.5671232876712329,6650.0,7818.610970163602,0.9778659099734914,110.15,put,0.2053768940871858
2027-03-19,0.5671232876712329,6675.0,7818.610970163602,0.9778659099734914,112.75,put,0.20358053293964762
2027-03-19,0.5671232876712329,6700.0,7818.610970163602,0.9778659099734914,115.5,put,0.20183762109587328
2027-03-19,0.5671232876712329,6750.0,7818.610970163602,0.9778659099734914,120.95,put,0.1981659420399731
2027-03-19,0.5671232876712329,6800.0,7818.610970163602,0.9778659099734914,126.85,put,0.19458368830371248
2027-03-19,0.5671232876712329,6900.0,7818.610970163602,0.9778659099734914,139.4,put,0.18723858474443456
2027-03-19,0.5671232876712329,6950.0,7818.610970163602,0.9778659099734914,146.3,put,0.18360071538642506
2027-03-19,0.5671232876712329,6975.0,7818.610970163602,0.9778659099734914,149.8,put,0.18172144307404312
2027-03-19,0.5671232876712329,7000.0,7818.610970163602,0.9778659099734914,153.4,put,0.17983887932919218
2027-03-19,0.5671232876712329,7100.0,7818.610970163602,0.9778659099734914,169.25,put,0.17247175024730937
2027-03-19,0.5671232876712329,7125.0,7818.610970163602,0.9778659099734914,173.3,put,0.17051056745736415
2027-03-19,0.5671232876712329,7150.0,7818.610970163602,0.9778659099734914,177.65,put,0.16863754320827767
2027-03-19,0.5671232876712329,7175.0,7818.610970163602,0.9778659099734914,182.05,put,0.16671846843668103
2027-03-19,0.5671232876712329,7200.0,7818.610970163602,0.9778659099734914,186.7,put,0.1648532395184282
2027-03-19,0.5671232876712329,7250.0,7818.610970163602,0.9778659099734914,196.15,put,0.1609685754834597
2027-03-19,0.5671232876712329,7275.0,7818.610970163602,0.9778659099734914,201.2,put,0.15906829144703796
2027-03-19,0.5671232876712329,7300.0,7818.610970163602,0.9778659099734914,206.39999999999998,put,0.15715821480626324
2027-03-19,0.5671232876712329,7325.0,7818.610970163602,0.9778659099734914,211.6,put,0.15516374113957576
2027-03-19,0.5671232876712329,7350.0,7818.610970163602,0.9778659099734914,217.1,put,0.15322539076750935
2027-03-19,0.5671232876712329,7375.0,7818.610970163602,0.9778659099734914,222.7,put,0.15124432626156464
2027-03-19,0.5671232876712329,7400.0,7818.610970163602,0.9778659099734914,228.45,put,0.1492410113174475
2027-03-19,0.5671232876712329,7425.0,7818.610970163602,0.9778659099734914,234.45,put,0.14725779089664623
2027-03-19,0.5671232876712329,7475.0,7818.610970163602,0.9778659099734914,246.8,put,0.1431522998168895
2027-03-19,0.5671232876712329,7500.0,7818.610970163602,0.9778659099734914,253.25,put,0.1410678609382574
2027-03-19,0.5671232876712329,7525.0,7818.610970163602,0.9778659099734914,260.1,put,0.13905273361190565
2027-03-19,0.5671232876712329,7550.0,7818.610970163602,0.9778659099734914,267.04999999999995,put,0.1369679902655427
2027-03-19,0.5671232876712329,7575.0,7818.610970163602,0.9778659099734914,274.1,put,0.13480947174369917
2027-03-19,0.5671232876712329,7600.0,7818.610970163602,0.9778659099734914,281.8,put,0.13281339080929394
2027-03-19,0.5671232876712329,7650.0,7818.610970163602,0.9778659099734914,297.0,put,0.12834238873694456
2027-03-19,0.5671232876712329,7700.0,7818.610970163602,0.9778659099734914,313.6,put,0.12392001398893741
2027-03-19,0.5671232876712329,7725.0,7818.610970163602,0.9778659099734914,322.4,put,0.12169823207774225
2027-03-19,0.5671232876712329,7750.0,7818.610970163602,0.9778659099734914,331.3,put,0.11935696953087693
2027-03-19,0.5671232876712329,7775.0,7818.610970163602,0.9778659099734914,340.6,put,0.11701831654563491
2027-03-19,0.5671232876712329,7800.0,7818.610970163602,0.9778659099734914,350.25,put,0.11465105759301798
2027-03-31,0.6,7830.0,7826.0459458351725,0.9765786394080872,369.45000000000005,call,0.19133550945156627
2027-03-31,0.6,7835.0,7826.0459458351725,0.9765786394080872,366.85,call,0.1910916764895385
2027-03-31,0.6,7840.0,7826.0459458351725,0.9765786394080872,363.75,call,0.19063134726264616
2027-03-31,0.6,7845.0,7826.0459458351725,0.9765786394080872,360.95000000000005,call,0.19029474767607296
2027-03-31,0.6,7860.0,7826.0459458351725,0.9765786394080872,352.45000000000005,call,0.18921896781611816
2027-03-31,0.6,7875.0,7826.0459458351725,0.9765786394080872,344.5,call,0.18834247663407175
2027-03-31,0.6,7890.0,7826.0459458351725,0.9765786394080872,336.1,call,0.18723803006020504
2027-03-31,0.6,8000.0,7826.0459458351725,0.9765786394080872,279.25,call,0.18003943291902455
2027-03-31,0.6,8025.0,7826.0459458351725,0.9765786394080872,267.15,call,0.1784693057180195
2027-03-31,0.6,8040.0,7826.0459458351725,0.9765786394080872,260.2,call,0.17761043071143504
2027-03-31,0.6,8060.0,7826.0459458351725,0.9765786394080872,251.05,call,0.17645430165039705
2027-03-31,0.6,8090.0,7826.0459458351725,0.9765786394080872,237.6,call,0.17470597123790504
2027-03-31,0.6,8100.0,7826.0459458351725,0.9765786394080872,233.1,call,0.17407829374339537
2027-03-31,0.6,8125.0,7826.0459458351725,0.9765786394080872,222.45,call,0.17269830950772355
2027-03-31,0.6,8150.0,7826.0459458351725,0.9765786394080872,212.3,call,0.1714296113555175
2027-03-31,0.6,8250.0,7826.0459458351725,0.9765786394080872,174.3,call,0.16636907366594506
2027-03-31,0.6,8350.0,7826.0459458351725,0.9765786394080872,141.8,call,0.16200565303723904
2027-03-31,0.6,8400.0,7826.0459458351725,0.9765786394080872,127.55,call,0.1600987856233009
2027-03-31,0.6,8800.0,7826.0459458351725,0.9765786394080872,49.95,call,0.1483465379644818
2027-03-31,0.6,8900.0,7826.0459458351725,0.9765786394080872,38.45,call,0.1460677451874353
2027-03-31,0.6,6285.0,7826.0459458351725,0.9765786394080872,83.94999999999999,put,0.22921312725503118
2027-03-31,0.6,6300.0,7826.0459458351725,0.9765786394080872,85.15,put,0.22823082104835807
2027-03-31,0.6,6400.0,7826.0459458351725,0.9765786394080872,93.0,put,0.22118949050037245
2027-03-31,0.6,6420.0,7826.0459458351725,0.9765786394080872,94.69999999999999,put,0.21980993973029192
2027-03-31,0.6,6425.0,7826.0459458351725,0.9765786394080872,95.1,put,0.21944142024604002
2027-03-31,0.6,6445.0,7826.0459458351725,0.9765786394080872,96.80000000000001,put,0.21802938126373703
2027-03-31,0.6,6460.0,7826.0459458351725,0.9765786394080872,98.1,put,0.21697248429527038
2027-03-31,0.6,6475.0,7826.0459458351725,0.9765786394080872,99.4,put,0.21590087373768146
2027-03-31,0.6,6480.0,7826.0459458351725,0.9765786394080872,153.7,put,0.2532117821152131
2027-03-31,0.6,6495.0,7826.0459458351725,0.9765786394080872,147.15,put,0.24663745164273485
2027-03-31,0.6,6525.0,7826.0459458351725,0.9765786394080872,103.95,put,0.2123826869842586
2027-03-31,0.6,6535.0,7826.0459458351725,0.9765786394080872,104.9,put,0.2116878598105253
2027-03-31,0.6,6545.0,7826.0459458351725,0.9765786394080872,161.75,put,0.2485864656241535
2027-03-31,0.6,6565.0,7826.0459458351725,0.9765786394080872,107.80000000000001,put,0.20959706060475547
2027-03-31,0.6,6580.0,7826.0459458351725,0.9765786394080872,109.25,put,0.2085278870338178
2027-03-31,0.6,6640.0,7826.0459458351725,0.9765786394080872,115.4,put,0.2043329073123138
2027-03-31,0.6,6685.0,7826.0459458351725,0.9765786394080872,120.30000000000001,put,0.2012045327507912
2027-03-31,0.6,6695.0,7826.0459458351725,0.9765786394080872,121.35,put,0.2004630041428225
2027-03-31,0.6,6705.0,7826.0459458351725,0.9765786394080872,122.5,put,0.19977911781426658
2027-03-31,0.6,6735.0,7826.0459458351725,0.9765786394080872,125.85,put,0.19761604558940804
2027-03-31,0.6,6745.0,7826.0459458351725,0.9765786394080872,127.1,put,0.1969640633882867
2027-03-31,0.6,6760.0,7826.0459458351725,0.9765786394080872,128.8,put,0.19586033558552854
2027-03-31,0.6,6765.0,7826.0459458351725,0.9765786394080872,129.4,put,0.19550940945158454
2027-03-31,0.6,6775.0,7826.0459458351725,0.9765786394080872,130.6,put,0.19480145165491164
2027-03-31,0.6,6780.0,7826.0459458351725,0.9765786394080872,131.2,put,0.19444442971037565
2027-03-31,0.6,6800.0,7826.0459458351725,0.9765786394080872,133.6,put,0.192996160908744
2027-03-31,0.6,6830.0,7826.0459458351725,0.9765786394080872,137.4,put,0.19088361743058385
2027-03-31,0.6,6835.0,7826.0459458351725,0.9765786394080872,180.10000000000002,put,0.21487605129561732
2027-03-31,0.6,6840.0,7826.0459458351725,0.9765786394080872,138.7,put,0.19018242837381427
2027-03-31,0.6,6870.0,7826.0459458351725,0.9765786394080872,142.55,put,0.18799799505848822
2027-03-31,0.6,6880.0,7826.0459458351725,0.9765786394080872,187.10000000000002,put,0.21168266016416434
2027-03-31,0.6,6885.0,7826.0459458351725,0.9765786394080872,253.3,put,0.24620391690743246
2027-03-31,0.6,6925.0,7826.0459458351725,0.9765786394080872,150.1,put,0.18407551047123855
2027-03-31,0.6,6935.0,7826.0459458351725,0.9765786394080872,151.5,put,0.18334870596562544
2027-03-31,0.6,6950.0,7826.0459458351725,0.9765786394080872,153.7,put,0.18229738796236486
2027-03-31,0.6,6960.0,7826.0459458351725,0.9765786394080872,155.1,put,0.18154771297525388
2027-03-31,0.6,6970.0,7826.0459458351725,0.9765786394080872,156.6,put,0.18084423791669066
2027-03-31,0.6,6985.0,7826.0459458351725,0.9765786394080872,158.8,put,0.17974368183667494
2027-03-31,0.6,6990.0,7826.0459458351725,0.9765786394080872,159.6,put,0.1794085177125262
2027-03-31,0.6,7000.0,7826.0459458351725,0.9765786394080872,161.1,put,0.17867631633814515
2027-03-31,0.6,7010.0,7826.0459458351725,0.9765786394080872,162.6,put,0.17793457762571627
2027-03-31,0.6,7030.0,7826.0459458351725,0.9765786394080872,165.75,put,0.1765025566134123
2027-03-31,0.6,7040.0,7826.0459458351725,0.9765786394080872,167.25,put,0.17573183783295487
2027-03-31,0.6,7070.0,7826.0459458351725,0.9765786394080872,172.1,put,0.1735453800001411
2027-03-31,0.6,7090.0,7826.0459458351725,0.9765786394080872,175.45,put,0.17209723786972672
2027-03-31,0.6,7110.0,7826.0459458351725,0.9765786394080872,178.85000000000002,put,0.17063280731069347
2027-03-31,0.6,7120.0,7826.0459458351725,0.9765786394080872,180.64999999999998,put,0.16993552809673354
2027-03-31,0.6,7160.0,7826.0459458351725,0.9765786394080872,187.6,put,0.1669108180465648
2027-03-31,0.6,7170.0,7826.0459458351725,0.9765786394080872,189.55,put,0.1662328989932139
2027-03-31,0.6,7180.0,7826.0459458351725,0.9765786394080872,191.25,put,0.16541986706332615
2027-03-31,0.6,7190.0,7826.0459458351725,0.9765786394080872,193.2,put,0.164718795621706
2027-03-31,0.6,7230.0,7826.0459458351725,0.9765786394080872,200.75,put,0.16167515088126272
2027-03-31,0.6,7240.0,7826.0459458351725,0.9765786394080872,202.75,put,0.16093897476137245
2027-03-31,0.6,7250.0,7826.0459458351725,0.9765786394080872,204.75,put,0.16019057746729082
2027-03-31,0.6,7260.0,7826.0459458351725,0.9765786394080872,206.75,put,0.15942992948350942
2027-03-31,0.6,7270.0,7826.0459458351725,0.9765786394080872,208.85000000000002,put,0.1587042426734454
2027-03-31,0.6,7300.0,7826.0459458351725,0.9765786394080872,215.05,put,0.15640393049494802
2027-03-31,0.6,7325.0,7826.0459458351725,0.9765786394080872,220.35000000000002,put,0.15446096542592685
2027-03-31,0.6,7330.0,7826.0459458351725,0.9765786394080872,221.55,put,0.15412704758701193
2027-03-31,0.6,7350.0,7826.0459458351725,0.9765786394080872,225.95,put,0.15257315338958488
2027-03-31,0.6,7380.0,7826.0459458351725,0.9765786394080872,232.8,put,0.15025325564220893
2027-03-31,0.6,7400.0,7826.0459458351725,0.9765786394080872,237.4,put,0.14865124627077617
2027-03-31,0.6,7425.0,7826.0459458351725,0.9765786394080872,243.5,put,0.1467234705431159
2027-03-31,0.6,7440.0,7826.0459458351725,0.9765786394080872,247.14999999999998,put,0.14551735916578162
2027-03-31,0.6,7445.0,7826.0459458351725,0.9765786394080872,248.4,put,0.14512245909744753
2027-03-31,0.6,7475.0,7826.0459458351725,0.9765786394080872,256.1,put,0.14275884989473236
2027-03-31,0.6,7495.0,7826.0459458351725,0.9765786394080872,261.20000000000005,put,0.1410886312154665
2027-03-31,0.6,7500.0,7826.0459458351725,0.9765786394080872,262.6,put,0.1407152392952181
2027-03-31,0.6,7505.0,7826.0459458351725,0.9765786394080872,263.9,put,0.14029420646240717
2027-03-31,0.6,7510.0,7826.0459458351725,0.9765786394080872,265.20000000000005,put,0.13986901884768962
2027-03-31,0.6,7515.0,7826.0459458351725,0.9765786394080872,266.6,put,0.13948293855869962
2027-03-31,0.6,7525.0,7826.0459458351725,0.9765786394080872,269.20000000000005,put,0.13861146764651328
2027-03-31,0.6,7545.0,7826.0459458351725,0.9765786394080872,274.9,put,0.1370322010647856
2027-03-31,0.6,7550.0,7826.0459458351725,0.9765786394080872,276.29999999999995,put,0.13661551890762724
2027-03-31,0.6,7555.0,7826.0459458351725,0.9765786394080872,277.70000000000005,put,0.13619435505771135
2027-03-31,0.6,7575.0,7826.0459458351725,0.9765786394080872,283.4,put,0.1345070350104676
2027-03-31,0.6,7585.0,7826.0459458351725,0.9765786394080872,286.25,put,0.133635577580647
2027-03-31,0.6,7590.0,7826.0459458351725,0.9765786394080872,287.79999999999995,put,0.13324608404681484
2027-03-31,0.6,7600.0,7826.0459458351725,0.9765786394080872,290.79999999999995,put,0.13240997615124894
2027-03-31,0.6,7615.0,7826.0459458351725,0.9765786394080872,458.0,put,0.20030733464807993
2027-03-31,0.6,7630.0,7826.0459458351725,0.9765786394080872,300.04999999999995,put,0.1298895436519107
2027-03-31,0.6,7635.0,7826.0459458351725,0.9765786394080872,301.6,put,0.12945529597771752
2027-03-31,0.6,7660.0,7826.0459458351725,0.9765786394080872,309.54999999999995,put,0.12729022958484446
2027-03-31,0.6,7685.0,7826.0459458351725,0.9765786394080872,317.85,put,0.1251377726804963
2027-03-31,0.6,7710.0,7826.0459458351725,0.9765786394080872,326.1,put,0.12282177223840812
2027-03-31,0.6,7720.0,7826.0459458351725,0.9765786394080872,329.75,put,0.1220022289240455
2027-03-31,0.6,7730.0,7826.0459458351725,0.9765786394080872,333.25,put,0.12109467353258016
2027-03-31,0.6,7735.0,7826.0459458351725,0.9765786394080872,335.0,put,0.12063155610288946
2027-03-31,0.6,7740.0,7826.0459458351725,0.9765786394080872,336.85,put,0.1202046230323525
2027-03-31,0.6,7770.0,7826.0459458351725,0.9765786394080872,347.70000000000005,put,0.11740028288908759
2027-03-31,0.6,7775.0,7826.0459458351725,0.9765786394080872,349.54999999999995,put,0.11692716672628627
2027-03-31,0.6,7785.0,7826.0459458351725,0.9765786394080872,353.20000000000005,put,0.1159385819077403
2027-03-31,0.6,7800.0,7826.0459458351725,0.9765786394080872,359.04999999999995,put,0.11456318816128065
2027-03-31,0.6,7805.0,7826.0459458351725,0.9765786394080872,361.05,put,0.11411177157556623
2027-03-31,0.6,7810.0,7826.0459458351725,0.9765786394080872,362.95000000000005,put,0.11360977198765744
2027-04-16,0.6438356164383562,7850.0,7845.635245490763,0.9748616360674083,386.65,call,0.19400507800040184
2027-04-16,0.6438356164383562,7900.0,7845.635245490763,0.9748616360674083,358.5,call,0.19055142362321428
2027-04-16,0.6438356164383562,7975.0,7845.635245490763,0.9748616360674083,318.54999999999995,call,0.18561782490717754
2027-04-16,0.6438356164383562,8000.0,7845.635245490763,0.9748616360674083,305.8,call,0.18401705309103972
2027-04-16,0.6438356164383562,8050.0,7845.635245490763,0.9748616360674083,281.54999999999995,call,0.1810432878799657
2027-04-16,0.6438356164383562,8100.0,7845.635245490763,0.9748616360674083,258.1,call,0.17800040040420717
2027-04-16,0.6438356164383562,8150.0,7845.635245490763,0.9748616360674083,236.25,call,0.1752250971151142
2027-04-16,0.6438356164383562,8200.0,7845.635245490763,0.9748616360674083,215.65,call,0.1725666510690251
2027-04-16,0.6438356164383562,8250.0,7845.635245490763,0.9748616360674083,196.55,call,0.17014063016737244
2027-04-16,0.6438356164383562,8300.0,7845.635245490763,0.9748616360674083,178.45,call,0.16772413585236678
2027-04-16,0.6438356164383562,8350.0,7845.635245490763,0.9748616360674083,162.05,call,0.1656561555145122
2027-04-16,0.6438356164383562,8375.0,7845.635245490763,0.9748616360674083,154.3,call,0.16467036812433478
2027-04-16,0.6438356164383562,8400.0,7845.635245490763,0.9748616360674083,146.7,call,0.16364371555637794
2027-04-16,0.6438356164383562,8425.0,7845.635245490763,0.9748616360674083,139.3,call,0.16260005368491626
2027-04-16,0.6438356164383562,8475.0,7845.635245490763,0.9748616360674083,125.69999999999999,call,0.160779945247321
2027-04-16,0.6438356164383562,8500.0,7845.635245490763,0.9748616360674083,119.25,call,0.15987981819287844
2027-04-16,0.6438356164383562,8550.0,7845.635245490763,0.9748616360674083,107.5,call,0.158362877549894
2027-04-16,0.6438356164383562,8575.0,7845.635245490763,0.9748616360674083,101.9,call,0.1575871396495469
2027-04-16,0.6438356164383562,8600.0,7845.635245490763,0.9748616360674083,96.45,call,0.15678098400604565
2027-04-16,0.6438356164383562,8625.0,7845.635245490763,0.9748616360674083,91.4,call,0.15609649034970877
2027-04-16,0.6438356164383562,8650.0,7845.635245490763,0.9748616360674083,86.5,call,0.15538824071822305
2027-04-16,0.6438356164383562,8750.0,7845.635245490763,0.9748616360674083,68.9,call,0.15267045454179567
2027-04-16,0.6438356164383562,8800.0,7845.635245490763,0.9748616360674083,61.3,call,0.15143093519723747
2027-04-16,0.6438356164383562,8850.0,7845.635245490763,0.9748616360674083,54.4,call,0.1502431750135087
2027-04-16,0.6438356164383562,9000.0,7845.635245490763,0.9748616360674083,37.5,call,0.14701891906003087
2027-04-16,0.6438356164383562,9200.0,7845.635245490763,0.9748616360674083,22.15,call,0.14342764379696657
2027-04-16,0.6438356164383562,9300.0,7845.635245490763,0.9748616360674083,16.950000000000003,call,0.14211171178322202
2027-04-16,0.6438356164383562,6350.0,7845.635245490763,0.9748616360674083,96.85,put,0.22363931065897535
2027-04-16,0.6438356164383562,6400.0,7845.635245490763,0.9748616360674083,101.15,put,0.22025721705699886
2027-04-16,0.6438356164383562,6450.0,7845.635245490763,0.9748616360674083,105.65,put,0.21686942151436234
2027-04-16,0.6438356164383562,6475.0,7845.635245490763,0.9748616360674083,108.05,put,0.21522391429563073
2027-04-16,0.6438356164383562,6500.0,7845.635245490763,0.9748616360674083,110.45,put,0.21353720576902474
2027-04-16,0.6438356164383562,6575.0,7845.635245490763,0.9748616360674083,117.9,put,0.20840321856167815
2027-04-16,0.6438356164383562,6600.0,7845.635245490763,0.9748616360674083,120.5,put,0.20668681964531338
2027-04-16,0.6438356164383562,6625.0,7845.635245490763,0.9748616360674083,123.30000000000001,put,0.20505724481544665
2027-04-16,0.6438356164383562,6650.0,7845.635245490763,0.9748616360674083,126.0,put,0.20331868731184533
2027-04-16,0.6438356164383562,6675.0,7845.635245490763,0.9748616360674083,128.9,put,0.20166223068056272
2027-04-16,0.6438356164383562,6750.0,7845.635245490763,0.9748616360674083,137.75,put,0.19650789942611077
2027-04-16,0.6438356164383562,6800.0,7845.635245490763,0.9748616360674083,144.14999999999998,put,0.19313359306828526
2027-04-16,0.6438356164383562,6850.0,7845.635245490763,0.9748616360674083,150.65,put,0.1896206233834436
2027-04-16,0.6438356164383562,6875.0,7845.635245490763,0.9748616360674083,154.05,put,0.18787413409647466
2027-04-16,0.6438356164383562,7000.0,7845.635245490763,0.9748616360674083,172.55,put,0.1791632701609366
2027-04-16,0.6438356164383562,7125.0,7845.635245490763,0.9748616360674083,193.55,put,0.17031696919114514
2027-04-16,0.6438356164383562,7200.0,7845.635245490763,0.9748616360674083,207.45,put,0.16489569833068224
2027-04-16,0.6438356164383562,7225.0,7845.635245490763,0.9748616360674083,212.45,put,0.1631271737370137
2027-04-16,0.6438356164383562,7275.0,7845.635245490763,0.9748616360674083,222.5,put,0.15940240496398053
2027-04-16,0.6438356164383562,7350.0,7845.635245490763,0.9748616360674083,238.85,put,0.15383875265901864
2027-04-16,0.6438356164383562,7375.0,7845.635245490763,0.9748616360674083,244.60000000000002,put,0.15196087698640756
2027-04-16,0.6438356164383562,7450.0,7845.635245490763,0.9748616360674083,262.65,put,0.14617440323750444
2027-04-16,0.6438356164383562,7500.0,7845.635245490763,0.9748616360674083,275.85,put,0.14236960654694575
2027-04-16,0.6438356164383562,7600.0,7845.635245490763,0.9748616360674083,303.75,put,0.1342078411924018
2027-04-16,0.6438356164383562,7625.0,7845.635245490763,0.9748616360674083,311.6,put,0.1322607256589303
2027-04-16,0.6438356164383562,7675.0,7845.635245490763,0.9748616360674083,326.9,put,0.12785018796147665
2027-04-16,0.6438356164383562,7700.0,7845.635245490763,0.9748616360674083,335.1,put,0.12568297701461026
2027-04-16,0.6438356164383562,7750.0,7845.635245490763,0.9748616360674083,352.45000000000005,put,0.12133224097237735
2027-05-21,0.7397260273972602,7950.0,7875.744739969014,0.9711031971776679,384.15,call,0.1950277430811331
2027-05-21,0.7397260273972602,8025.0,7875.744739969014,0.9711031971776679,344.55,call,0.1902955040823168
2027-05-21,0.7397260273972602,8075.0,7875.744739969014,0.9711031971776679,319.6,call,0.18729603199191683
2027-05-21,0.7397260273972602,8150.0,7875.744739969014,0.9711031971776679,284.65,call,0.18313583304938483
2027-05-21,0.7397260273972602,8175.0,7875.744739969014,0.9711031971776679,273.35,call,0.18171344806456668
2027-05-21,0.7397260273972602,8225.0,7875.744739969014,0.9711031971776679,251.7,call,0.1789815695363799
2027-05-21,0.7397260273972602,8325.0,7875.744739969014,0.9711031971776679,212.7,call,0.17419106502068707
2027-05-21,0.7397260273972602,8350.0,7875.744739969014,0.9711031971776679,203.55,call,0.17301238384579934
2027-05-21,0.7397260273972602,8375.0,7875.744739969014,0.9711031971776679,194.85,call,0.17193360334318702
2027-05-21,0.7397260273972602,8400.0,7875.744739969014,0.9711031971776679,186.39999999999998,call,0.1708691454028904
2027-05-21,0.7397260273972602,8425.0,7875.744739969014,0.9711031971776679,178.35,call,0.16988753699037581
2027-05-21,0.7397260273972602,8450.0,7875.744739969014,0.9711031971776679,170.3,call,0.16880848022738118
2027-05-21,0.7397260273972602,8475.0,7875.744739969014,0.9711031971776679,162.8,call,0.16788459744823553
2027-05-21,0.7397260273972602,8500.0,7875.744739969014,0.9711031971776679,155.45,call,0.1669336557410549
2027-05-21,0.7397260273972602,8525.0,7875.744739969014,0.9711031971776679,148.35,call,0.1660029861829215
2027-05-21,0.7397260273972602,8550.0,7875.744739969014,0.9711031971776679,141.65,call,0.16516786575920833
2027-05-21,0.7397260273972602,8575.0,7875.744739969014,0.9711031971776679,135.25,call,0.1643840499642674
2027-05-21,0.7397260273972602,8600.0,7875.744739969014,0.9711031971776679,128.85,call,0.16350220615822922
2027-05-21,0.7397260273972602,8625.0,7875.744739969014,0.9711031971776679,122.94999999999999,call,0.16277747505724263
2027-05-21,0.7397260273972602,8650.0,7875.744739969014,0.9711031971776679,117.05000000000001,call,0.16195499238203992
2027-05-21,0.7397260273972602,8725.0,7875.744739969014,0.9711031971776679,100.94999999999999,call,0.15975336019151284
2027-05-21,0.7397260273972602,8800.0,7875.744739969014,0.9711031971776679,86.80000000000001,call,0.15777330184800123
2027-05-21,0.7397260273972602,8850.0,7875.744739969014,0.9711031971776679,78.30000000000001,call,0.15652748201832173
2027-05-21,0.7397260273972602,8900.0,7875.744739969014,0.9711031971776679,70.55,call,0.15537205567668955
2027-05-21,0.7397260273972602,9300.0,7875.744739969014,0.9711031971776679,28.35,call,0.1473659132258538
2027-05-21,0.7397260273972602,9400.0,7875.744739969014,0.9711031971776679,22.2,call,0.14581382627490863
2027-05-21,0.7397260273972602,6325.0,7875.744739969014,0.9711031971776679,111.65,put,0.22216740841052218
2027-05-21,0.7397260273972602,6350.0,7875.744739969014,0.9711031971776679,114.15,put,0.22069165629284287
2027-05-21,0.7397260273972602,6375.0,7875.744739969014,0.9711031971776679,116.35,put,0.21897736140161006
2027-05-21,0.7397260273972602,6475.0,7875.744739969014,0.9711031971776679,126.5,put,0.21266387739925563
2027-05-21,0.7397260273972602,6500.0,7875.744739969014,0.9711031971776679,129.2,put,0.21109616501999984
2027-05-21,0.7397260273972602,6525.0,7875.744739969014,0.9711031971776679,131.9,put,0.2094905731870918
2027-05-21,0.7397260273972602,6550.0,7875.744739969014,0.9711031971776679,134.7,put,0.20790788146477537
2027-05-21,0.7397260273972602,6650.0,7875.744739969014,0.9711031971776679,146.5,put,0.20153810612006165
2027-05-21,0.7397260273972602,6675.0,7875.744739969014,0.9711031971776679,149.65,put,0.19995907536951643
2027-05-21,0.7397260273972602,6700.0,7875.744739969014,0.9711031971776679,152.85,put,0.19836602607613585
2027-05-21,0.7397260273972602,6725.0,7875.744739969014,0.9711031971776679,156.0,put,0.1967038483940902
2027-05-21,0.7397260273972602,6750.0,7875.744739969014,0.9711031971776679,159.35,put,0.1951083713327256
2027-05-21,0.7397260273972602,6900.0,7875.744739969014,0.9711031971776679,181.05,put,0.18543290831983883
2027-05-21,0.7397260273972602,6925.0,7875.744739969014,0.9711031971776679,185.0,put,0.18382486546619675
2027-05-21,0.7397260273972602,6950.0,7875.744739969014,0.9711031971776679,189.0,put,0.1821922313701204
2027-05-21,0.7397260273972602,6975.0,7875.744739969014,0.9711031971776679,193.1,put,0.18055821574065245
2027-05-21,0.7397260273972602,7025.0,7875.744739969014,0.9711031971776679,201.5,put,0.1772332501276849
2027-05-21,0.7397260273972602,7050.0,7875.744739969014,0.9711031971776679,205.75,put,0.17551730236872776
2027-05-21,0.7397260273972602,7100.0,7875.744739969014,0.9711031971776679,214.8,put,0.17217840333719486
2027-05-21,0.7397260273972602,7125.0,7875.744739969014,0.9711031971776679,219.35,put,0.1704385272473784
2027-05-21,0.7397260273972602,7175.0,7875.744739969014,0.9711031971776679,229.10000000000002,put,0.16707733512576295
2027-05-21,0.7397260273972602,7200.0,7875.744739969014,0.9711031971776679,234.10000000000002,put,0.16536340482364006
2027-05-21,0.7397260273972602,7225.0,7875.744739969014,0.9711031971776679,239.39999999999998,put,0.16371783875964976
2027-05-21,0.7397260273972602,7250.0,7875.744739969014,0.9711031971776679,244.8,put,0.16205201839405398
2027-05-21,0.7397260273972602,7300.0,7875.744739969014,0.9711031971776679,255.35,put,0.15842529673348005
2027-05-21,0.7397260273972602,7325.0,7875.744739969014,0.9711031971776679,260.95,put,0.15664996173044826
2027-05-21,0.7397260273972602,7425.0,7875.744739969014,0.9711031971776679,284.95,put,0.14950474386218732
2027-05-21,0.7397260273972602,7450.0,7875.744739969014,0.9711031971776679,291.1,put,0.14759591449321263
2027-05-21,0.7397260273972602,7525.0,7875.744739969014,0.9711031971776679,311.1,put,0.1420056306660346
2027-05-21,0.7397260273972602,7550.0,7875.744739969014,0.9711031971776679,318.1,put,0.14010473412389146
2027-05-21,0.7397260273972602,7575.0,7875.744739969014,0.9711031971776679,325.15,put,0.13813493245511588
2027-05-21,0.7397260273972602,7600.0,7875.744739969014,0.9711031971776679,332.3,put,0.13611246015694153
2027-05-21,0.7397260273972602,7625.0,7875.744739969014,0.9711031971776679,339.85,put,0.1341485335786956
2027-05-21,0.7397260273972602,7750.0,7875.744739969014,0.9711031971776679,380.2,put,0.12375223644454622
2027-05-21,0.7397260273972602,7850.0,7875.744739969014,0.9711031971776679,416.4,put,0.11472971597140537
2027-06-17,0.8136986301369863,7925.0,7894.920651522033,0.9682015678109447,435.9,call,0.20212317930499685
2027-06-17,0.8136986301369863,7950.0,7894.920651522033,0.9682015678109447,422.0,call,0.20053748854323605
2027-06-17,0.8136986301369863,7975.0,7894.920651522033,0.9682015678109447,408.35,call,0.1989754051985504
2027-06-17,0.8136986301369863,8000.0,7894.920651522033,0.9682015678109447,395.15,call,0.19750970315920993
2027-06-17,0.8136986301369863,8025.0,7894.920651522033,0.9682015678109447,381.85,call,0.1959368066098455
2027-06-17,0.8136986301369863,8050.0,7894.920651522033,0.9682015678109447,368.9,call,0.19442152930933673
2027-06-17,0.8136986301369863,8075.0,7894.920651522033,0.9682015678109447,356.1,call,0.1928888520296331
2027-06-17,0.8136986301369863,8100.0,7894.920651522033,0.9682015678109447,343.85,call,0.19148741271697414
2027-06-17,0.8136986301369863,8125.0,7894.920651522033,0.9682015678109447,331.6,call,0.19001086724869226
2027-06-17,0.8136986301369863,8250.0,7894.920651522033,0.9682015678109447,275.2,call,0.18330608732024675
2027-06-17,0.8136986301369863,8400.0,7894.920651522033,0.9682015678109447,216.7,call,0.17618155337363908
2027-06-17,0.8136986301369863,8425.0,7894.920651522033,0.9682015678109447,208.15,call,0.17519084046538067
2027-06-17,0.8136986301369863,8475.0,7894.920651522033,0.9682015678109447,191.5,call,0.17314524780889928
2027-06-17,0.8136986301369863,8500.0,7894.920651522033,0.9682015678109447,183.55,call,0.1721541331142362
2027-06-17,0.8136986301369863,8525.0,7894.920651522033,0.9682015678109447,175.85,call,0.17118540758617903
2027-06-17,0.8136986301369863,8550.0,7894.920651522033,0.9682015678109447,168.39999999999998,call,0.17024022478006484
2027-06-17,0.8136986301369863,8600.0,7894.920651522033,0.9682015678109447,154.5,call,0.16854208655111913
2027-06-17,0.8136986301369863,8650.0,7894.920651522033,0.9682015678109447,141.4,call,0.16686872838841044
2027-06-17,0.8136986301369863,8675.0,7894.920651522033,0.9682015678109447,135.15,call,0.1660435827237653
2027-06-17,0.8136986301369863,8700.0,7894.920651522033,0.9682015678109447,129.25,call,0.16530229424790036
2027-06-17,0.8136986301369863,8725.0,7894.920651522033,0.9682015678109447,123.5,call,0.16454893803699452
2027-06-17,0.8136986301369863,8750.0,7894.920651522033,0.9682015678109447,118.1,call,0.16388720138213156
2027-06-17,0.8136986301369863,8775.0,7894.920651522033,0.9682015678109447,112.65,call,0.16311240637123856
2027-06-17,0.8136986301369863,8800.0,7894.920651522033,0.9682015678109447,107.35,call,0.16232629503581436
2027-06-17,0.8136986301369863,8900.0,7894.920651522033,0.9682015678109447,88.80000000000001,call,0.15975542633757187
2027-06-17,0.8136986301369863,8950.0,7894.920651522033,0.9682015678109447,80.7,call,0.15863603886451746
2027-06-17,0.8136986301369863,9000.0,7894.920651522033,0.9682015678109447,73.25,call,0.15758031783741275
2027-06-17,0.8136986301369863,9050.0,7894.920651522033,0.9682015678109447,66.05,call,0.15633850236771368
2027-06-17,0.8136986301369863,9200.0,7894.920651522033,0.9682015678109447,48.3,call,0.1532319606629333
2027-06-17,0.8136986301369863,9300.0,7894.920651522033,0.9682015678109447,38.85,call,0.15133168773571926
2027-06-17,0.8136986301369863,9400.0,7894.920651522033,0.9682015678109447,31.15,call,0.14968900255224787
2027-06-17,0.8136986301369863,6350.0,7894.920651522033,0.9682015678109447,126.0,put,0.21756928405878426
2027-06-17,0.8136986301369863,6400.0,7894.920651522033,0.9682015678109447,131.2,put,0.21454007359408614
2027-06-17,0.8136986301369863,6450.0,7894.920651522033,0.9682015678109447,136.45,put,0.2114071324913379
2027-06-17,0.8136986301369863,6500.0,7894.920651522033,0.9682015678109447,142.25,put,0.208459221907639
2027-06-17,0.8136986301369863,6525.0,7894.920651522033,0.9682015678109447,145.1,put,0.2069024041529682
2027-06-17,0.8136986301369863,6550.0,7894.920651522033,0.9682015678109447,148.1,put,0.2053944696345108
2027-06-17,0.8136986301369863,6600.0,7894.920651522033,0.9682015678109447,154.2,put,0.20232327326986602
2027-06-17,0.8136986301369863,6625.0,7894.920651522033,0.9682015678109447,157.4,put,0.2008130406613896
2027-06-17,0.8136986301369863,6650.0,7894.920651522033,0.9682015678109447,160.65,put,0.19929099869029643
2027-06-17,0.8136986301369863,6700.0,7894.920651522033,0.9682015678109447,167.3,put,0.19620907719087338
2027-06-17,0.8136986301369863,6750.0,7894.920651522033,0.9682015678109447,174.25,put,0.19312277151723617
2027-06-17,0.8136986301369863,6800.0,7894.920651522033,0.9682015678109447,181.5,put,0.19002335778641605
2027-06-17,0.8136986301369863,6850.0,7894.920651522033,0.9682015678109447,189.10000000000002,put,0.18692615528960932
2027-06-17,0.8136986301369863,6900.0,7894.920651522033,0.9682015678109447,197.10000000000002,put,0.18384432970799455
2027-06-17,0.8136986301369863,6925.0,7894.920651522033,0.9682015678109447,201.2,put,0.18228263837762265
2027-06-17,0.8136986301369863,6975.0,7894.920651522033,0.9682015678109447,209.60000000000002,put,0.17911337372957056
2027-06-17,0.8136986301369863,7000.0,7894.920651522033,0.9682015678109447,213.85,put,0.17748187167447024
2027-06-17,0.8136986301369863,7100.0,7894.920651522033,0.9682015678109447,232.3,put,0.17110671452725676
2027-06-17,0.8136986301369863,7125.0,7894.920651522033,0.9682015678109447,237.15,put,0.16948803433354176
2027-06-17,0.8136986301369863,7150.0,7894.920651522033,0.9682015678109447,242.10000000000002,put,0.16785882353172596
2027-06-17,0.8136986301369863,7175.0,7894.920651522033,0.9682015678109447,247.15,put,0.166217667834976
2027-06-17,0.8136986301369863,7350.0,7894.920651522033,0.9682015678109447,285.4,put,0.15430948000918046
2027-06-17,0.8136986301369863,7400.0,7894.920651522033,0.9682015678109447,297.7,put,0.1508906419508505
2027-06-17,0.8136986301369863,7425.0,7894.920651522033,0.9682015678109447,303.65,put,0.14900544369711413
2027-06-17,0.8136986301369863,7475.0,7894.920651522033,0.9682015678109447,316.79999999999995,put,0.14549875752670757
2027-06-17,0.8136986301369863,7500.0,7894.920651522033,0.9682015678109447,323.5,put,0.143682927637536
2027-06-17,0.8136986301369863,7525.0,7894.920651522033,0.9682015678109447,330.05,put,0.1417362886530802
2027-06-17,0.8136986301369863,7575.0,7894.920651522033,0.9682015678109447,344.15,put,0.1379770836339943
2027-06-17,0.8136986301369863,7600.0,7894.920651522033,0.9682015678109447,351.70000000000005,put,0.1361569553454018
2027-06-17,0.8136986301369863,7625.0,7894.920651522033,0.9682015678109447,358.95000000000005,put,0.13414055096291166
2027-06-17,0.8136986301369863,7650.0,7894.920651522033,0.9682015678109447,366.5,put,0.13214396842100007
2027-06-17,0.8136986301369863,7700.0,7894.920651522033,0.9682015678109447,382.55,put,0.12821210040575448
2027-06-17,0.8136986301369863,7725.0,7894.920651522033,0.9682015678109447,390.55,put,0.1260865733594135
2027-06-17,0.8136986301369863,7750.0,7894.920651522033,0.9682015678109447,399.15,put,0.12407284622156782
2027-06-17,0.8136986301369863,7775.0,7894.920651522033,0.9682015678109447,407.6,put,0.12189273284531604
2027-06-17,0.8136986301369863,7800.0,7894.920651522033,0.9682015678109447,416.4,put,0.11972273920966188
2027-06-17,0.8136986301369863,7825.0,7894.920651522033,0.9682015678109447,425.4,put,0.1175019417201205
2027-06-17,0.8136986301369863,7875.0,7894.920651522033,0.9682015678109447,444.25,put,0.11297239648111627
2027-06-30,0.8493150684931506,7915.0,7903.347761745167,0.9668038071719773,457.3,call,0.20458241893209797
2027-06-30,0.8493150684931506,7920.0,7903.347761745167,0.9668038071719773,454.45,call,0.2042581672332471
2027-06-30,0.8493150684931506,7935.0,7903.347761745167,0.9668038071719773,446.05,call,0.20332393678282284
2027-06-30,0.8493150684931506,7950.0,7903.347761745167,0.9668038071719773,437.75,call,0.20240266486215794
2027-06-30,0.8493150684931506,7970.0,7903.347761745167,0.9668038071719773,426.75,call,0.20116222967168595
2027-06-30,0.8493150684931506,8000.0,7903.347761745167,0.9668038071719773,410.6,call,0.19934908213517877
2027-06-30,0.8493150684931506,8170.0,7903.347761745167,0.9668038071719773,325.6,call,0.18958008792986528
2027-06-30,0.8493150684931506,8190.0,7903.347761745167,0.9668038071719773,316.3,call,0.1884704232085366
2027-06-30,0.8493150684931506,8225.0,7903.347761745167,0.9668038071719773,300.5,call,0.18659089909929902
2027-06-30,0.8493150684931506,8275.0,7903.347761745167,0.9668038071719773,279.0,call,0.18405280971722915
2027-06-30,0.8493150684931506,8325.0,7903.347761745167,0.9668038071719773,258.5,call,0.18158874468486896
2027-06-30,0.8493150684931506,8375.0,7903.347761745167,0.9668038071719773,239.14999999999998,call,0.17925784706967487
2027-06-30,0.8493150684931506,8500.0,7903.347761745167,0.9668038071719773,195.75,call,0.1740269284707459
2027-06-30,0.8493150684931506,8550.0,7903.347761745167,0.9668038071719773,180.05,call,0.1720536376803704
2027-06-30,0.8493150684931506,8765.0,7903.347761745167,0.9668038071719773,124.3,call,0.16505997824773114
2027-06-30,0.8493150684931506,8775.0,7903.347761745167,0.9668038071719773,122.05,call,0.16474758239291745
2027-06-30,0.8493150684931506,8800.0,7903.347761745167,0.9668038071719773,116.7,call,0.16404717662511412
2027-06-30,0.8493150684931506,8815.0,7903.347761745167,0.9668038071719773,113.6,call,0.16364378239685967
2027-06-30,0.8493150684931506,8850.0,7903.347761745167,0.9668038071719773,106.6,call,0.1627092598145113
2027-06-30,0.8493150684931506,8855.0,7903.347761745167,0.9668038071719773,105.69999999999999,call,0.16261614796823362
2027-06-30,0.8493150684931506,8900.0,7903.347761745167,0.9668038071719773,97.30000000000001,call,0.1614716704590182
2027-06-30,0.8493150684931506,8930.0,7903.347761745167,0.9668038071719773,91.95,call,0.16069845739481375
2027-06-30,0.8493150684931506,8950.0,7903.347761745167,0.9668038071719773,88.55,call,0.16021184839406807
2027-06-30,0.8493150684931506,8960.0,7903.347761745167,0.9668038071719773,87.1,call,0.16009602790772465
2027-06-30,0.8493150684931506,8970.0,7903.347761745167,0.9668038071719773,85.35,call,0.15979040629239677
2027-06-30,0.8493150684931506,8990.0,7903.347761745167,0.9668038071719773,82.15,call,0.15931709339528125
2027-06-30,0.8493150684931506,9000.0,7903.347761745167,0.9668038071719773,80.55,call,0.15906027333774092
2027-06-30,0.8493150684931506,9005.0,7903.347761745167,0.9668038071719773,79.80000000000001,call,0.1589575144088566
2027-06-30,0.8493150684931506,9015.0,7903.347761745167,0.9668038071719773,78.30000000000001,call,0.1587423666274827
2027-06-30,0.8493150684931506,9050.0,7903.347761745167,0.9668038071719773,73.15,call,0.15794888704305465
2027-06-30,0.8493150684931506,9075.0,7903.347761745167,0.9668038071719773,69.65,call,0.15739769842649493
2027-06-30,0.8493150684931506,9100.0,7903.347761745167,0.9668038071719773,66.35,call,0.15689733449592974
2027-06-30,0.8493150684931506,9125.0,7903.347761745167,0.9668038071719773,63.2,call,0.15641879898101843
2027-06-30,0.8493150684931506,9150.0,7903.347761745167,0.9668038071719773,60.1,call,0.15589407299198219
2027-06-30,0.8493150684931506,9175.0,7903.347761745167,0.9668038071719773,57.099999999999994,call,0.15535790731003063
2027-06-30,0.8493150684931506,9200.0,7903.347761745167,0.9668038071719773,54.2,call,0.15481122765043076
2027-06-30,0.8493150684931506,9400.0,7903.347761745167,0.9668038071719773,35.65,call,0.15125092569770568
2027-06-30,0.8493150684931506,6350.0,7903.347761745167,0.9668038071719773,131.55,put,0.21607271493491387
2027-06-30,0.8493150684931506,6450.0,7903.347761745167,0.9668038071719773,142.45,put,0.21010286848503965
2027-06-30,0.8493150684931506,6500.0,7903.347761745167,0.9668038071719773,148.3,put,0.20714418654652905
2027-06-30,0.8493150684931506,6515.0,7903.347761745167,0.9668038071719773,150.0,put,0.20619926848598505
2027-06-30,0.8493150684931506,6525.0,7903.347761745167,0.9668038071719773,151.25,put,0.20562664403960274
2027-06-30,0.8493150684931506,6640.0,7903.347761745167,0.9668038071719773,165.8,put,0.19871465180396072
2027-06-30,0.8493150684931506,6645.0,7903.347761745167,0.9668038071719773,166.45,put,0.19840578769015896
2027-06-30,0.8493150684931506,6790.0,7903.347761745167,0.9668038071719773,187.0,put,0.1896348603405277
2027-06-30,0.8493150684931506,6815.0,7903.347761745167,0.9668038071719773,190.8,put,0.1881119727516601
2027-06-30,0.8493150684931506,6840.0,7903.347761745167,0.9668038071719773,194.7,put,0.18659466135452127
2027-06-30,0.8493150684931506,6850.0,7903.347761745167,0.9668038071719773,196.3,put,0.18599453075669545
2027-06-30,0.8493150684931506,6860.0,7903.347761745167,0.9668038071719773,197.9,put,0.185387562474606
2027-06-30,0.8493150684931506,6880.0,7903.347761745167,0.9668038071719773,201.1,put,0.18415318644497758
2027-06-30,0.8493150684931506,6890.0,7903.347761745167,0.9668038071719773,202.7,put,0.18352581105703628
2027-06-30,0.8493150684931506,6900.0,7903.347761745167,0.9668038071719773,204.3,put,0.1828916627155466
2027-06-30,0.8493150684931506,6910.0,7903.347761745167,0.9668038071719773,206.0,put,0.18229568862399562
2027-06-30,0.8493150684931506,6920.0,7903.347761745167,0.9668038071719773,207.7,put,0.18169254525423345
2027-06-30,0.8493150684931506,6930.0,7903.347761745167,0.9668038071719773,209.3,put,0.18103773252272207
2027-06-30,0.8493150684931506,6940.0,7903.347761745167,0.9668038071719773,211.0,put,0.18042050282399197
2027-06-30,0.8493150684931506,6950.0,7903.347761745167,0.9668038071719773,212.7,put,0.17979614407955372
2027-06-30,0.8493150684931506,6970.0,7903.347761745167,0.9668038071719773,216.2,put,0.17856978989256722
2027-06-30,0.8493150684931506,6980.0,7903.347761745167,0.9668038071719773,217.9,put,0.17792390417929296
2027-06-30,0.8493150684931506,7010.0,7903.347761745167,0.9668038071719773,223.3,put,0.1760724975743842
2027-06-30,0.8493150684931506,7020.0,7903.347761745167,0.9668038071719773,225.1,put,0.17544042950030922
2027-06-30,0.8493150684931506,7090.0,7903.347761745167,0.9668038071719773,238.2,put,0.17101458642881656
2027-06-30,0.8493150684931506,7100.0,7903.347761745167,0.9668038071719773,240.15,put,0.17038393486681105
2027-06-30,0.8493150684931506,7110.0,7903.347761745167,0.9668038071719773,242.0,put,0.16970413608198393
2027-06-30,0.8493150684931506,7170.0,7903.347761745167,0.9668038071719773,254.1,put,0.1658656786877961
2027-06-30,0.8493150684931506,7175.0,7903.347761745167,0.9668038071719773,255.15,put,0.16554910497285358
2027-06-30,0.8493150684931506,7180.0,7903.347761745167,0.9668038071719773,256.15,put,0.16521037767319324
2027-06-30,0.8493150684931506,7240.0,7903.347761745167,0.9668038071719773,268.79999999999995,put,0.1612384921514652
2027-06-30,0.8493150684931506,7255.0,7903.347761745167,0.9668038071719773,272.1,put,0.160250312360781
2027-06-30,0.8493150684931506,7260.0,7903.347761745167,0.9668038071719773,273.20000000000005,put,0.15991642045413107
2027-06-30,0.8493150684931506,7265.0,7903.347761745167,0.9668038071719773,274.29999999999995,put,0.159580272959141
2027-06-30,0.8493150684931506,7300.0,7903.347761745167,0.9668038071719773,282.25,put,0.1572596445948062
2027-06-30,0.8493150684931506,7350.0,7903.347761745167,0.9668038071719773,293.85,put,0.15383695382478071
2027-06-30,0.8493150684931506,7365.0,7903.347761745167,0.9668038071719773,297.45000000000005,put,0.15280824785488942
2027-06-30,0.8493150684931506,7380.0,7903.347761745167,0.9668038071719773,301.04999999999995,put,0.1517571063156895
2027-06-30,0.8493150684931506,7385.0,7903.347761745167,0.9668038071719773,302.2,put,0.15138300723590023
2027-06-30,0.8493150684931506,7390.0,7903.347761745167,0.9668038071719773,303.54999999999995,put,0.15108112218106287
2027-06-30,0.8493150684931506,7395.0,7903.347761745167,0.9668038071719773,304.70000000000005,put,0.150701966901812
2027-06-30,0.8493150684931506,7400.0,7903.347761745167,0.9668038071719773,305.95000000000005,put,0.15035756234024245
2027-06-30,0.8493150684931506,7430.0,7903.347761745167,0.9668038071719773,313.54999999999995,put,0.14827316453783898
2027-06-30,0.8493150684931506,7450.0,7903.347761745167,0.9668038071719773,318.6,put,0.1468241251835774
2027-06-30,0.8493150684931506,7465.0,7903.347761745167,0.9668038071719773,322.4,put,0.1457134957340217
2027-06-30,0.8493150684931506,7490.0,7903.347761745167,0.9668038071719773,329.15,put,0.14395909010912183
2027-06-30,0.8493150684931506,7495.0,7903.347761745167,0.9668038071719773,330.45000000000005,put,0.14358141615421294
2027-06-30,0.8493150684931506,7505.0,7903.347761745167,0.9668038071719773,333.15,put,0.1428538166504916
2027-06-30,0.8493150684931506,7510.0,7903.347761745167,0.9668038071719773,334.6,put,0.1425219383440897
2027-06-30,0.8493150684931506,7515.0,7903.347761745167,0.9668038071719773,335.95000000000005,put,0.14215079339574008
2027-06-30,0.8493150684931506,7520.0,7903.347761745167,0.9668038071719773,337.25,put,0.14175858473398562
2027-06-30,0.8493150684931506,7525.0,7903.347761745167,0.9668038071719773,338.7,put,0.14141773543599495
2027-06-30,0.8493150684931506,7580.0,7903.347761745167,0.9668038071719773,354.15,put,0.1372845616036417
2027-06-30,0.8493150684931506,7590.0,7903.347761745167,0.9668038071719773,357.04999999999995,put,0.13652464020178354
2027-06-30,0.8493150684931506,7650.0,7903.347761745167,0.9668038071719773,375.2,put,0.13195077375968173
2027-06-30,0.8493150684931506,7700.0,7903.347761745167,0.9668038071719773,391.0,put,0.1279860764155971
2027-06-30,0.8493150684931506,7725.0,7903.347761745167,0.9668038071719773,399.2,put,0.1259660051617805
2027-06-30,0.8493150684931506,7750.0,7903.347761745167,0.9668038071719773,407.6,put,0.12391496387272213
2027-06-30,0.8493150684931506,7775.0,7903.347761745167,0.9668038071719773,416.1,put,0.12179235084677453
2027-06-30,0.8493150684931506,7800.0,7903.347761745167,0.9668038071719773,424.8,put,0.11962836786004936
2027-06-30,0.8493150684931506,7855.0,7903.347761745167,0.9668038071719773,445.0,put,0.11482083487221413
2027-06-30,0.8493150684931506,7865.0,7903.347761745167,0.9668038071719773,448.75,put,0.11390699085241211
2027-06-30,0.8493150684931506,7875.0,7903.347761745167,0.9668038071719773,452.5,put,0.11297089292538703
2027-06-30,0.8493150684931506,7880.0,7903.347761745167,0.9668038071719773,454.5,put,0.11254013674894267
2027-06-30,0.8493150684931506,7900.0,7903.347761745167,0.9668038071719773,462.1,put,0.1106117846325003
2027-07-16,0.8931506849315068,8000.0,7919.454423657176,0.9650828949886554,434.85,call,0.2026074839055297
2027-07-16,0.8931506849315068,8075.0,7919.454423657176,0.9650828949886554,395.35,call,0.1981846132196658
2027-07-16,0.8931506849315068,8200.0,7919.454423657176,0.9650828949886554,334.4,call,0.1912453438877549
2027-07-16,0.8931506849315068,8250.0,7919.454423657176,0.9650828949886554,311.70000000000005,call,0.18859776878157206
2027-07-16,0.8931506849315068,8300.0,7919.454423657176,0.9650828949886554,289.9,call,0.1859960150668654
2027-07-16,0.8931506849315068,8325.0,7919.454423657176,0.9650828949886554,279.75,call,0.18486645066274682
2027-07-16,0.8931506849315068,8425.0,7919.454423657176,0.9650828949886554,240.5,call,0.18012581851140308
2027-07-16,0.8931506849315068,8500.0,7919.454423657176,0.9650828949886554,214.15,call,0.17697996174315242
2027-07-16,0.8931506849315068,8525.0,7919.454423657176,0.9650828949886554,205.85,call,0.17597227069577884
2027-07-16,0.8931506849315068,8550.0,7919.454423657176,0.9650828949886554,197.85,call,0.17501033831918175
2027-07-16,0.8931506849315068,8625.0,7919.454423657176,0.9650828949886554,175.25,call,0.17224586722061128
2027-07-16,0.8931506849315068,8700.0,7919.454423657176,0.9650828949886554,154.9,call,0.16975466504991213
2027-07-16,0.8931506849315068,8750.0,7919.454423657176,0.9650828949886554,142.3,call,0.16813808314423118
2027-07-16,0.8931506849315068,8800.0,7919.454423657176,0.9650828949886554,130.5,call,0.1665791939336204
2027-07-16,0.8931506849315068,8850.0,7919.454423657176,0.9650828949886554,119.85,call,0.1652659972148022
2027-07-16,0.8931506849315068,8900.0,7919.454423657176,0.9650828949886554,109.85,call,0.1639731825621262
2027-07-16,0.8931506849315068,9050.0,7919.454423657176,0.9650828949886554,83.6,call,0.1602460134762467
2027-07-16,0.8931506849315068,9100.0,7919.454423657176,0.9650828949886554,76.1,call,0.1591008052059896
2027-07-16,0.8931506849315068,9200.0,7919.454423657176,0.9650828949886554,62.849999999999994,call,0.15699107919492802
2027-07-16,0.8931506849315068,9300.0,7919.454423657176,0.9650828949886554,51.650000000000006,call,0.15507116803263354
2027-07-16,0.8931506849315068,9400.0,7919.454423657176,0.9650828949886554,42.25,call,0.15332894413330875
2027-07-16,0.8931506849315068,9500.0,7919.454423657176,0.9650828949886554,34.2,call,0.15154182170488578
2027-07-16,0.8931506849315068,6400.0,7919.454423657176,0.9650828949886554,143.8,put,0.21190036550289745
2027-07-16,0.8931506849315068,6425.0,7919.454423657176,0.9650828949886554,146.64999999999998,put,0.2104460973685648
2027-07-16,0.8931506849315068,6475.0,7919.454423657176,0.9650828949886554,152.45,put,0.20749519581032824
2027-07-16,0.8931506849315068,6525.0,7919.454423657176,0.9650828949886554,158.55,put,0.20457391444738285
2027-07-16,0.8931506849315068,6550.0,7919.454423657176,0.9650828949886554,161.65,put,0.20308899422380872
2027-07-16,0.8931506849315068,6650.0,7919.454423657176,0.9650828949886554,174.85,put,0.1972118993391583
2027-07-16,0.8931506849315068,6700.0,7919.454423657176,0.9650828949886554,181.95,put,0.19430443880480866
2027-07-16,0.8931506849315068,6875.0,7919.454423657176,0.9650828949886554,208.85,put,0.18388366942350715
2027-07-16,0.8931506849315068,6900.0,7919.454423657176,0.9650828949886554,213.05,put,0.18239585249136517
2027-07-16,0.8931506849315068,6950.0,7919.454423657176,0.9650828949886554,221.60000000000002,put,0.17935911944785726
2027-07-16,0.8931506849315068,7000.0,7919.454423657176,0.9650828949886554,230.5,put,0.1762999047505137
2027-07-16,0.8931506849315068,7025.0,7919.454423657176,0.9650828949886554,235.0,put,0.17472550521910468
2027-07-16,0.8931506849315068,7200.0,7919.454423657176,0.9650828949886554,269.7,put,0.16369981902662567
2027-07-16,0.8931506849315068,7225.0,7919.454423657176,0.9650828949886554,275.0,put,0.1620627709875763
2027-07-16,0.8931506849315068,7250.0,7919.454423657176,0.9650828949886554,280.75,put,0.16054497674763568
2027-07-16,0.8931506849315068,7300.0,7919.454423657176,0.9650828949886554,291.65,put,0.1571202390652659
2027-07-16,0.8931506849315068,7425.0,7919.454423657176,0.9650828949886554,322.1,put,0.14874828059508005
2027-07-16,0.8931506849315068,7475.0,7919.454423657176,0.9650828949886554,334.9,put,0.14519300121026302
2027-07-16,0.8931506849315068,7500.0,7919.454423657176,0.9650828949886554,341.65,put,0.14344106229631984
2027-07-16,0.8931506849315068,7525.0,7919.454423657176,0.9650828949886554,348.55,put,0.1416731654448161
2027-07-16,0.8931506849315068,7675.0,7919.454423657176,0.9650828949886554,392.54999999999995,put,0.13039598286755721
2027-07-16,0.8931506849315068,7700.0,7919.454423657176,0.9650828949886554,400.65,put,0.12849324131523945
2027-07-16,0.8931506849315068,7775.0,7919.454423657176,0.9650828949886554,425.29999999999995,put,0.12233764190347579
2027-07-16,0.8931506849315068,7800.0,7919.454423657176,0.9650828949886554,434.1,put,0.12028393880317272
2027-07-16,0.8931506849315068,7900.0,7919.454423657176,0.9650828949886554,470.4,put,0.11127388228278765
2027-08-20,0.989041095890411,7975.0,7951.004674189316,0.9613161913034775,497.7,call,0.21022944123746443
2027-08-20,0.989041095890411,8000.0,7951.004674189316,0.9613161913034775,483.65,call,0.20868868194040113
2027-08-20,0.989041095890411,8050.0,7951.004674189316,0.9613161913034775,456.6,call,0.20579639925316995
2027-08-20,0.989041095890411,8075.0,7951.004674189316,0.9613161913034775,443.45,call,0.20439402116518104
2027-08-20,0.989041095890411,8150.0,7951.004674189316,0.9613161913034775,405.05,call,0.20020396062189172
2027-08-20,0.989041095890411,8200.0,7951.004674189316,0.9613161913034775,380.6,call,0.19751137006538055
2027-08-20,0.989041095890411,8225.0,7951.004674189316,0.9613161913034775,368.85,call,0.19623851490988387
2027-08-20,0.989041095890411,8250.0,7951.004674189316,0.9613161913034775,357.1,call,0.19490562009371304
2027-08-20,0.989041095890411,8300.0,7951.004674189316,0.9613161913034775,334.6,call,0.19240170380610655
2027-08-20,0.989041095890411,8325.0,7951.004674189316,0.9613161913034775,323.65,call,0.19116126996425256
2027-08-20,0.989041095890411,8350.0,7951.004674189316,0.9613161913034775,312.9,call,0.18992797770265457
2027-08-20,0.989041095890411,8375.0,7951.004674189316,0.9613161913034775,302.5,call,0.18875488240397725
2027-08-20,0.989041095890411,8400.0,7951.004674189316,0.9613161913034775,292.3,call,0.18758903365274743
2027-08-20,0.989041095890411,8425.0,7951.004674189316,0.9613161913034775,282.6,call,0.1865387868378381
2027-08-20,0.989041095890411,8475.0,7951.004674189316,0.9613161913034775,263.05,call,0.18418782178599705
2027-08-20,0.989041095890411,8525.0,7951.004674189316,0.9613161913034775,244.9,call,0.18208605320299093
2027-08-20,0.989041095890411,8550.0,7951.004674189316,0.9613161913034775,236.3,call,0.18111367595518887
2027-08-20,0.989041095890411,8575.0,7951.004674189316,0.9613161913034775,227.85,call,0.18013167487045392
2027-08-20,0.989041095890411,8600.0,7951.004674189316,0.9613161913034775,219.6,call,0.1791590752802798
2027-08-20,0.989041095890411,8625.0,7951.004674189316,0.9613161913034775,211.5,call,0.17817650131256332
2027-08-20,0.989041095890411,8675.0,7951.004674189316,0.9613161913034775,196.25,call,0.17638147943808616
2027-08-20,0.989041095890411,8750.0,7951.004674189316,0.9613161913034775,175.25,call,0.17394059568749315
2027-08-20,0.989041095890411,8800.0,7951.004674189316,0.9613161913034775,161.89999999999998,call,0.17224155953728157
2027-08-20,0.989041095890411,8900.0,7951.004674189316,0.9613161913034775,138.2,call,0.16932360938594435
2027-08-20,0.989041095890411,8950.0,7951.004674189316,0.9613161913034775,127.65,call,0.16805101203295997
2027-08-20,0.989041095890411,9000.0,7951.004674189316,0.9613161913034775,117.5,call,0.16669701467062356
2027-08-20,0.989041095890411,9050.0,7951.004674189316,0.9613161913034775,108.15,call,0.16546441037492723
2027-08-20,0.989041095890411,9100.0,7951.004674189316,0.9613161913034775,99.4,call,0.16426797702041707
2027-08-20,0.989041095890411,6400.0,7951.004674189316,0.9613161913034775,160.05,put,0.20998997535321748
2027-08-20,0.989041095890411,6425.0,7951.004674189316,0.9613161913034775,162.95,put,0.20852069541662216
2027-08-20,0.989041095890411,6525.0,7951.004674189316,0.9613161913034775,175.7,put,0.20292507443556554
2027-08-20,0.989041095890411,6550.0,7951.004674189316,0.9613161913034775,179.0,put,0.20150333525565625
2027-08-20,0.989041095890411,6575.0,7951.004674189316,0.9613161913034775,182.39999999999998,put,0.20009775967107926
2027-08-20,0.989041095890411,6600.0,7951.004674189316,0.9613161913034775,185.89999999999998,put,0.198706950505313
2027-08-20,0.989041095890411,6625.0,7951.004674189316,0.9613161913034775,189.45,put,0.19730634106656456
2027-08-20,0.989041095890411,6650.0,7951.004674189316,0.9613161913034775,192.95,put,0.19584959133821675
2027-08-20,0.989041095890411,6700.0,7951.004674189316,0.9613161913034775,200.35,put,0.1930184973552952
2027-08-20,0.989041095890411,6775.0,7951.004674189316,0.9613161913034775,212.05,put,0.18877785209727127
2027-08-20,0.989041095890411,6850.0,7951.004674189316,0.9613161913034775,224.39999999999998,put,0.18449298187343022
2027-08-20,0.989041095890411,6875.0,7951.004674189316,0.9613161913034775,228.55,put,0.1830052175613162
2027-08-20,0.989041095890411,6900.0,7951.004674189316,0.9613161913034775,232.75,put,0.1815012703250635
2027-08-20,0.989041095890411,6925.0,7951.004674189316,0.9613161913034775,237.39999999999998,put,0.18014256194541325
2027-08-20,0.989041095890411,6950.0,7951.004674189316,0.9613161913034775,241.8,put,0.17864302096006604
2027-08-20,0.989041095890411,7000.0,7951.004674189316,0.9613161913034775,250.85,put,0.17562677742075924
2027-08-20,0.989041095890411,7025.0,7951.004674189316,0.9613161913034775,255.65,put,0.1741664642643162
2027-08-20,0.989041095890411,7100.0,7951.004674189316,0.9613161913034775,270.4,put,0.16966860191800767
2027-08-20,0.989041095890411,7250.0,7951.004674189316,0.9613161913034775,302.4,put,0.1604135336816299
2027-08-20,0.989041095890411,7275.0,7951.004674189316,0.9613161913034775,308.1,put,0.15883959246534635
2027-08-20,0.989041095890411,7300.0,7951.004674189316,0.9613161913034775,313.9,put,0.15725158496523967
2027-08-20,0.989041095890411,7325.0,7951.004674189316,0.9613161913034775,319.8,put,0.15564821023159534
2027-08-20,0.989041095890411,7375.0,7951.004674189316,0.9613161913034775,332.05,put,0.15244186718132832
2027-08-20,0.989041095890411,7400.0,7951.004674189316,0.9613161913034775,338.05,put,0.15071501357940098
2027-08-20,0.989041095890411,7425.0,7951.004674189316,0.9613161913034775,344.6,put,0.14912182644907046
2027-08-20,0.989041095890411,7600.0,7951.004674189316,0.9613161913034775,392.5,put,0.13696578855643404
2027-08-20,0.989041095890411,7675.0,7951.004674189316,0.9613161913034775,415.20000000000005,put,0.13146690171293757
2027-08-20,0.989041095890411,7700.0,7951.004674189316,0.9613161913034775,423.05,put,0.12957458249568682
2027-08-20,0.989041095890411,7775.0,7951.004674189316,0.9613161913034775,447.75,put,0.12377343291116455
2027-08-20,0.989041095890411,7825.0,7951.004674189316,0.9613161913034775,465.0,put,0.11970624133963575
2027-08-20,0.989041095890411,7850.0,7951.004674189316,0.9613161913034775,473.7,put,0.117545491630969
2027-08-20,0.989041095890411,7875.0,7951.004674189316,0.9613161913034775,482.9,put,0.11544320261565846
2027-08-20,0.989041095890411,7950.0,7951.004674189316,0.9613161913034775,511.2,put,0.10865175108151186
2027-09-17,1.0657534246575342,7975.0,7971.448757613981,0.9582335749716738,533.1,call,0.2145459726476944
2027-09-17,1.0657534246575342,8000.0,7971.448757613981,0.9582335749716738,519.2,call,0.21311929692386436
2027-09-17,1.0657534246575342,8050.0,7971.448757613981,0.9582335749716738,491.79999999999995,call,0.2102509056801445
2027-09-17,1.0657534246575342,8075.0,7971.448757613981,0.9582335749716738,478.4,call,0.2088398780951937
2027-09-17,1.0657534246575342,8100.0,7971.448757613981,0.9582335749716738,465.15,call,0.20742740190313047
2027-09-17,1.0657534246575342,8175.0,7971.448757613981,0.9582335749716738,427.05,call,0.2034183118333417
2027-09-17,1.0657534246575342,8200.0,7971.448757613981,0.9582335749716738,414.65,call,0.20207551737732754
2027-09-17,1.0657534246575342,8225.0,7971.448757613981,0.9582335749716738,402.65,call,0.2008104410489603
2027-09-17,1.0657534246575342,8250.0,7971.448757613981,0.9582335749716738,390.7,call,0.1995081141248441
2027-09-17,1.0657534246575342,8300.0,7971.448757613981,0.9582335749716738,367.65,call,0.19702036385369395
2027-09-17,1.0657534246575342,8325.0,7971.448757613981,0.9582335749716738,356.3,call,0.1957513177675129
2027-09-17,1.0657534246575342,8350.0,7971.448757613981,0.9582335749716738,345.4,call,0.19457675161717547
2027-09-17,1.0657534246575342,8375.0,7971.448757613981,0.9582335749716738,334.55,call,0.19336222858206642
2027-09-17,1.0657534246575342,8400.0,7971.448757613981,0.9582335749716738,324.0,call,0.1921918923304486
2027-09-17,1.0657534246575342,8500.0,7971.448757613981,0.9582335749716738,284.15,call,0.18773482054786997
2027-09-17,1.0657534246575342,8550.0,7971.448757613981,0.9582335749716738,265.75,call,0.18568500131131796
2027-09-17,1.0657534246575342,8600.0,7971.448757613981,0.9582335749716738,248.05,call,0.18364456457694098
2027-09-17,1.0657534246575342,8700.0,7971.448757613981,0.9582335749716738,215.35,call,0.17981851324360745
2027-09-17,1.0657534246575342,8750.0,7971.448757613981,0.9582335749716738,200.45,call,0.17808316823714804
2027-09-17,1.0657534246575342,8800.0,7971.448757613981,0.9582335749716738,186.35,call,0.17641208912065823
2027-09-17,1.0657534246575342,8900.0,7971.448757613981,0.9582335749716738,160.60000000000002,call,0.17331299730238872
2027-09-17,1.0657534246575342,9000.0,7971.448757613981,0.9582335749716738,138.05,call,0.1705786354697918
2027-09-17,1.0657534246575342,9100.0,7971.448757613981,0.9582335749716738,118.1,call,0.16802892963000343
2027-09-17,1.0657534246575342,9300.0,7971.448757613981,0.9582335749716738,85.4,call,0.16353731441513106
2027-09-17,1.0657534246575342,9400.0,7971.448757613981,0.9582335749716738,72.25,call,0.1615904330628884
2027-09-17,1.0657534246575342,9500.0,7971.448757613981,0.9582335749716738,60.8,call,0.1597297283015864
2027-09-17,1.0657534246575342,6400.0,7971.448757613981,0.9582335749716738,172.1,put,0.20784331209571327
2027-09-17,1.0657534246575342,6500.0,7971.448757613981,0.9582335749716738,185.10000000000002,put,0.2023759560773439
2027-09-17,1.0657534246575342,6550.0,7971.448757613981,0.9582335749716738,191.9,put,0.19960682248719455
2027-09-17,1.0657534246575342,6600.0,7971.448757613981,0.9582335749716738,199.15,put,0.19692010835860896
2027-09-17,1.0657534246575342,6775.0,7971.448757613981,0.9582335749716738,226.10000000000002,put,0.18719517754746542
2027-09-17,1.0657534246575342,6875.0,7971.448757613981,0.9582335749716738,243.0,put,0.18152777553158828
2027-09-17,1.0657534246575342,6900.0,7971.448757613981,0.9582335749716738,247.45,put,0.18011267084622604
2027-09-17,1.0657534246575342,6950.0,7971.448757613981,0.9582335749716738,256.6,put,0.17727022707321924
2027-09-17,1.0657534246575342,6975.0,7971.448757613981,0.9582335749716738,261.35,put,0.17586008757183283
2027-09-17,1.0657534246575342,7000.0,7971.448757613981,0.9582335749716738,265.95,put,0.17435570364371256
2027-09-17,1.0657534246575342,7025.0,7971.448757613981,0.9582335749716738,270.95,put,0.17296299492982686
2027-09-17,1.0657534246575342,7050.0,7971.448757613981,0.9582335749716738,275.6,put,0.1714017436691736
2027-09-17,1.0657534246575342,7075.0,7971.448757613981,0.9582335749716738,280.75,put,0.16998545440897042
2027-09-17,1.0657534246575342,7100.0,7971.448757613981,0.9582335749716738,285.70000000000005,put,0.16845605529645802
2027-09-17,1.0657534246575342,7125.0,7971.448757613981,0.9582335749716738,291.0,put,0.1670124529306593
2027-09-17,1.0657534246575342,7250.0,7971.448757613981,0.9582335749716738,318.35,put,0.1594529141269486
2027-09-17,1.0657534246575342,7300.0,7971.448757613981,0.9582335749716738,329.85,put,0.15631086012353554
2027-09-17,1.0657534246575342,7375.0,7971.448757613981,0.9582335749716738,348.20000000000005,put,0.1516109864709404
2027-09-17,1.0657534246575342,7525.0,7971.448757613981,0.9582335749716738,387.7,put,0.14172450790814492
2027-09-17,1.0657534246575342,7550.0,7971.448757613981,0.9582335749716738,394.7,put,0.14001286141041666
2027-09-17,1.0657534246575342,7600.0,7971.448757613981,0.9582335749716738,409.1,put,0.1365317195654457
2027-09-17,1.0657534246575342,7650.0,7971.448757613981,0.9582335749716738,424.15,put,0.13299588864219394
2027-09-17,1.0657534246575342,7700.0,7971.448757613981,0.9582335749716738,439.65,put,0.12932190360960422
2027-09-17,1.0657534246575342,7725.0,7971.448757613981,0.9582335749716738,447.55,put,0.1274202496091789
2027-09-17,1.0657534246575342,7750.0,7971.448757613981,0.9582335749716738,455.75,put,0.12553491623812324
2027-09-17,1.0657534246575342,7775.0,7971.448757613981,0.9582335749716738,464.0,put,0.12358294435001631
2027-09-17,1.0657534246575342,7825.0,7971.448757613981,0.9582335749716738,481.1,put,0.11960697758551063
2027-09-17,1.0657534246575342,7875.0,7971.448757613981,0.9582335749716738,498.79999999999995,put,0.11544146810571561
2027-09-17,1.0657534246575342,7900.0,7971.448757613981,0.9582335749716738,507.95000000000005,put,0.11329883478967778
2027-09-17,1.0657534246575342,7950.0,7971.448757613981,0.9582335749716738,526.7,put,0.10881305918331609
2027-12-17,1.3150684931506849,8100.0,8044.264025832043,0.9480956301076248,576.7,call,0.22050488409671407
2027-12-17,1.3150684931506849,8200.0,8044.264025832043,0.9480956301076248,524.5,call,0.21547045056595357
2027-12-17,1.3150684931506849,8300.0,8044.264025832043,0.9480956301076248,474.7,call,0.210517252028712
2027-12-17,1.3150684931506849,8350.0,8044.264025832043,0.9480956301076248,450.85,call,0.20810788952630194
2027-12-17,1.3150684931506849,8500.0,8044.264025832043,0.9480956301076248,384.0,call,0.20127522525274869
2027-12-17,1.3150684931506849,8750.0,8044.264025832043,0.9480956301076248,288.35,call,0.1912144938910419
2027-12-17,1.3150684931506849,9000.0,8044.264025832043,0.9480956301076248,211.95,call,0.1828307332950208
2027-12-17,1.3150684931506849,9300.0,8044.264025832043,0.9480956301076248,142.85,call,0.17472483725863758
2027-12-17,1.3150684931506849,9500.0,8044.264025832043,0.9480956301076248,108.4,call,0.17035665624410187
2027-12-17,1.3150684931506849,9550.0,8044.264025832043,0.9480956301076248,101.05000000000001,call,0.16938841694965354
2027-12-17,1.3150684931506849,9600.0,8044.264025832043,0.9480956301076248,94.15,call,0.16846225580854512
2027-12-17,1.3150684931506849,6500.0,8044.264025832043,0.9480956301076248,221.60000000000002,put,0.19621923468769809
2027-12-17,1.3150684931506849,6550.0,8044.264025832043,0.9480956301076248,229.15,put,0.1936752776508354
2027-12-17,1.3150684931506849,6900.0,8044.264025832043,0.9480956301076248,288.95000000000005,put,0.17543789186468348
2027-12-17,1.3150684931506849,7000.0,8044.264025832043,0.9480956301076248,308.6,put,0.17007396421747026
2027-12-17,1.3150684931506849,7100.0,8044.264025832043,0.9480956301076248,329.4,put,0.16457325931179262
2027-12-17,1.3150684931506849,7150.0,8044.264025832043,0.9480956301076248,340.20000000000005,put,0.16174863941644294
2027-12-17,1.3150684931506849,7200.0,8044.264025832043,0.9480956301076248,351.45000000000005,put,0.15892451189275272
2027-12-17,1.3150684931506849,7250.0,8044.264025832043,0.9480956301076248,363.05,put,0.1560621014534526
2027-12-17,1.3150684931506849,7300.0,8044.264025832043,0.9480956301076248,374.95,put,0.1531392172113787
2027-12-17,1.3150684931506849,7350.0,8044.264025832043,0.9480956301076248,387.2,put,0.15016394694419566
2027-12-17,1.3150684931506849,7400.0,8044.264025832043,0.9480956301076248,399.70000000000005,put,0.14709861202533792
2027-12-17,1.3150684931506849,7450.0,8044.264025832043,0.9480956301076248,412.85,put,0.1440529346643174
2027-12-17,1.3150684931506849,7500.0,8044.264025832043,0.9480956301076248,426.25,put,0.14089849960772452
2027-12-17,1.3150684931506849,7600.0,8044.264025832043,0.9480956301076248,454.55,put,0.1344386958418977
2027-12-17,1.3150684931506849,7650.0,8044.264025832043,0.9480956301076248,469.1,put,0.1310065713714368
2027-12-17,1.3150684931506849,7750.0,8044.264025832043,0.9480956301076248,500.35,put,0.12404771819616461
2027-12-17,1.3150684931506849,7800.0,8044.264025832043,0.9480956301076248,516.6,put,0.12035303807673961
2027-12-17,1.3150684931506849,7850.0,8044.264025832043,0.9480956301076248,533.35,put,0.11650685020203252
2027-12-17,1.3150684931506849,7900.0,8044.264025832043,0.9480956301076248,550.9,put,0.1125664870085535
2027-12-17,1.3150684931506849,7950.0,8044.264025832043,0.9480956301076248,568.65,put,0.10831914066879648
2027-12-17,1.3150684931506849,8000.0,8044.264025832043,0.9480956301076248,587.3,put,0.10392340615136396
2028-06-16,1.8136986301369864,8225.0,8205.221941298505,0.9274483405943447,715.7,call,0.23454471569118815
2028-06-16,1.8136986301369864,8250.0,8205.221941298505,0.9274483405943447,702.5,call,0.23339778745644396
2028-06-16,1.8136986301369864,8300.0,8205.221941298505,0.9274483405943447,676.6500000000001,call,0.23116664708695067
2028-06-16,1.8136986301369864,8350.0,8205.221941298505,0.9274483405943447,651.2,call,0.22893574216666157
2028-06-16,1.8136986301369864,8400.0,8205.221941298505,0.9274483405943447,626.3499999999999,call,0.2267528248262084
2028-06-16,1.8136986301369864,8650.0,8205.221941298505,0.9274483405943447,510.05,call,0.2162505476671193
2028-06-16,1.8136986301369864,8850.0,8205.221941298505,0.9274483405943447,427.55,call,0.20853729703507254
2028-06-16,1.8136986301369864,8950.0,8205.221941298505,0.9274483405943447,389.8,call,0.20489701112941647
2028-06-16,1.8136986301369864,9200.0,8205.221941298505,0.9274483405943447,306.3,call,0.19663949109284998
2028-06-16,1.8136986301369864,9500.0,8205.221941298505,0.9274483405943447,225.45,call,0.18824150836724338
2028-06-16,1.8136986301369864,6700.0,8205.221941298505,0.9274483405943447,314.5,put,0.17597982799619788
2028-06-16,1.8136986301369864,6725.0,8205.221941298505,0.9274483405943447,319.05,put,0.1747888793587623
2028-06-16,1.8136986301369864,6750.0,8205.221941298505,0.9274483405943447,323.85,put,0.17365112760919152
2028-06-16,1.8136986301369864,6775.0,8205.221941298505,0.9274483405943447,328.5,put,0.1724464762993969
2028-06-16,1.8136986301369864,6800.0,8205.221941298505,0.9274483405943447,333.4,put,0.17129341943753076
2028-06-16,1.8136986301369864,7000.0,8205.221941298505,0.9274483405943447,374.15,put,0.16167287487280912
2028-06-16,1.8136986301369864,7175.0,8205.221941298505,0.9274483405943447,413.0,put,0.15283570535678712
2028-06-16,1.8136986301369864,7550.0,8205.221941298505,0.9274483405943447,508.2,put,0.13218985687421658
2028-06-16,1.8136986301369864,7700.0,8205.221941298505,0.9274483405943447,551.4000000000001,put,0.12294959350963207
2028-06-16,1.8136986301369864,7750.0,8205.221941298505,0.9274483405943447,566.5,put,0.11968492403348524
2028-06-16,1.8136986301369864,7775.0,8205.221941298505,0.9274483405943447,574.1500000000001,put,0.11800263575771064
2028-06-16,1.8136986301369864,7800.0,8205.221941298505,0.9274483405943447,582.05,put,0.11632921665639771
2028-06-16,1.8136986301369864,7850.0,8205.221941298505,0.9274483405943447,597.95,put,0.11284029133077328
2028-06-16,1.8136986301369864,8050.0,8205.221941298505,0.9274483405943447,665.9000000000001,put,0.09725234826908802
2028-12-15,2.3123287671232875,8400.0,8360.78459496998,0.9076589512006056,815.1500000000001,call,0.24420322526526694
2028-12-15,2.3123287671232875,8600.0,8360.78459496998,0.9076589512006056,716.65,call,0.23624959691980585
2028-12-15,2.3123287671232875,8700.0,8360.78459496998,0.9076589512006056,669.95,call,0.23239480138357407
2028-12-15,2.3123287671232875,8800.0,8360.78459496998,0.9076589512006056,625.05,call,0.22863454331817076
2028-12-15,2.3123287671232875,9300.0,8360.78459496998,0.9076589512006056,429.3,call,0.21151628038547474
2028-12-15,2.3123287671232875,7000.0,8360.78459496998,0.9076589512006056,429.65,put,0.15503589552985886
2028-12-15,2.3123287671232875,7200.0,8360.78459496998,0.9076589512006056,475.75,put,0.1456248542083064
2028-12-15,2.3123287671232875,7300.0,8360.78459496998,0.9076589512006056,500.2,put,0.14070269157641216
2028-12-15,2.3123287671232875,7350.0,8360.78459496998,0.9076589512006056,512.8,put,0.1381800768235945
2028-12-15,2.3123287671232875,7400.0,8360.78459496998,0.9076589512006056,525.65,put,0.1356105431930057
2028-12-15,2.3123287671232875,7500.0,8360.78459496998,0.9076589512006056,552.0999999999999,put,0.1303104945538249
2028-12-15,2.3123287671232875,7550.0,8360.78459496998,0.9076589512006056,565.7,put,0.12756849562931397
2028-12-15,2.3123287671232875,7600.0,8360.78459496998,0.9076589512006056,579.6,put,0.12476727223479978
2028-12-15,2.3123287671232875,7650.0,8360.78459496998,0.9076589512006056,593.75,put,0.12188815677534004
2028-12-15,2.3123287671232875,7850.0,8360.78459496998,0.9076589512006056,653.35,put,0.10950262873103295
2028-12-15,2.3123287671232875,7900.0,8360.78459496998,0.9076589512006056,669.0,put,0.10612311213938606
2028-12-15,2.3123287671232875,8000.0,8360.78459496998,0.9076589512006056,701.3,put,0.09891269796766718
